province,pop,cp,cr,pov_head,gdp_pc_pp,shewp,shewr,social_p,social_r,axfin_p,axfin_r,urbanization_rate,pi,rho,shareable,T_rebuild_K,income_elast,max_increased_spending,share1,finance_pre,prepare_scaleup,rating,borrow_abi,avg_prod_k,k,eff_prod_k_gar,protection,gdp_pc_pp_nat,tau_tax,macro_multiplier,dK,dKtot,delta_W,delta_W_tot,average_aid_cost_pc,axfin,c,dc,dc_npv_post,dc_npv_pre,dk,dw,fa,gamma_SP,help_fee,help_received,n,shew,social,v,v_shew,dWpc_currency,dWtot_currency,risk,resilience,risk_to_assets
Abra,51167,92.82897218628722,203.89142050304676,0.27193649999999997,173.68948702635626,0.02968233433951416,0.06316269830617667,0.17353081756401578,0.20345720788135574,0.0353108,0.22188520000000006,0.4437300000000001,0.2,0.06,0.8,3.0,1.5,0.05,0.14533744227769949,0.6666666666666666,0.7333333333333333,0.6,0.6333333333333333,0.27365718828027585,1904.0919931743128,0.17731872965773066,1,234.60257722888613,0.21858467824697989,1.2018342573076888,2.968717574928206,151900.3721563515,2.57194778979322e-05,1.315988525603497,0.0,0.5134464320232002,521.0684610790688,2.968717574928206,3.5679064818201227,3.5679064818201227,2.968717574928206,2.57194778979322e-05,0.014527685643126866,3.0,0.0,0.0,1.7956426904766885,0.10811633062071271,0.6373020333247934,1.413111605111328,1.4030844976030508,4.005858199794889,204967.74650890508,0.02306333139890629,0.7410940245164477,0.017092097085172016
Agusan del Norte,141357,82.34842550798723,234.81632362665314,0.2767785,192.61648748721595,0.05712460063897764,0.2491000860787229,0.14733560328849124,0.2265208726341895,0.0353108,0.22188520000000006,0.4437300000000001,0.2,0.06,0.8,3.0,1.5,0.05,0.11832981686458785,0.6666666666666666,0.7333333333333333,0.6,0.6333333333333333,0.27365718828027585,2815.4420309243374,0.17731872965773066,1,234.60257722888613,0.23713168275577798,1.2018342573076888,1.1122615077120785,157225.94994565626,8.969163339771054e-06,1.2678540222200165,0.0,0.6809816697184002,770.4659499488637,1.1122615077120785,1.3367539830530761,1.3367539830530761,1.1122615077120785,8.969163339771054e-06,0.007022981414362551,4.0,0.0,0.0,2.39278276426625,0.5878961975458151,0.8865145372222046,1.3607790359755654,1.323401786062213,1.6314181023894427,230612.36869946445,0.008469773920561814,0.6817758771237208,0.0057744875437306465
Agusan del Sur,141595,83.30408110359977,216.087522244498,0.37295759999999994,166.5649287168474,0.07623700505595637,0.1391886108170207,0.12644386776901576,0.11333413685486968,0.0353108,0.22188520000000006,0.4437300000000001,0.2,0.06,0.8,3.0,1.5,0.05,0.18652720232252248,0.6666666666666666,0.7333333333333333,0.6,0.6333333333333333,0.27365718828027585,1825.9881616512187,0.17731872965773066,1,234.60257722888613,0.13448785819978615,1.2018342573076888,0.6381983933518777,90365.7015066591,6.209040579491089e-06,0.8791691008530408,0.0,0.4569025786636802,499.6947861505421,0.6381983933518776,0.7670086920890139,0.7670086920890139,0.6381983933518777,6.209040579491089e-06,0.008324567021881479,3.0,0.0,0.0,1.5908512010059477,0.23142066203245595,0.4003607897661343,0.5673215037732984,0.5588448873642609,0.908182150021991,128594.05153236381,0.005452421209064114,0.702720696873886,0.0038315292316834907
Aklan,123269,79.44585903031265,211.61951034517918,0.2044606,184.5952062931508,0.07756705284875416,0.12851680008157856,0.18418347295253293,0.2395421529618196,0.0353108,0.22188520000000006,0.4437300000000001,0.2,0.06,0.8,3.0,1.5,0.05,0.08799550286835289,0.6666666666666666,0.7333333333333333,0.6,0.6333333333333333,0.27365718828027585,2698.1963448969004,0.17731872965773066,1,234.60257722888613,0.25521758726123794,1.2018342573076888,0.7716131313473225,95115.97908805309,6.192256322465033e-06,0.7633132446139421,0.0,0.7349523449254404,738.3808251726035,0.7716131313473225,0.9273510946416694,0.9273510946416694,0.7716131313473225,6.192256322465033e-06,0.005376166051170414,4.0,0.0,0.0,2.6925786620091237,0.35429875257752086,0.9863891706201952,1.2646607932027292,1.2426470514161607,1.056702387155176,130258.64656223138,0.00572443027299991,0.7302085627199513,0.004180028002037843
Albay,267030,76.58221031242061,224.00858474710728,0.33910619999999997,174.01538713278356,0.08152311956797828,0.17277507678010856,0.20180436413230068,0.21355415229826646,0.0353108,0.22188520000000006,0.4437300000000001,0.2,0.06,0.8,3.0,1.5,0.05,0.14923681609161135,0.6666666666666666,0.7333333333333333,0.6,0.6333333333333333,0.27365718828027585,2543.552949971253,0.17731872965773066,1,234.60257722888613,0.23120479438060665,1.2018342573076888,6.047216041971325,1614788.0996876028,6.073672004044965e-05,16.21852635240127,0.0,0.6344666567948802,696.0615485311342,6.047216041971325,7.267751400581748,7.267751400581748,6.047216041971325,6.073672004044965e-05,0.022357625531104437,4.0,0.0,0.0,2.1822062449618738,0.4254929169820214,0.9017255708094915,2.697004695902313,2.6428348931963233,9.486499529873837,2533179.969462211,0.05451529135544263,0.6374549456233144,0.03475104208662282
Antique,121378,73.00738257920132,204.4395375188618,0.23561100000000001,173.47267606137342,0.023393244282816982,0.1722569519292951,0.2431943617591732,0.3512885692024434,0.0353108,0.22188520000000006,0.4437300000000001,0.2,0.06,0.8,3.0,1.5,0.05,0.09915880014892076,0.6666666666666666,0.7333333333333333,0.6,0.6333333333333333,0.27365718828027585,2535.620235689993,0.17731872965773066,1,234.60257722888613,0.3609085479250696,1.2018342573076888,0.7697216963738157,93427.280062461,7.138076443457973e-06,0.8664054425540418,0.0,0.7117048761664003,693.8907042454939,0.7697216963738157,0.9250779032950394,0.9250779032950394,0.7697216963738157,7.138076443457973e-06,0.004410374998847199,4.0,0.0,0.0,2.5549358972000196,0.41154907472100233,1.3744520271867482,1.6635386705245916,1.6318763547585045,1.1096881389264044,134691.72692660912,0.00639690448156691,0.6936378513683154,0.004437135080002419
Apayao,24614,67.65457836874164,181.0193100789096,0.5469357,119.01609118569668,0.0,0.04779411764705882,0.0970280339888075,0.11781716855981995,0.0353108,0.22188520000000006,0.4437300000000001,0.2,0.06,0.8,3.0,1.5,0.05,0.3109050533392038,0.6666666666666666,0.7333333333333333,0.6,0.6333333333333333,0.27365718828027585,1304.7282835903661,0.17731872965773066,1,234.60257722888613,0.12774154918877045,1.2018342573076888,3.3995453645777234,83676.40960371609,5.7587645465531084e-05,1.4174623054885822,0.0,0.35952299980176017,357.04827355709006,3.3995453645777234,4.085690078421064,4.085690078421064,3.3995453645777234,5.7587645465531084e-05,0.02463808099206418,3.0,0.0,0.0,1.4888180116014083,0.0433076169117647,0.3552928460526631,1.434741288906293,1.4310647316185952,5.087576432752675,125225.60631577433,0.04274696288600762,0.6682052662034152,0.028563745714632233
Aurora,47135,67.26519313472515,202.1915723228324,0.27132540000000005,165.58261851906752,0.0,0.07072148139521342,0.08244081427735074,0.1351519451347849,0.0353108,0.22188520000000006,0.4437300000000001,0.2,0.06,0.8,3.0,1.5,0.05,0.11022144471797267,0.6666666666666666,0.7333333333333333,0.6,0.6333333333333333,0.27365718828027585,2420.2926231848905,0.17731872965773066,1,234.60257722888613,0.14947411814742156,1.2018342573076888,3.5710088368537347,168319.5015251008,3.9603702814748e-05,1.8667205321731468,0.0,0.6850513051609602,662.3304740762702,3.5710088368537347,4.291760753279301,4.291760753279301,3.5710088368537347,3.9603702814748e-05,0.03386879085216801,4.0,0.0,0.0,2.3807481732798825,0.15459884150119377,0.5519054363978529,1.1132318183472523,1.1060960764472454,5.741575232926287,270629.14860398055,0.03467498753358053,0.6219562910845482,0.021566326639788694
Basilan,52418,102.81856749049429,142.411081804131,0.3211191,129.69716924099885,0.0,0.042012083743150214,0.10088407543954113,0.09404484786987756,0.0353108,0.22188520000000006,0.4437300000000001,0.2,0.06,0.8,3.0,1.5,0.05,0.2545699805867445,0.6666666666666666,0.7333333333333333,0.6,0.6333333333333333,0.27365718828027585,1895.7611902109415,0.17731872965773066,1,234.60257722888613,0.11322480576091679,1.2018342573076888,0.03130522743229823,1640.9574115462083,3.9799976183738876e-07,0.020862351515992243,0.0,0.6478903863558401,518.7886769639956,0.03130522743229823,0.03762369476094443,0.03762369476094443,0.03130522743229823,3.9799976183738876e-07,0.0005854078695242083,4.0,0.0,0.0,2.2553022472533106,0.08556360366727554,0.44975325652255654,0.6595841382060074,0.6570618332953154,0.03999923633922411,2096.6799704294494,0.0003084048524212498,0.7826456277016383,0.00024137170930946017
Bataan,159358,109.54218999437886,289.07467826880884,0.0446542,281.05779863090487,0.0,0.16199209153847166,0.03139821189272194,0.2760261249819631,0.0353108,0.22188520000000006,0.4437300000000001,0.2,0.06,0.8,3.0,1.5,0.05,0.017403960624023496,0.6666666666666666,0.7333333333333333,0.6,0.6333333333333333,0.27365718828027585,4108.173447182384,0.17731872965773066,1,234.60257722888613,0.29363243706391595,1.2018342573076888,8.192103217929134,1305477.1846027507,3.411714548503484e-05,5.436840070204183,0.0,0.8542154777100802,1124.2311945236197,8.192103217929134,9.845550286707788,9.845550286707788,8.192103217929134,3.411714548503484e-05,0.011997745597000446,4.0,0.0,0.0,3.6385175506217555,0.4642753928534834,1.1458313926721826,3.9092772372389284,3.81858321241818,10.938034662390729,1743063.3277292617,0.038917385376503806,0.7489556826965278,0.029147396933423275
Batangas,546431,86.02898454395351,276.5634392311325,0.1474136,248.47606934165864,0.06250698315353008,0.1012385163561432,0.10102973003875744,0.25268893091866484,0.0353108,0.22188520000000006,0.4437300000000001,0.2,0.06,0.8,3.0,1.5,0.05,0.05103848571642853,0.6666666666666666,0.7333333333333333,0.6,0.6333333333333333,0.27365718828027585,3631.931920416765,0.17731872965773066,1,234.60257722888613,0.2661847474758458,1.2018342573076888,3.862312776410484,2110487.4327267567,2.071815586789059e-05,11.321042629047323,0.0,0.7775263841126403,993.9042773666342,3.862312776410484,4.641859807127292,4.641859807127292,3.862312776410484,2.071815586789059e-05,0.01364162619773502,4.0,0.0,0.0,2.97643124576482,0.2865868848396795,0.9990818469866026,1.8693874273084683,1.8431139805361565,5.521424647474305,3017077.591544032,0.022221152572573323,0.6995138072159044,0.015544003036766254
Benguet,182831,92.42916188244484,341.04516746384564,0.0280084,334.08183093311953,0.0,0.2003488830116482,0.11470136490769148,0.1885254434254563,0.0353108,0.22188520000000006,0.4437300000000001,0.2,0.06,0.8,3.0,1.5,0.05,0.007748978537496474,0.6666666666666666,0.7333333333333333,0.6,0.6333333333333333,0.27365718828027585,3662.4124478428575,0.17731872965773066,1,234.60257722888613,0.20999732612334718,1.2018342573076888,4.741670575221123,866924.3729382531,1.4562191370161275e-05,2.6624200103979563,0.0,0.6499786487251202,1002.245492799359,4.741670575221123,5.6987021341686,5.6987021341686,4.741670575221123,1.4562191370161275e-05,0.01735506299851371,3.0,0.0,0.0,2.802942286893913,0.3894748627134095,0.6243711121866102,0.99730688943577,0.9716216110271869,6.05032998691873,1106187.8818383384,0.018110323360057128,0.7837044566945889,0.014193141129456893
Biliran,35756,82.69809868773434,205.5642049632353,0.2088654,179.90172652956025,0.04204606320299946,0.1747737556561086,0.20887795644018836,0.2736680811790785,0.0353108,0.22188520000000006,0.4437300000000001,0.2,0.06,0.8,3.0,1.5,0.05,0.09601226066507462,0.6666666666666666,0.7333333333333333,0.6,0.6333333333333333,0.27365718828027585,2629.592559363834,0.17731872965773066,1,234.60257722888613,0.2878446118415024,1.2018342573076888,2.3692070488439136,84713.36723846298,2.1542019111843938e-05,0.7702564353630919,0.0,0.73166505325696,719.606906118241,2.3692070488439136,2.847394193955466,2.847394193955466,2.3692070488439136,2.1542019111843938e-05,0.013062115225647004,4.0,0.0,0.0,2.662261122335579,0.44115459924243877,1.1137091687634564,1.750400374008793,1.7159435359105326,3.5368165702043823,126462.41328422789,0.01965971443649951,0.669869924497386,0.013169451425218096
Bohol,272951,78.22296492720628,224.89207501477603,0.3057509,180.04786260330246,0.048025882211970516,0.15500591041499556,0.1380023750803216,0.3277312195827249,0.0353108,0.22188520000000006,0.4437300000000001,0.2,0.06,0.8,3.0,1.5,0.05,0.13283546708831112,0.6666666666666666,0.7333333333333333,0.6,0.6333333333333333,0.27365718828027585,2631.72860519052,0.17731872965773066,1,234.60257722888613,0.3222386501460504,1.2018342573076888,0.6069998338896739,165681.2116600204,5.311046654293942e-06,1.4496554953361855,0.0,0.6593596371321601,720.1914504132097,0.6069998338896739,0.7295131945486868,0.7295131945486868,0.6069998338896739,5.311046654293942e-06,0.006831937372558352,4.0,0.0,0.0,2.294973756309718,0.3668900115296858,1.144821782193836,0.8158139433116007,0.8016428997945637,0.8730421602291745,238297.7306767134,0.004848944872801623,0.6952697836841417,0.003371324852809112
Bukidnon,291073,78.06423230374295,209.47389468214402,0.4148774,154.95499561971516,0.06386220602848626,0.2130430442773012,0.08748279611687304,0.09708349291220753,0.0353108,0.22188520000000006,0.4437300000000001,0.2,0.06,0.8,3.0,1.5,0.05,0.2090096263218004,0.6666666666666666,0.7333333333333333,0.6,0.6333333333333333,0.27365718828027585,1698.7128669283752,0.17731872965773066,1,234.60257722888613,0.11336579030006436,1.2018342573076888,0.22527096242705116,65570.29484652907,2.4715994908197515e-06,0.7194158785913776,0.0,0.43343909406432013,464.86498685914535,0.2252709624270512,0.27073835982150335,0.27073835982150335,0.22527096242705116,2.4715994908197515e-06,0.004592545676175058,3.0,0.0,0.0,1.539058686538521,0.30230257194962457,0.3226450517691444,0.39794128088796527,0.39038559589300637,0.32438415097344114,94419.46797629244,0.0020934087970260265,0.6944573640575157,0.0014537831550775092
Bulacan,710908,101.5324967587854,293.50470803278813,0.0535976,283.2154582418087,0.0,0.15943847028485222,0.15132723732958844,0.1844508737315264,0.0353108,0.22188520000000006,0.4437300000000001,0.2,0.06,0.8,3.0,1.5,0.05,0.019214693230594774,0.6666666666666666,0.7333333333333333,0.6,0.6333333333333333,0.27365718828027585,4139.7115861870725,0.17731872965773066,1,234.60257722888613,0.20564443623331322,1.2018342573076888,8.526854393204879,6061809.002964495,3.4895706823035645e-05,24.80763714615062,0.0,0.8475410397542403,1132.8618329672345,8.526854393204879,10.24786571682819,10.24786571682819,8.526854393204879,3.4895706823035645e-05,0.02984854015147589,4.000000000000001,0.0,0.0,3.5398744911206745,0.45267885278973835,0.8154562092438636,1.6542798018796576,1.6180469319419666,11.31672285760859,8045148.813256808,0.03995799850708149,0.7534738192755162,0.030107305745736064
Cagayan,265428,84.3379001665134,213.96610821924494,0.1515935,194.31531446180324,0.03660809702512613,0.07915502839811538,0.09209980061998388,0.16505190490225702,0.0353108,0.22188520000000006,0.4437300000000001,0.2,0.06,0.8,3.0,1.5,0.05,0.0657955215949051,0.6666666666666666,0.7333333333333333,0.6,0.6333333333333333,0.27365718828027585,2840.273492290482,0.17731872965773066,1,234.60257722888613,0.1812129271531333,1.2018342573076888,11.535681188105745,3061892.7863965323,8.748901936666558e-05,23.222035432455314,0.0,0.7744069347744001,777.2612578472128,11.535681188105745,13.863976833245344,13.863976833245344,11.535681188105745,8.748901936666558e-05,0.04836285747736455,4.000000000000001,0.0,0.0,2.8982489318789257,0.21811557047107236,0.693412053804409,2.008153866604625,1.9868731125939156,16.124535236501615,4279903.138754151,0.08298128884571901,0.715411701417109,0.0593657850389004
Camarines Norte,122835,88.82260132018152,189.4534566609824,0.21706430000000002,167.61009048803024,0.03236695045568766,0.12888366676371502,0.18779738410323188,0.18591028482148728,0.0353108,0.22188520000000006,0.4437300000000001,0.2,0.06,0.8,3.0,1.5,0.05,0.11503016151119592,0.6666666666666666,0.7333333333333333,0.6,0.6333333333333333,0.27365718828027585,2449.927831844364,0.17731872965773066,1,234.60257722888613,0.20616970982006852,1.2018342573076888,7.547563840786321,927105.0043829879,7.336955811274959e-05,9.012349670779596,0.0,0.7255462338643202,670.440361952121,7.547563840786321,9.070920783073795,9.070920783073795,7.547563840786321,7.336955811274959e-05,0.025404637718092083,4.0,0.0,0.0,2.605606697748258,0.32379999990004343,0.8178342502108705,2.962999953396944,2.918162106682205,10.832764870000833,1330642.6728065524,0.06463074411844225,0.6967347608261841,0.045030486045381166
Camarines Sur,383327,92.94640543029585,215.63893477588044,0.3172596,176.713551992712,0.035744239972371604,0.12151861008050804,0.17901383863276674,0.2294120851389761,0.0353108,0.22188520000000006,0.4437300000000001,0.2,0.06,0.8,3.0,1.5,0.05,0.16686971132508066,0.6666666666666666,0.7333333333333333,0.6,0.6333333333333333,0.27365718828027585,2582.991561131213,0.17731872965773066,1,234.60257722888613,0.24007730266632976,1.2018342573076888,3.2020184488174372,1227420.1259298415,2.923070461592137e-05,11.20491830830729,0.0,0.6507707219430403,706.854207970848,3.2020184488174372,3.848295464320022,3.848295464320022,3.2020184488174372,2.923070461592137e-05,0.012030864381599941,4.0,0.0,0.0,2.254116699195324,0.28291760318924625,0.9187681026411632,2.5169846649837093,2.4837254026727296,4.672154298359643,1790962.8907273067,0.02643913975851909,0.6853409036473049,0.01811982393376086
Camiguin,18995,96.20523191380195,219.27628020358958,0.41041049999999996,168.76662973945372,0.0,0.05991606393427985,0.13798056528896288,0.2032505166190428,0.0353108,0.22188520000000006,0.4437300000000001,0.2,0.06,0.8,3.0,1.5,0.05,0.2339540547400589,0.6666666666666666,0.7333333333333333,0.6,0.6333333333333333,0.27365718828027585,2466.8327669376677,0.17731872965773066,1,234.60257722888613,0.20580388311361492,1.2018342573076888,0.2801974018024799,5322.349647238107,2.474538918881133e-06,0.04700386676414711,0.0,0.5812524288352002,675.0665189578149,0.28019740180247993,0.3367508362948275,0.3367508362948275,0.2801974018024799,2.474538918881133e-06,0.004857624428752803,4.0,0.0,0.0,2.060116911272853,0.10597764653094027,0.7639774159182762,0.5432466249328501,0.5404361415512904,0.36914524600513754,7011.913947867588,0.002187311831580885,0.7590437770356122,0.0016602654341978378
Capiz,166428,85.33278461621302,248.3915829369223,0.22317670000000003,212.0006584217409,0.0,0.08277062304211626,0.12458610950924613,0.30602262850808715,0.0353108,0.22188520000000006,0.4437300000000001,0.2,0.06,0.8,3.0,1.5,0.05,0.08983127417732671,0.6666666666666666,0.7333333333333333,0.6,0.6333333333333333,0.27365718828027585,3098.777119709537,0.17731872965773066,1,234.60257722888613,0.3102364532160354,1.2018342573076888,0.9317442179844895,155068.32671072264,6.267853878989699e-06,1.0431463853724974,0.0,0.7209845644140802,848.0026336869637,0.9317442179844895,1.1198021202221222,1.1198021202221222,0.9317442179844895,6.267853878989699e-06,0.00991586942899256,4.0,0.0,0.0,2.59942418849724,0.1928944456038984,1.1342193561951621,0.7294227041004739,0.7229425786873498,1.3164302455318018,219090.8529033667,0.006209557344453985,0.7077809258386419,0.00439500624630578
Catanduanes,51389,73.4070479201092,198.75256459662137,0.27084949999999997,164.80279407754642,0.274732380199727,0.29601558538603184,0.21419689617654056,0.190961913515614,0.0353108,0.22188520000000006,0.4437300000000001,0.2,0.06,0.8,3.0,1.5,0.05,0.12064274963859055,0.6666666666666666,0.7333333333333333,0.6,0.6333333333333333,0.27365718828027585,2408.8940636013212,0.17731872965773066,1,234.60257722888613,0.2137026808488161,1.2018342573076888,8.463401680278524,434925.7489478332,8.490102592846862e-05,4.362978821438074,0.0,0.6854064681888002,659.2111763101859,8.463401680278524,10.171606072714187,10.171606072714187,8.463401680278524,8.490102592846862e-05,0.024137337642310602,4.0,0.0,0.0,2.3909350038645605,0.8707531197087717,0.8575610346262185,3.5955864536844473,3.43935814936739,12.221737288896563,628062.8575391055,0.0741597699074552,0.6924876128672408,0.05135472203399749
Cavite,782511,98.877564679978,310.5756049173212,0.0255369,305.16949323358415,0.0,0.2527916971026676,0.1010196233141053,0.19710243809770311,0.0353108,0.22188520000000006,0.4437300000000001,0.2,0.06,0.8,3.0,1.5,0.05,0.008274177260383667,0.6666666666666666,0.7333333333333333,0.6,0.6333333333333333,0.27365718828027585,4460.609935391631,0.17731872965773066,1,234.60257722888613,0.21834157689072206,1.2018342573076888,7.57443069829467,5927075.340153261,2.7317098501037774e-05,21.375930065145567,0.0,0.8684826728185603,1220.6779729343366,7.57443069829467,9.103210292813536,9.103210292813536,7.57443069829467,2.7317098501037774e-05,0.01555629909738061,4.0,0.0,0.0,3.771795621035521,0.7390085424387793,0.8654433907412793,2.616706610660845,2.5207101442492394,9.908759447037031,7753713.263660395,0.03246969198016338,0.764417658817988,0.024820405926017693
Cebu,983408,81.29791925777063,261.91609483508523,0.18873399999999999,227.82730408567636,0.06413150649504587,0.1856228205854556,0.13361732101702944,0.2043417900664045,0.0353108,0.22188520000000006,0.4437300000000001,0.2,0.06,0.8,3.0,1.5,0.05,0.06734786049799353,0.6666666666666666,0.7333333333333333,0.6,0.6333333333333333,0.27365718828027585,3330.1124741856056,0.17731872965773066,1,234.60257722888613,0.22051062972470287,1.2018342573076888,5.898815811589056,5800942.659643171,3.609285198478828e-05,35.493999384656675,0.0,0.7466890687616002,911.3092163427056,5.898815811589058,7.089398919915987,7.089398919915987,5.898815811589056,3.609285198478828e-05,0.03966856295205674,4.0,0.0,0.0,2.7183830846680577,0.48807983673574845,0.8386436193755189,1.099607420018397,1.0738740594950011,8.445063583007652,8304943.08803839,0.037067829147606535,0.6984927648689454,0.02589161046900137
Compostela Valley,159581,84.0196542266187,224.18854450399,0.30660429999999994,181.21216001871971,0.18294228253760628,0.14251760006506828,0.0921873481184648,0.09595660839353884,0.0353108,0.22188520000000006,0.4437300000000001,0.2,0.06,0.8,3.0,1.5,0.05,0.14215816017939029,0.6666666666666666,0.7333333333333333,0.6,0.6333333333333333,0.27365718828027585,2648.7469400310397,0.17731872965773066,1,234.60257722888613,0.11495698994353969,1.2018342573076888,0.5282905758979305,84305.13839236766,4.491623417202669e-06,0.7167777565406189,0.0,0.6587227467603199,724.848640074879,0.5282905758979305,0.6349177119269407,0.6349177119269407,0.5282905758979305,4.491623417202669e-06,0.007351768061812313,4.0,0.0,0.0,2.293670237229775,0.4647359446118491,0.4450760226175598,0.649052255765916,0.6337543826330178,0.7455168335515459,118970.32181498923,0.00411405522385767,0.7086232692845076,0.002915315262747029
Cotabato,293837,68.46911614950207,215.79078875220554,0.44835590000000003,149.73824764291507,0.0479338717512752,0.13783360272434514,0.1303305820844122,0.12634736347654565,0.0353108,0.22188520000000006,0.4437300000000001,0.2,0.06,0.8,3.0,1.5,0.05,0.2050146350491704,0.6666666666666666,0.7333333333333333,0.6,0.6333333333333333,0.27365718828027585,1641.523636750466,0.17731872965773066,1,234.60257722888613,0.14552745333320669,1.2018342573076888,0.223637608904077,65713.00408754726,2.8564879623968348e-06,0.8393418534067986,0.0,0.41470040091312016,449.2147429287454,0.223637608904077,0.26877533960329875,0.26877533960329875,0.223637608904077,2.8564879623968348e-06,0.003909647600668203,3.0,0.0,0.0,1.5123198481122349,0.19505305586831298,0.42586982921242933,0.4980106391659548,0.4921352309220519,0.35612678137852516,104643.2250599217,0.0023783287635887828,0.6279718925894928,0.0014935236148708763
Davao del Sur,570933,76.83857947484817,249.41700390384807,0.1995817,214.9735085729868,0.03666584757959771,0.1589789599220981,0.09929851321684964,0.17256739566359452,0.0353108,0.22188520000000006,0.4437300000000001,0.2,0.06,0.8,3.0,1.5,0.05,0.07133704249874419,0.6666666666666666,0.7333333333333333,0.6,0.6333333333333333,0.27365718828027585,3142.2307584745618,0.17731872965773066,1,234.60257722888613,0.1881981636924578,1.2018342573076888,0.5977406905298783,341269.88566629513,4.1772505282230135e-06,2.38493017582995,0.0,0.7385934562860805,859.8940342919472,0.5977406905298783,0.7183852388655616,0.7183852388655616,0.5977406905298783,4.1772505282230135e-06,0.007792553261847123,4.000000000000001,0.0,0.0,2.7135594749920644,0.40370250308547273,0.7056364158197002,0.6018109345747297,0.590671594438298,0.8958618293012182,511477.0817884324,0.004167312685400301,0.6672241979503942,0.0027805318641247194
Davao Oriental,120320,78.41508870985494,178.70289946588332,0.37757090000000004,140.8371404997,0.07959673336415066,0.17575110161570304,0.14473750289967358,0.1740724323477431,0.0353108,0.22188520000000006,0.4437300000000001,0.2,0.06,0.8,3.0,1.5,0.05,0.21022335097624933,0.6666666666666666,0.7333333333333333,0.6,0.6333333333333333,0.27365718828027585,2058.5922319052193,0.17731872965773066,1,234.60257722888613,0.18617183562107975,1.2018342573076888,0.433777173075586,52192.06946445452,5.390609771445958e-06,0.6485981677003775,0.0,0.6057605435001601,563.3485619988003,0.43377717307558605,0.5213282666403257,0.5213282666403257,0.433777173075586,5.390609771445958e-06,0.007523162426193307,4.0,0.0,0.0,2.1139020556603074,0.41833803076809906,0.7125617208884121,0.6799157973918218,0.6665019102557881,0.6130371594658014,73760.63102692523,0.004352808906022252,0.7075870791479884,0.0030799913399016357
Eastern Samar,94156,72.19684222728928,196.978667667453,0.5542831,127.81421063882019,0.04882254881296825,0.1419686896847523,0.167961300839374,0.27430510965246396,0.0353108,0.22188520000000006,0.4437300000000001,0.2,0.06,0.8,3.0,1.5,0.05,0.3130910821257191,0.6666666666666666,0.7333333333333333,0.6,0.6333333333333333,0.27365718828027585,1868.2383085499612,0.17731872965773066,1,234.60257722888613,0.2573568533945074,1.2018342573076888,6.311702018816873,594284.6152837214,0.00010038395084630171,9.451751275884384,0.0,0.47388065274944025,511.25684255528074,6.311702018816874,7.585619708132216,7.585619708132216,6.311702018816873,0.00010038395084630171,0.03706841412688952,4.0,0.0,0.0,1.9862500842987667,0.27101807390790944,0.9088301998258927,2.2886700209640387,2.2604256816574066,9.869749867000394,929296.168477289,0.07721950335311713,0.6394996939000561,0.04938184875743276
Guimaras,37452,92.16500914105595,248.17696939595592,0.1694163,221.7460003338237,0.0,0.033529430674767734,0.1418866483216505,0.2766414798310448,0.0353108,0.22188520000000006,0.4437300000000001,0.2,0.06,0.8,3.0,1.5,0.05,0.07041504610968255,0.6666666666666666,0.7333333333333333,0.6,0.6333333333333333,0.27365718828027585,2430.9173282893767,0.17731872965773066,1,234.60257722888613,0.2880274676589198,1.2018342573076888,0.45335638767994246,16979.1034313892,2.818913516828098e-06,0.10557394903224593,0.0,0.5708293664318401,665.238001001471,0.45335638767994235,0.5448592374830201,0.5448592374830201,0.45335638767994246,2.818913516828098e-06,0.005057021805768513,3.0,0.0,0.0,2.149330260221163,0.05569799717748416,0.818518381251984,0.4986060674235408,0.4969234353514165,0.6333424643868303,23719.941976215567,0.002856161840273898,0.7158155550470768,0.0020444850729999407
Ifugao,41494,79.30760642140469,316.21209226190473,0.3603031,230.8546716096665,0.1119732441471572,0.1259418324291742,0.127762997552135,0.07848106893964787,0.0353108,0.22188520000000006,0.4437300000000001,0.2,0.06,0.8,3.0,1.5,0.05,0.12377820317852087,0.6666666666666666,0.7333333333333333,0.6,0.6333333333333333,0.27365718828027585,2530.7722380005057,0.17731872965773066,1,234.60257722888613,0.10446023311336261,1.2018342573076888,3.7964810092252,157531.18299679045,2.3271916506165182e-05,0.9656449035068181,0.0,0.46398559589808014,692.5640148289995,3.7964810092252,4.562740934104914,4.562740934104914,3.7964810092252,2.3271916506165182e-05,0.025663946487913033,3.0,0.0,0.0,1.5944441486474616,0.2418178135370796,0.33511106136792507,0.776342183813979,0.7638398715537711,5.554095591819882,230461.6424869742,0.024058839932036783,0.6835462131434483,0.01644532892816812
Ilocos Norte,133798,80.62314334136117,270.862299925767,0.08379299999999999,254.92159027808995,0.0,0.17021380733683014,0.22191834816764774,0.3255040139593034,0.0353108,0.22188520000000006,0.4437300000000001,0.2,0.06,0.8,3.0,1.5,0.05,0.026500913644203462,0.6666666666666666,0.7333333333333333,0.6,0.6333333333333333,0.27365718828027585,3726.144990088882,0.17731872965773066,1,234.60257722888613,0.3444529799691195,1.2018342573076888,9.275433461847523,1241034.4463282751,4.4484203753437465e-05,5.951897493802425,0.0,0.8250062852032003,1019.6863611123599,9.275433461847523,11.147533685826403,11.147533685826403,9.275433461847523,4.4484203753437465e-05,0.024502023654835458,4.0,0.0,0.0,3.3463733811731373,0.4678532453359654,1.3497976695828124,2.403111645959785,2.34747197059859,12.319379529762855,1648308.3423232106,0.04832615203884394,0.7529140115732819,0.03638543699546633
Ilocos Sur,152112,75.82216159149671,255.51006569532186,0.137304,230.83819771025023,0.0,0.10577853642924093,0.11524664621805784,0.2510494156213512,0.0353108,0.22188520000000006,0.4437300000000001,0.2,0.06,0.8,3.0,1.5,0.05,0.04509949470419289,0.6666666666666666,0.7333333333333333,0.6,0.6333333333333333,0.27365718828027585,3374.1221878495508,0.17731872965773066,1,234.60257722888613,0.26627185822535887,1.2018342573076888,4.712959350463578,716897.6727177157,2.8228059187786967e-05,4.293826539172652,0.0,0.7850711543296001,923.352790841001,4.712959350463578,5.66419600068572,5.66419600068572,4.712959350463578,2.8228059187786967e-05,0.017699445110414963,4.0,0.0,0.0,3.026869091889343,0.27376416079008126,1.008119724117766,1.8918900724580212,1.867337101633136,6.736211774791199,1024658.6454870389,0.02918152992706407,0.6996453656787928,0.020416722176887375
Iloilo,494012,81.11439258093351,289.50620427116144,0.2083429,246.08924988736538,0.015234541992149547,0.15150042957083829,0.1428375088969309,0.2712553530188997,0.0353108,0.22188520000000006,0.4437300000000001,0.2,0.06,0.8,3.0,1.5,0.05,0.06867267785888692,0.6666666666666666,0.7333333333333333,0.6,0.6333333333333333,0.27365718828027585,3597.04419144034,0.17731872965773066,1,234.60257722888613,0.2833438194113874,1.2018342573076888,2.2361019117799765,1104661.1776422497,1.2539738036111395e-05,6.194781066695462,0.0,0.7320549937529601,984.3569995494615,2.2361019117799765,2.6874238804083914,2.6874238804083914,2.2361019117799765,1.2539738036111395e-05,0.015242934080802706,4.000000000000001,0.0,0.0,2.6610914925129294,0.36933119814486093,1.0512071272264192,0.9959747362320595,0.9788193200270787,3.293825722745163,1627189.4329447835,0.013384679437451011,0.6788768137727546,0.009086548529866447
Isabela,357627,87.82874981646258,211.37736001533563,0.1904398,187.8487873987843,0.01604851261269198,0.06234780896722517,0.10562873671941532,0.15479544905348422,0.0353108,0.22188520000000006,0.4437300000000001,0.2,0.06,0.8,3.0,1.5,0.05,0.08904017843772044,0.6666666666666666,0.7333333333333333,0.6,0.6333333333333333,0.27365718828027585,2745.7533796830835,0.17731872965773066,1,234.60257722888613,0.1709448944272716,1.2018342573076888,7.628271080855389,2728075.7018330703,5.951938068022813e-05,21.285737554527945,0.0,0.7454160343155203,751.3951495951374,7.628271080855389,9.167917509001555,9.167917509001555,7.628271080855389,5.951938068022813e-05,0.04525339969253648,3.9999999999999996,0.0,0.0,2.7035644109610586,0.16059174068798143,0.6562702041912583,1.4568245242948439,1.445552131424902,10.426632311523674,3728845.233673277,0.055505454445063676,0.7316140871702655,0.04060857238679602
Kalinga,40658,80.65555800518746,225.65040645201398,0.20861720000000006,195.4019871546126,0.2225890120254657,0.21525360517155645,0.1239125447388509,0.11519985986340482,0.0353108,0.22188520000000006,0.4437300000000001,0.2,0.06,0.8,3.0,1.5,0.05,0.086110366227576,0.6666666666666666,0.7333333333333333,0.6,0.6333333333333333,0.27365718828027585,2142.117899945145,0.17731872965773066,1,234.60257722888613,0.13653203335758587,1.2018342573076888,4.685856327233401,190517.54655265558,3.466099118124476e-05,1.4092465794470495,0.0,0.5488877132409601,586.2059614638378,4.6858563272334,5.631622658891086,5.631622658891086,4.685856327233401,3.466099118124476e-05,0.03302063694475537,3.0,0.0,0.0,1.9664644940507328,0.4335677944205596,0.40594119868390416,0.9113503324122729,0.8849779564554181,6.441804629049503,261910.89260789467,0.032966935100574996,0.7274136048930135,0.02398059710378328
La Union,172794,70.32231853165321,236.0420855914361,0.1533975,210.62108762388297,0.0,0.10158727988625177,0.11414159411796382,0.26516174272629905,0.0353108,0.22188520000000006,0.4437300000000001,0.2,0.06,0.8,3.0,1.5,0.05,0.05121646639781224,0.6666666666666666,0.7333333333333333,0.6,0.6333333333333333,0.27365718828027585,3078.612170905853,0.17731872965773066,1,234.60257722888613,0.2786599762108784,1.2018342573076888,3.0530210688045676,527543.7225630166,2.1415542283207804e-05,3.700477213284609,0.0,0.7730606139040003,842.4843504955319,3.0530210688045676,3.6692253087714652,3.6692253087714652,3.0530210688045676,2.1415542283207804e-05,0.008878080932040816,4.0,0.0,0.0,2.949495151051117,0.25801213535970136,1.0452885793110074,2.6572006248729645,2.624549963309985,4.454049407371126,769633.0132972862,0.021147214923345915,0.6854484065111719,0.01449532477135673
Laguna,679210,97.44907819414816,301.5304930912425,0.0462429,292.09317663029765,0.0837657996115763,0.2717269655341687,0.0882581230781723,0.18508136534855105,0.0353108,0.22188520000000006,0.4437300000000001,0.2,0.06,0.8,3.0,1.5,0.05,0.015427707110487672,0.6666666666666666,0.7333333333333333,0.6,0.6333333333333333,0.27365718828027585,3202.106750411467,0.17731872965773066,1,234.60257722888613,0.20548828320556434,1.2018342573076888,9.973254812488118,6773934.401190054,3.989287185771366e-05,27.095637494477693,0.0,0.63977237603472,876.2795298908932,9.973254812488115,11.986199290506988,11.986199290506988,9.973254812488118,3.989287185771366e-05,0.014553485096052202,3.0,0.0,0.0,2.711165577062709,0.5260701922690536,0.6057891711191703,2.8749748392166756,2.7742557276259427,13.550350509068172,9203533.569264194,0.04639050684233837,0.7360145264001703,0.03414408692302753
Lanao del Norte,201860,66.6821074725012,275.19510622568095,0.41434659999999995,188.79845413649664,0.03862984218077475,0.2714599898494333,0.14271056200380192,0.2519750260567951,0.0353108,0.22188520000000006,0.4437300000000001,0.2,0.06,0.8,3.0,1.5,0.05,0.14634391281662726,0.6666666666666666,0.7333333333333333,0.6,0.6333333333333333,0.27365718828027585,2759.634494864895,0.17731872965773066,1,234.60257722888613,0.25544295408272694,1.2018342573076888,0.49236497643140276,99388.79414244296,4.467044824466815e-06,0.9017176682668713,0.0,0.5783149268518399,755.1938165459868,0.49236497643140276,0.5917410957737526,0.5917410957737526,0.49236497643140276,4.467044824466815e-06,0.006233487787769967,4.0,0.0,0.0,2.0537925113129374,0.5249628293562802,0.884638160187645,0.7051172758055554,0.6880203032722105,0.7884806965308334,159162.71340171402,0.004176309070628202,0.6244477240821696,0.0026078866942175014
Lanao del Sur,149982,89.66469527272007,212.89135170079123,0.6730543999999999,129.95310839458963,0.02053573197551166,0.12641732604617015,0.07863857802045364,0.09237999703560196,0.0353108,0.22188520000000006,0.4437300000000001,0.2,0.06,0.8,3.0,1.5,0.05,0.4643922598197425,0.6666666666666666,0.7333333333333333,0.6,0.6333333333333333,0.27365718828027585,1899.5022087487575,0.17731872965773066,1,234.60257722888613,0.099522737681976,1.2018342573076888,0.23180214963685675,34766.15000683506,3.0396091790313585e-06,0.4558866638894812,0.0,0.38524191661056,519.8124335783587,0.23180214963685677,0.2785877643511375,0.2785877643511375,0.23180214963685675,3.0396091790313585e-06,0.0056236743576634825,4.0,0.0,0.0,2.2346679137954935,0.16545975983369862,0.37104928968190687,0.502573208346462,0.4984968578039623,0.30638737792257775,45952.59171558406,0.002357676408880218,0.756565597475206,0.00178373686093766
Leyte,408401,75.6982171150593,242.29813105080532,0.3140853,189.97154710232235,0.067847481543271,0.20187914096413068,0.15857161151260998,0.2095507574028785,0.0353108,0.22188520000000006,0.4437300000000001,0.2,0.06,0.8,3.0,1.5,0.05,0.12515399066178304,0.6666666666666666,0.7333333333333333,0.6,0.6333333333333333,0.27365718828027585,2776.781392751228,0.17731872965773066,1,234.60257722888613,0.22302398078264937,1.2018342573076888,2.713522329390342,1108205.2328453453,2.3649074260901732e-05,9.658305577226526,0.0,0.6531396944147201,759.8861884092893,2.7135223293903423,3.261204093430672,3.261204093430672,2.713522329390342,2.3649074260901732e-05,0.015636752127341266,4.0,0.0,0.0,2.260355789698098,0.4793453010162964,0.8394697977302308,1.5746871850156028,1.5394825597224242,4.213278125827323,1720706.9998660043,0.022178469302868653,0.6440406373261942,0.01428383550473896
Maguindanao,161059,84.93135318906607,136.020116586358,0.5451403,108.16957278132925,0.08258542141230069,0.06900176087579682,0.08404659088464612,0.13895128289561892,0.0353108,0.22188520000000006,0.4437300000000001,0.2,0.06,0.8,3.0,1.5,0.05,0.4280270520295983,0.6666666666666666,0.7333333333333333,0.6,0.6333333333333333,0.27365718828027585,1581.0960196016265,0.17731872965773066,1,234.60257722888613,0.12965322038995014,1.2018342573076888,0.4562320653317443,73480.28021026541,7.742591320586947e-06,1.2470140155024132,0.0,0.48070390244672,432.6782911253172,0.4562320653317443,0.5483153253979299,0.5483153253979299,0.4562320653317443,7.742591320586947e-06,0.007130717812259077,4.0,0.0,0.0,2.010821169927881,0.22922028496729413,0.4841524807300706,0.9411546451859945,0.9302899762189852,0.5926756808791607,95455.75248671674,0.005479134895700173,0.7697836777358248,0.004217748610822774
Marinduque,53412,79.78056964608021,206.29932705500502,0.23857609999999999,176.11497533553765,0.1568704386722122,0.13172195037989626,0.1542804147866543,0.23723002052799766,0.0353108,0.22188520000000006,0.4437300000000001,0.2,0.06,0.8,3.0,1.5,0.05,0.1080756314201944,0.6666666666666666,0.7333333333333333,0.6,0.6333333333333333,0.27365718828027585,2574.242269202345,0.17731872965773066,1,234.60257722888613,0.2484372949027613,1.2018342573076888,1.7369848272238761,92775.83359168169,1.5501143189417273e-05,0.8279470600331554,0.0,0.7094920291526401,704.4599013421505,1.7369848272238761,2.087567869781331,2.087567869781331,1.7369848272238761,1.5501143189417273e-05,0.008866610652613637,4.0,0.0,0.0,2.536732412082027,0.4131653359127181,0.9407101112900252,1.8490330276804852,1.8104400976832644,2.4650817530861246,131664.94659583608,0.013997002517188576,0.7046357894821469,0.009862788919082769
Masbate,179704,83.88989665720203,165.61549354868916,0.405685,132.4606447737662,0.15349162585901815,0.1527996254681648,0.17714824964871265,0.14261762578512702,0.0353108,0.22188520000000006,0.4437300000000001,0.2,0.06,0.8,3.0,1.5,0.05,0.2569281825821009,0.6666666666666666,0.7333333333333333,0.6,0.6333333333333333,0.27365718828027585,1936.1544362299287,0.17731872965773066,1,234.60257722888613,0.16888441406698954,1.2018342573076888,1.6905872798440207,303805.29653708986,2.276294797530463e-05,4.090592802954143,0.0,0.5847790581440003,529.8425790950649,1.6905872798440207,2.031805707885164,2.031805707885164,1.6905872798440207,2.276294797530463e-05,0.021195920545669506,4.0,0.0,0.0,2.050019025952462,0.4592410789401845,0.6849826335233028,1.0314688696172818,1.0077737625458765,2.361195352784223,424316.249676736,0.017825636866081882,0.7159878905616811,0.012762940137664503
Misamis Occidental,131488,74.97652820628308,171.92244757300512,0.3377106999999999,139.18277328152584,0.10746537552077468,0.09683864818621317,0.12295992367972194,0.18078810659626796,0.0353108,0.22188520000000006,0.4437300000000001,0.2,0.06,0.8,3.0,1.5,0.05,0.18192176536745625,0.6666666666666666,0.7333333333333333,0.6,0.6333333333333333,0.27365718828027585,2034.4106311430312,0.17731872965773066,1,234.60257722888613,0.18906222705006034,1.2018342573076888,0.2867880449376442,37709.186452760965,3.658314346809492e-06,0.4810244368332865,0.0,0.6355081150956803,556.7310931261034,0.2867880449376442,0.3446716969923577,0.3446716969923577,0.2867880449376442,3.658314346809492e-06,0.004833194486227748,4.0,0.0,0.0,2.2066600695026515,0.3012822231392312,0.7085864533647406,0.7103246871432404,0.699521453352308,0.4087261400846639,53742.58270745229,0.0029366144275479486,0.7016630863840484,0.002060513942753219
Misamis Oriental,332788,79.70204754932061,279.38905941880984,0.1908518,241.2784337668964,0.01550863602727001,0.15906044007055986,0.139525012787014,0.1599408089103435,0.0353108,0.22188520000000006,0.4437300000000001,0.2,0.06,0.8,3.0,1.5,0.05,0.06304450423103014,0.6666666666666666,0.7333333333333333,0.6,0.6333333333333333,0.27365718828027585,3526.725320582954,0.17731872965773066,1,234.60257722888613,0.1796659761102463,1.2018342573076888,0.5840310830843007,194358.5360774583,3.2209170808561225e-06,1.0718825535039473,0.0,0.7451085597043202,965.1137350675857,0.5840310830843007,0.7019085629832257,0.7019085629832257,0.5840310830843007,3.2209170808561225e-06,0.006160119118912103,4.0,0.0,0.0,2.7577385009440483,0.39498995962695216,0.6986885258575244,0.6467867960695362,0.6345410335481664,0.8213540862463803,273336.7836537604,0.0034041753066082394,0.7110588391339784,0.0024205689417254096
Mountain Province,34301,103.57907500521593,199.78927397426563,0.27947690000000003,172.90074581801244,0.0566451074483622,0.10965444687221818,0.10466988781377896,0.14966559843120392,0.0353108,0.22188520000000006,0.4437300000000001,0.2,0.06,0.8,3.0,1.5,0.05,0.16742529738879525,0.6666666666666666,0.7333333333333333,0.6,0.6333333333333333,0.27365718828027585,1895.4453223526862,0.17731872965773066,1,234.60257722888613,0.16119697075934775,1.2018342573076888,1.7996958699733463,61731.36803595574,1.4967593657117335e-05,0.5134034300327817,0.0,0.5092258952059202,518.7022374540376,1.7996958699733465,2.1629361492691315,2.1629361492691315,1.7996958699733463,1.4967593657117335e-05,0.03903349659629395,3.000000000000001,0.0,0.0,1.7501402992860162,0.18967912203798232,0.46219359966423884,0.32324788907962865,0.3192243844391218,2.3153699784523405,79419.50563089373,0.013391324412732117,0.7772821997011098,0.010408838096439593
Negros Occidental,661738,74.8561867787849,206.71811029719547,0.24908110000000003,173.87379733911393,0.08307548566366957,0.1939156228869498,0.1282870148860177,0.23585832222813424,0.0353108,0.22188520000000006,0.4437300000000001,0.2,0.06,0.8,3.0,1.5,0.05,0.10723445182657687,0.6666666666666666,0.7333333333333333,0.6,0.6333333333333333,0.27365718828027585,2541.4833563375623,0.17731872965773066,1,234.60257722888613,0.24451077170214694,1.2018342573076888,1.1661302055935652,771672.6699890746,1.0684262319458386e-05,7.070182378753753,0.0,0.7016521728646404,695.4951893564559,1.1661302055935652,1.4014952295636047,1.4014952295636047,1.1661302055935652,1.0684262319458386e-05,0.016691661059558285,4.0,0.0,0.0,2.483146619555426,0.49892231874967274,0.9064225879541512,0.6796667461237667,0.663532691349039,1.6667436736541967,1102947.6251165809,0.009585939337388895,0.69964579678705,0.006706762165659779
Negros Oriental,298807,63.80098416808182,254.9196265090453,0.43947179999999997,170.92837274590588,0.07808585331678305,0.15837363424682072,0.1594269982178859,0.2518601877874853,0.0353108,0.22188520000000006,0.4437300000000001,0.2,0.06,0.8,3.0,1.5,0.05,0.16403791192583042,0.6666666666666666,0.7333333333333333,0.6,0.6333333333333333,0.27365718828027585,2498.4305922319636,0.17731872965773066,1,234.60257722888613,0.25582563287836224,1.2018342573076888,0.20783049638273138,62101.207132634816,2.283021833137912e-06,0.6821829048944402,0.0,0.5595640503923203,683.7134909836236,0.20783049638273132,0.2497778102660283,0.2497778102660283,0.20783049638273138,2.283021833137912e-06,0.002887093678559877,4.000000000000001,0.0,0.0,2.026377233648931,0.36926825593047413,0.900910035389601,0.7344843572728843,0.7217219591444137,0.347139819188262,103727.807952187,0.0020309081143848706,0.5986939120631968,0.0012158923240419685
Northern Samar,118770,80.71985405415869,212.92396898982219,0.434986,155.41702985041766,0.05346185858351238,0.17175555456211722,0.12288401961501487,0.1688928332735196,0.0353108,0.22188520000000006,0.4437300000000001,0.2,0.06,0.8,3.0,1.5,0.05,0.22592122928482214,0.6666666666666666,0.7333333333333333,0.6,0.6333333333333333,0.27365718828027585,2271.7039640302332,0.17731872965773066,1,234.60257722888613,0.17647187375374604,1.2018342573076888,6.72977265647825,799295.0984099216,7.859887837095741e-05,9.335188784118612,0.0,0.5629117921664002,621.6681194016704,6.729772656478249,8.08807132244813,8.08807132244813,6.72977265647825,7.859887837095741e-05,0.03812291072788969,4.0,0.0,0.0,1.9935752473351736,0.3608983587695033,0.651809753038485,1.9552703816971169,1.9229564788016196,10.361851115283903,1230677.0569622691,0.06667127228757845,0.6494759074999373,0.043301385073150435
Nueva Ecija,464189,92.824413730695,235.18403018328732,0.19640320000000003,207.22414596122556,0.0210490522990523,0.102712715906075,0.10728498821167907,0.20023316555340331,0.0353108,0.22188520000000006,0.4437300000000001,0.2,0.06,0.8,3.0,1.5,0.05,0.08797725675387127,0.6666666666666666,0.7333333333333333,0.6,0.6333333333333333,0.27365718828027585,2271.7197446572045,0.17731872965773066,1,234.60257722888613,0.21260292950135606,1.2018342573076888,2.486152232560916,1154044.5186802188,1.7012000272750307e-05,7.896783394607693,0.0,0.5557241724057602,621.6724378836768,2.4861522325609156,2.9879429219737004,2.9879429219737004,2.486152232560916,1.7012000272750307e-05,0.020477085738775817,3.0,0.0,0.0,2.029626927723683,0.17334742209986445,0.6015059555085397,0.7228351750801986,0.7149581288305255,3.4529403122570126,1602816.9106062704,0.016662828051433275,0.7200101964507588,0.011997406098737687
Nueva Vizcaya,101443,77.16578224488461,246.205641306619,0.150795,220.7152757594047,0.05903118258482056,0.12016808673647066,0.11149138493419647,0.18430755243039687,0.0353108,0.22188520000000006,0.4437300000000001,0.2,0.06,0.8,3.0,1.5,0.05,0.052720474799857864,0.6666666666666666,0.7333333333333333,0.6,0.6333333333333333,0.27365718828027585,2419.617885571687,0.17731872965773066,1,234.60257722888613,0.2016735404115413,1.2018342573076888,2.462133541573265,249766.21285781672,1.5267227626242712e-05,1.5487533720889393,0.0,0.5812521400560002,662.1458272782141,2.462133541573265,2.9590764363290543,2.9590764363290543,2.462133541573265,1.5267227626242712e-05,0.023581289638417286,3.0,0.0,0.0,2.201048013993283,0.22189789454984515,0.578106929364022,0.5850131516806087,0.5765699465153851,3.4062917469218386,345544.4536829921,0.015432967814311764,0.7228193368340278,0.011155247560921724
Occidental Mindoro,104345,72.34070038622465,229.9078975503241,0.2977628,182.99024773458981,0.1334084325716125,0.14415557830092118,0.15361131586632634,0.14605282632944394,0.0353108,0.22188520000000006,0.4437300000000001,0.2,0.06,0.8,3.0,1.5,0.05,0.11771321022640298,0.6666666666666666,0.7333333333333333,0.6,0.6333333333333333,0.27365718828027585,2674.7369420045893,0.17731872965773066,1,234.60257722888613,0.1669348532402866,1.2018342573076888,1.3951819704013748,145580.26270153146,1.2655193900987277e-05,1.3205062075985172,0.0,0.6653211369907199,731.9609909383594,1.3951819704013748,1.676777487206414,1.676777487206414,1.3951819704013748,1.2655193900987277e-05,0.010353258517294897,4.0,0.0,0.0,2.3163171062509105,0.42286643428966264,0.6597459670499392,1.2597549495340787,1.2332840048146017,2.131492569808217,222410.59219663843,0.011648121122278315,0.6545563377342232,0.007624351503283143
Oriental Mindoro,182397,78.7653092534121,207.5621342532751,0.2153085,179.83108305779209,0.09609900183336728,0.1256593886462882,0.17737811335958745,0.2366695102841177,0.0353108,0.22188520000000006,0.4437300000000001,0.2,0.06,0.8,3.0,1.5,0.05,0.09430427876552486,0.6666666666666666,0.7333333333333333,0.6,0.6333333333333333,0.27365718828027585,2628.5599759011143,0.17731872965773066,1,234.60257722888613,0.2515071214373384,1.2018342573076888,1.526836358980105,278490.37136889424,1.3779214992021705e-05,2.513287476899783,0.0,0.7268565831904001,719.3243322311685,1.526836358980105,1.8350042415252306,1.8350042415252306,1.526836358980105,1.3779214992021705e-05,0.013302887058407698,4.0,0.0,0.0,2.6343644511227575,0.3578843583065352,0.9682999325166098,1.0948690008665847,1.0758214709210017,2.2609697319647237,412394.0962011697,0.012572741561246777,0.6753015475591193,0.008490391833370806
Palawan,233128,74.5974588937775,215.46470306583674,0.2047371,186.6239520090575,0.05487115021998743,0.15849146161231512,0.14014327451761344,0.18120938023222236,0.0353108,0.22188520000000006,0.4437300000000001,0.2,0.06,0.8,3.0,1.5,0.05,0.08183765929755883,0.6666666666666666,0.7333333333333333,0.6,0.6333333333333333,0.27365718828027585,2727.8501716961273,0.17731872965773066,1,234.60257722888613,0.198510265045988,1.2018342573076888,0.1159229067496758,27024.875404738414,9.308724910977189e-07,0.217012442104629,0.0,0.7347459936390401,746.49580803623,0.11592290674967579,0.13932012053844509,0.13932012053844509,0.1159229067496758,9.308724910977189e-07,0.0012115274171544763,4.0,0.0,0.0,2.6956102238415593,0.41182961867025886,0.7646810987235839,0.8554107060120822,0.838459518884767,0.16147839277359263,37645.134750522106,0.0008652608147841363,0.7178849427378822,0.000621157710474643
Pampanga,523257,112.66825172910156,312.38010583417883,0.054434699999999996,301.50885096952516,0.07035775725871572,0.22231766422649527,0.1319795186072831,0.271894777607589,0.0353108,0.22188520000000006,0.4437300000000001,0.2,0.06,0.8,3.0,1.5,0.05,0.02034123529931804,0.6666666666666666,0.7333333333333333,0.6,0.6333333333333333,0.27365718828027585,4407.102957744694,0.17731872965773066,1,234.60257722888613,0.29085773302517576,1.2018342573076888,3.9292751218138053,2056020.7124149262,1.4451555118459905e-05,7.561877376619973,0.0,0.8469163140332805,1206.0354038781006,3.929275121813804,4.722337447782672,4.722337447782672,3.9292751218138053,1.4451555118459905e-05,0.019053525099278906,4.0,0.0,0.0,3.5575363573439223,0.6421373168360289,1.1418057612372683,1.1276866355822366,1.0923544636180802,5.147991117844796,2693722.3883501147,0.017074096170945,0.7632637725798552,0.013032039056826743
Pangasinan,646070,90.23663691225588,201.39996161182341,0.14875970000000002,184.8633387785132,0.04912131017906752,0.08907904378674124,0.12654975576080474,0.2567798026250148,0.0353108,0.22188520000000006,0.4437300000000001,0.2,0.06,0.8,3.0,1.5,0.05,0.07261350533195254,0.6666666666666666,0.7333333333333333,0.6,0.6333333333333333,0.27365718828027585,2702.11559126565,0.17731872965773066,1,234.60257722888613,0.2681570803037397,1.2018342573076888,2.961610448992548,1913407.6627806153,2.3739512645470112e-05,15.337386934858873,0.0,0.7765217929132803,739.453355114053,2.961610448992548,3.559364894399649,3.559364894399649,2.961610448992548,2.3739512645470112e-05,0.010450842796528364,4.0,0.0,0.0,2.973407567311569,0.24940482996775135,1.0272794589813647,2.4690023219246693,2.438796727648544,4.059954571518921,2623014.8500212296,0.021961923864110222,0.7294688639544413,0.01602053965140642
Quezon,463303,83.96952883992223,176.9196323626209,0.2031569,158.0361774762703,0.1375328028218395,0.21327865344453506,0.10510077668332883,0.2059395565160699,0.0353108,0.22188520000000006,0.4437300000000001,0.2,0.06,0.8,3.0,1.5,0.05,0.107943569921771,0.6666666666666666,0.7333333333333333,0.6,0.6333333333333333,0.27365718828027585,2309.987593885703,0.17731872965773066,1,234.60257722888613,0.21522922795516716,1.2018342573076888,3.465366708182762,1605514.7920011983,3.5718818284306274e-05,16.548635667573947,0.0,0.7359252931065601,632.1447099050812,3.4653667081827626,4.164796424027619,4.164796424027619,3.465366708182762,3.5718818284306274e-05,0.018929756824104825,4.0,0.0,0.0,2.6798568344962455,0.5936710837324953,0.8154063797325269,1.9445584469284813,1.8883149816589082,4.828419343461609,2237021.167083794,0.030552620422539728,0.7177021011804576,0.021927679873825726
Quirino,42119,109.44218974516426,210.81016756073586,0.1546661,195.1319777671149,0.0,0.07706782755231006,0.04428545028793288,0.13840235739817902,0.0353108,0.22188520000000006,0.4437300000000001,0.2,0.06,0.8,3.0,1.5,0.05,0.0867464003442147,0.6666666666666666,0.7333333333333333,0.6,0.6333333333333333,0.27365718828027585,2139.157889402088,0.17731872965773066,1,234.60257722888613,0.1508081087351962,1.2018342573076888,2.443725555401653,102927.27666796223,1.686042371033344e-05,0.7101441862555342,0.0,0.5790853955764801,585.3959333013448,2.4437255554016524,2.9369530879399646,2.9369530879399646,2.443725555401653,1.686042371033344e-05,0.021042363984701683,3.0,0.0,0.0,2.1885274199883042,0.13029609445864337,0.42944552685177295,0.7115201930932428,0.7054527441508577,3.1270463966961577,131708.06718244546,0.016025289306646647,0.781480427659641,0.012523449940727693
Rizal,611020,90.17599935007959,391.2924351543395,0.050362800000000006,376.1273683212168,0.031976082929841096,0.21973228642285092,0.13544420555907752,0.17799817177109614,0.0353108,0.22188520000000006,0.4437300000000001,0.2,0.06,0.8,3.0,1.5,0.05,0.012074409369194551,0.6666666666666666,0.7333333333333333,0.6,0.6333333333333333,0.27365718828027585,4123.341732971317,0.17731872965773066,1,234.60257722888613,0.19944760019442817,1.2018342573076888,11.495263307928369,7023835.786410391,3.13902886426858e-05,19.18009416645388,0.0,0.6374663724230402,1128.3821049636504,11.495263307928369,13.815401240240414,13.815401240240414,11.495263307928369,3.13902886426858e-05,0.025444362055497244,3.0,0.0,0.0,2.666549011071207,0.42055271659514626,0.5913117418869646,1.487017754608758,1.446092114180296,15.580123889358424,9519767.298875785,0.04142246802964051,0.7378159114498373,0.030562156003790957
Romblon,64792,76.34886070865744,173.0215083998227,0.30360729999999997,143.67098685045673,0.07747445478114992,0.05305851063829787,0.17167186687160196,0.2169361290100102,0.0353108,0.22188520000000006,0.4437300000000001,0.2,0.06,0.8,3.0,1.5,0.05,0.16134135336565256,0.6666666666666666,0.7333333333333333,0.6,0.6333333333333333,0.27365718828027585,2100.01407605359,0.17731872965773066,1,234.60257722888613,0.22881143507756327,1.2018342573076888,0.934009982767004,60516.37480343973,1.1362981315573767e-05,0.7362302853986555,0.0,0.6609594006675202,574.683947401827,0.934009982767004,1.1225251939567493,1.1225251939567493,0.934009982767004,1.1362981315573767e-05,0.009320079774496566,4.0,0.0,0.0,2.299156865215695,0.18141410854937995,0.8788702144494552,1.1714829758304302,1.1604569595222498,1.3314321006411103,86266.14866473882,0.009267230147357185,0.7015077842251664,0.0065010340865772
Samar (Western),151139,65.43542740009431,171.80541380763916,0.43494629999999995,125.54018178862722,0.021707714072744418,0.054401536263787735,0.15684066490398307,0.14851054811049766,0.0353108,0.22188520000000006,0.4437300000000001,0.2,0.06,0.8,3.0,1.5,0.05,0.2267074703182239,0.6666666666666666,0.7333333333333333,0.6,0.6333333333333333,0.27365718828027585,1834.99922041223,0.17731872965773066,1,234.60257722888613,0.16835778679119,1.2018342573076888,1.9779186827855562,298940.65179752617,3.08592455843107e-05,4.664035518367134,0.0,0.5629414201811198,502.1607271545087,1.977918682785556,2.3771304311405803,2.3771304311405803,1.9779186827855562,3.08592455843107e-05,0.019289426571757633,4.0,0.0,0.0,2.0159092476270906,0.12054443780680663,0.6648289483716799,1.3795548181074788,1.3717750884432909,2.9534700006659396,446384.5024306494,0.023526093069059874,0.6696931684898038,0.01575526380960472
Sarangani,115139,71.29740240081536,193.14573074633591,0.4601569999999999,137.07636951984622,0.1975765354271262,0.2251234776453175,0.13026098315484627,0.12993644095372925,0.0353108,0.22188520000000006,0.4437300000000001,0.2,0.06,0.8,3.0,1.5,0.05,0.23934102509041116,0.6666666666666666,0.7333333333333333,0.6,0.6333333333333333,0.27365718828027585,1502.7162675455238,0.17731872965773066,1,234.60257722888613,0.14773714640166682,1.2018342573076888,0.2222551812456881,25590.239313447277,3.063375495765351e-06,0.3527139912069267,0.0,0.40809505145760017,411.2291085595384,0.2222551812456881,0.26711389068519725,0.26711389068519725,0.2222551812456881,3.063375495765351e-06,0.003469518844862674,3.000000000000001,0.0,0.0,1.5066929228184487,0.4248951187100425,0.43106684910386595,0.5941544872157642,0.5775142798413251,0.33451626331187584,38515.86804146607,0.0024403641888359456,0.6644077003768136,0.0016213967587864187
Siquijor,22141,76.92299022372626,281.7251427297586,0.2402308,232.52535779151242,0.07219402143260012,0.06640114136250147,0.15036479290034468,0.2354228717555721,0.0353108,0.22188520000000006,0.4437300000000001,0.2,0.06,0.8,3.0,1.5,0.05,0.07947206986520099,0.6666666666666666,0.7333333333333333,0.6,0.6333333333333333,0.27365718828027585,3398.783116244887,0.17731872965773066,1,234.60257722888613,0.2493689047950039,1.2018342573076888,0.17048599630601188,3774.730444211409,1.0325461299665603e-06,0.022861603863589614,0.0,0.7082571305139203,930.1014311660497,0.17048599630601188,0.20489591075179714,0.20489591075179714,0.17048599630601188,1.0325461299665603e-06,0.0021678384586796815,4.0,0.0,0.0,2.537111903070874,0.20337830872813598,0.9307829187542626,0.5580683638874346,0.5523668358145735,0.24910823219125056,5515.5053689464785,0.0010713164127871453,0.6843852361134449,0.0007331931361175393
Sorsogon,160822,81.24648487799061,163.16146081377042,0.3129167,137.52889686336678,0.030919640728082023,0.0547068725225796,0.2330400444183005,0.1836202007258212,0.0353108,0.22188520000000006,0.4437300000000001,0.2,0.06,0.8,3.0,1.5,0.05,0.18485847348778292,0.6666666666666666,0.7333333333333333,0.6,0.6333333333333333,0.27365718828027585,2010.2362043201529,0.17731872965773066,1,234.60257722888613,0.2114954117132278,1.2018342573076888,2.7106404296298816,435930.6151739368,3.4032921208745844e-05,5.473242454632924,0.0,0.6540118177900803,550.115587453467,2.710640429629881,3.257740527572423,3.257740527572423,2.7106404296298816,3.4032921208745844e-05,0.014488052775086331,4.0,0.0,0.0,2.2642928988477475,0.14179035134193105,0.8617391622933585,2.222082844947317,2.2067606572108645,3.7347650954103844,600632.3921740889,0.027156220842233805,0.7257860562531658,0.019709606427824898
South Cotabato,333099,74.96092004801079,246.61487653921589,0.25762260000000003,202.39293796766478,0.0986785373016058,0.2463230685241725,0.11090064747596427,0.17856751193317602,0.0353108,0.22188520000000006,0.4437300000000001,0.2,0.06,0.8,3.0,1.5,0.05,0.09541650669770887,0.6666666666666666,0.7333333333333333,0.6,0.6333333333333333,0.27365718828027585,2218.7570431408885,0.17731872965773066,1,234.60257722888613,0.19251926835875938,1.2018342573076888,0.5686853999188564,189428.53802757108,4.468307084056009e-06,1.4883886213919726,0.0,0.5214582539356802,607.1788139029943,0.5686853999188564,0.6834655952532045,0.6834655952532045,0.5686853999188564,4.468307084056009e-06,0.004886826706332677,3.0,0.0,0.0,1.8481011870214135,0.4165730010296674,0.5355508205271526,0.7269022523160595,0.7079844843653473,0.8754052671323492,291596.6190765184,0.004325275752814103,0.6496252893037242,0.002809808512240245
Southern Leyte,93675,75.36102561931641,220.19960456421458,0.3404328,170.89180158598185,0.013358419567262464,0.09554098891316663,0.1642090401381924,0.2713237255809559,0.0353108,0.22188520000000006,0.4437300000000001,0.2,0.06,0.8,3.0,1.5,0.05,0.15012636489496814,0.6666666666666666,0.7333333333333333,0.6,0.6333333333333333,0.27365718828027585,2497.89603788455,0.17731872965773066,1,234.60257722888613,0.27463053358311995,1.2018342573076888,1.2684215215699033,118819.38603306067,1.2440874384031786e-05,1.1653989079241778,0.0,0.6334766183987204,683.5672063439273,1.2684215215699033,1.524432437329053,1.524432437329053,1.2684215215699033,1.2440874384031786e-05,0.008809937082415384,4.0,0.0,0.0,2.195049245614846,0.2026900401586389,1.002781155018099,1.406706656670243,1.393655540443617,1.8910623653127647,177145.26707067323,0.011065846036863874,0.6707454734630698,0.007422366139265693
Sultan Kudarat,183454,66.53105722578468,167.62618316130153,0.4037797000000001,126.8060235395963,0.07030712116098549,0.1146380932354474,0.11708966004143055,0.2552542805787495,0.0353108,0.22188520000000006,0.4437300000000001,0.2,0.06,0.8,3.0,1.5,0.05,0.21185027002224133,0.6666666666666666,0.7333333333333333,0.6,0.6333333333333333,0.27365718828027585,1390.1263584904264,0.17731872965773066,1,234.60257722888613,0.24422000470847416,1.2018342573076888,0.44696845142896113,81998.15028844864,6.778926855998849e-06,1.2436212474404131,0.0,0.43965073422096,380.41807061878893,0.44696845142896113,0.5371819968630933,0.5371819968630933,0.44696845142896113,6.778926855998849e-06,0.007188021131187814,3.0,0.0,0.0,1.5499930917672915,0.19347629326102556,0.6423637080648269,0.6133325095123215,0.6057562475846235,0.6586336356298014,120828.97499082958,0.005194024836084677,0.6786298592260006,0.0035248203433284955
Sulu,127630,106.98192532860097,151.7095059854359,0.40177290000000004,133.7391761949554,0.07824018097429697,0.11873952221290865,0.024538187625607527,0.026018455477053948,0.0353108,0.22188520000000006,0.4437300000000001,0.2,0.06,0.8,3.0,1.5,0.05,0.32139003401814537,0.6666666666666666,0.7333333333333333,0.6,0.6333333333333333,0.27365718828027585,1954.8425098628375,0.17731872965773066,1,234.60257722888613,0.04173491686563011,1.2018342573076888,0.007619360947048472,972.4590376717966,9.109159445884463e-08,0.01162602020078234,0.0,0.5876986489849603,534.9567047798216,0.007619360947048472,0.00915720900495521,0.00915720900495521,0.007619360947048472,9.109159445884463e-08,0.00010409983978053174,4.0,0.0,0.0,2.0770686447604416,0.3074039533061461,0.16046476077690222,0.8600204565356032,0.8468594262109014,0.009586043944550714,1223.4667886430077,7.167715711495684e-05,0.7948389336750096,5.6971795130108416e-05
Surigao del Norte,128923,89.81637897753325,215.71438342594547,0.3383435,173.11761195785408,0.043122420907840436,0.08884903050338798,0.1635431014020816,0.19658252339752966,0.0353108,0.22188520000000006,0.4437300000000001,0.2,0.06,0.8,3.0,1.5,0.05,0.17553839656697232,0.6666666666666666,0.7333333333333333,0.6,0.6333333333333333,0.27365718828027585,2530.4303248274177,0.17731872965773066,1,234.60257722888613,0.2096962591353046,1.2018342573076888,1.1902710348071868,153453.31262044693,1.0880244998386027e-05,1.4027138259269218,0.0,0.6350358579744002,692.4704478314162,1.1902710348071868,1.4305085051123498,1.4305085051123498,1.1902710348071868,1.0880244998386027e-05,0.010253407160549599,4.000000000000001,0.0,0.0,2.199506918255226,0.22013318810909058,0.8051189846838911,1.1091141842630172,1.0974306448468778,1.6862564080123246,217397.23489017293,0.0097405248890728,0.7058659816808165,0.006875505162911798
Surigao del Sur,120055,88.1427644253415,228.64958700601727,0.2829407,188.89448827026501,0.15935586434291096,0.13138024765931744,0.18177868490073254,0.25367653009024826,0.0353108,0.22188520000000006,0.4437300000000001,0.2,0.06,0.8,3.0,1.5,0.05,0.13202701515969556,0.6666666666666666,0.7333333333333333,0.6,0.6333333333333333,0.27365718828027585,2761.0382092620493,0.17731872965773066,1,234.60257722888613,0.2639093060797415,1.2018342573076888,1.1817412073244762,141873.94064534,9.245735330862651e-06,1.1099967551467151,0.0,0.6763828346476802,755.5779530810604,1.1817412073244762,1.4202570662347034,1.4202570662347034,1.1817412073244762,9.245735330862651e-06,0.015482007093590123,4.0,0.0,0.0,2.3588818724882565,0.41788706468011527,1.0009730972401083,0.6676298223439391,0.6535196221667121,1.633215808683621,196075.72391151212,0.008646180328707426,0.7235670883427002,0.006256091525728763
Tarlac,296663,82.28988392990492,283.9269578305503,0.1354197,256.6213257740471,0.06929855130183701,0.1604435277926149,0.11796836395247362,0.2665484257506163,0.0353108,0.22188520000000006,0.4437300000000001,0.2,0.06,0.8,3.0,1.5,0.05,0.043424572611843085,0.6666666666666666,0.7333333333333333,0.6,0.6333333333333333,0.27365718828027585,2813.2422983665883,0.17731872965773066,1,234.60257722888613,0.28147472871035967,1.2018342573076888,2.401625577292112,712473.4486362098,1.2190153946782538e-05,3.616367640314348,0.0,0.5898580521729602,769.8639773221412,2.401625577292112,2.8863558920160144,2.8863558920160144,2.401625577292112,1.2190153946782538e-05,0.011271712290206785,3.0,0.0,0.0,2.2821085924019915,0.29620140483945334,0.7982690802850869,1.0291600181008134,1.009447638849064,3.4097408652746752,1011543.954314981,0.013287051865194256,0.7043425504121547,0.009358635998189499
Tawi-tawi,66077,112.30657541899441,189.7559147521278,0.2194188,172.76207365485888,0.1840126905303814,0.07140502917854165,0.01954465473391977,0.061197528663162325,0.0353108,0.22188520000000006,0.4437300000000001,0.2,0.06,0.8,3.0,1.5,0.05,0.14263647969273033,0.6666666666666666,0.7333333333333333,0.6,0.6333333333333333,0.27365718828027585,1893.9251120045687,0.17731872965773066,1,234.60257722888613,0.07478359779513172,1.2018342573076888,0.006662354338627965,440.22838763352,5.255606152758723e-08,0.0034727468775583815,0.0,0.5428418071238401,518.2862209645768,0.006662354338627966,0.008007045678485598,0.008007045678485598,0.006662354338627965,5.255606152758723e-08,0.00011062206027729811,3.000000000000001,0.0,0.0,1.9721949956780245,0.1922265342063374,0.210458495859554,0.404186205547912,0.3991757261667157,0.008120233855794013,536.560692489301,4.700241021658768e-05,0.8204633581918567,3.856375532941276e-05
Zambales,184359,94.39390879259192,202.15369302893657,0.1206655,189.15080478416593,0.0,0.08363918994775249,0.17292504032699346,0.21377864525443505,0.0353108,0.22188520000000006,0.4437300000000001,0.2,0.06,0.8,3.0,1.5,0.05,0.06021696928231088,0.6666666666666666,0.7333333333333333,0.6,0.6333333333333333,0.27365718828027585,2764.7847436105403,0.17731872965773066,1,234.60257722888613,0.2323835904900811,1.2018342573076888,9.130855748186029,1683355.434879828,6.97379783452085e-05,12.856823949744294,0.0,0.7974884269471999,756.6032191366637,9.130855748186029,10.973775236704796,10.973775236704796,9.130855748186029,6.97379783452085e-05,0.019312268168226742,4.0,0.0,0.0,3.1202125467007304,0.22064047581933582,0.9151449410509713,3.9600000000000004,3.9163131857877707,12.34396695282728,2275721.4034562847,0.06525992298532694,0.7397018951103628,0.048272888707002665
Zamboanga del Norte,217100,60.664953686454524,194.5781438347069,0.47967479999999996,130.343361132982,0.10186483320209723,0.1989412462487717,0.16685468377789256,0.18450004958846727,0.0353108,0.22188520000000006,0.4437300000000001,0.2,0.06,0.8,3.0,1.5,0.05,0.22325225675952,0.6666666666666666,0.7333333333333333,0.6,0.6333333333333333,0.27365718828027585,1905.2064658281317,0.17731872965773066,1,234.60257722888613,0.1985838862645539,1.2018342573076888,0.1995770470501913,43328.17691459654,3.1187041908512665e-06,0.67707067983381,0.0,0.5295606479795201,521.373444531928,0.1995770470501913,0.23985853211722835,0.23985853211722835,0.1995770470501913,3.1187041908512665e-06,0.0037726668776750364,4.0,0.0,0.0,1.9998561581903327,0.4571284117076723,0.7571001138873642,0.7041237390661904,0.688992943991672,0.31577715037846255,68555.21934716422,0.002422656187730903,0.6320186460958176,0.0015311638837253402
Zamboanga del Sur,402612,79.30394035512279,213.1819281789613,0.2586444,178.55513634505724,0.13756446083374144,0.16656839030012266,0.19758337633131384,0.18955584886241808,0.0353108,0.22188520000000006,0.4437300000000001,0.2,0.06,0.8,3.0,1.5,0.05,0.11487499318500735,0.6666666666666666,0.7333333333333333,0.6,0.6333333333333333,0.27365718828027585,2609.9096825066194,0.17731872965773066,1,234.60257722888613,0.21052325773285033,1.2018342573076888,0.2255317647456229,90801.79486776472,1.9621758795091544e-06,0.7899955552009397,0.0,0.6945151050265604,714.2205453802292,0.2255317647456229,0.27105180098234805,0.27105180098234805,0.2255317647456229,1.9621758795091544e-06,0.0029428647499390747,4.0,0.0,0.0,2.4626122131684527,0.4772000590969445,0.8359800060550328,0.7111460473681996,0.6943985140921981,0.31854410152170853,128249.67780185811,0.0017840097352681194,0.7080079765038534,0.0012630931227303563
Zamboanga Sibugay,129797,76.49250749585984,198.948210812357,0.3701923,153.61605235350527,0.10940904732851042,0.16874046529366896,0.185231116927162,0.16149885542836645,0.0353108,0.22188520000000006,0.4437300000000001,0.2,0.06,0.8,3.0,1.5,0.05,0.1843357959589791,0.6666666666666666,0.7333333333333333,0.6,0.6333333333333333,0.27365718828027585,2245.379386068586,0.17731872965773066,1,234.60257722888613,0.18462284668869666,1.2018342573076888,0.15584055593405302,20227.636638572283,1.7995167776780997e-06,0.23357187919228434,0.0,0.6112671749715202,614.4642094140211,0.155840555934053,0.18729451879941994,0.18729451879941994,0.15584055593405302,1.7995167776780997e-06,0.0022416014205581345,4.0,0.0,0.0,2.1325046214922807,0.44032929364465667,0.7422641410843799,0.7771836463370331,0.760820025219038,0.23312236192095667,30258.583210254412,0.0015175651134719267,0.6684925231964357,0.0010144809318197337
