province,pop,cp,cr,pov_head,gdp_pc_pp,shewp,shewr,social_p,social_r,axfin_p,axfin_r,urbanization_rate,pi,rho,shareable,T_rebuild_K,income_elast,max_increased_spending,share1,finance_pre,prepare_scaleup,rating,borrow_abi,avg_prod_k,assets,eff_prod_k_gar,protection,gdp_pc_pp_nat,tau_tax,macro_multiplier,dK,dKtot,delta_W,delta_W_tot,average_aid_cost_pc,axfin,c,dc,dc_npv_post,dc_npv_pre,dk,dw,fa,gamma_SP,help_fee,help_received,k,n,shew,social,v,v_shew,dWpc_currency,dWtot_currency,risk,resilience,risk_to_assets
Abra,51167,92.82897218628722,203.89142050304676,0.27193649999999997,173.68948702635626,0.02968233433951416,0.06316269830617667,1.0411849053840947,1.2207432472881345,0.0353108,0.22188520000000006,0.4437300000000001,0.2,0.06,0.8,3.0,1.5,0.05,0.14533744227769949,0.6666666666666666,0.7333333333333333,0.6,0.6333333333333333,0.27365718828027585,32475558.338250034,0.17731872965773066,1,234.60257722888613,0.21858467824697989,1.2018342573076888,4.241025107040294,217000.5316519307,3.59101613347833e-05,1.8374152250168572,0.0,0.5134464320232001,521.0684610790688,4.241025107040294,5.097009259743032,5.097009259743032,4.241025107040294,3.59101613347833e-05,0.04768607071000806,3.0,0.0,0.0,1904.0919931743128,1.784073477711749,0.10811633062071271,0.6373020333247934,0.4305081310338128,0.42745334661519374,5.593076765001689,286180.9588348414,0.03220158491315583,0.75826334685378,0.024417281550245726
Agusan del Norte,141357,82.34842550798723,234.81632362665314,0.2767785,192.61648748721595,0.05712460063897764,0.2491000860787229,0.8840136197309474,1.3591252358051369,0.0353108,0.22188520000000006,0.4437300000000001,0.2,0.06,0.8,3.0,1.5,0.05,0.11832981686458785,0.6666666666666666,0.7333333333333333,0.6,0.6333333333333333,0.27365718828027585,99495609.79134291,0.17731872965773066,1,234.60257722888613,0.23713168275577798,1.2018342573076888,1.5889450110172547,224608.49992236609,1.2684487616854437e-05,1.7930411160556925,0.0,0.6809816697184002,770.4659499488637,1.5889450110172545,1.9096485472186795,1.9096485472186795,1.5889450110172547,1.2684487616854437e-05,0.016183852070331035,4.0,0.0,0.0,2815.4420309243374,2.3963076359898934,0.5878961975458151,0.8865145372222046,0.5905099624724333,0.5742901076244833,2.3072054698693085,326139.6436043158,0.011978234573623604,0.6886881258595752,0.008249267919615208
Agusan del Sur,141595,83.30408110359977,216.087522244498,0.37295759999999994,166.5649287168474,0.07623700505595637,0.1391886108170207,0.7586632066140946,0.680004821129218,0.0353108,0.22188520000000006,0.4437300000000001,0.2,0.06,0.8,3.0,1.5,0.05,0.18652720232252248,0.6666666666666666,0.7333333333333333,0.6,0.6333333333333333,0.27365718828027585,86183597.91633473,0.17731872965773066,1,234.60257722888613,0.13448785819978615,1.2018342573076888,0.9117119905026823,129093.85929522727,8.921107338119583e-06,1.2631841935410424,0.0,0.4569025786636802,499.6947861505421,0.9117119905026823,1.0957267029843056,1.0957267029843056,0.9117119905026823,8.921107338119583e-06,0.009826306765562313,3.0,0.0,0.0,1825.9881616512187,1.590634921283389,0.23142066203245595,0.4003607897661343,0.4806186081699383,0.47343746034916034,1.3048699455551742,184763.05994088488,0.007834001765001757,0.6986995091796541,0.005473613188119271
Aklan,123269,79.44585903031265,211.61951034517918,0.2044606,184.5952062931508,0.07756705284875416,0.12851680008157856,1.1051008377151976,1.4372529177709177,0.0353108,0.22188520000000006,0.4437300000000001,0.2,0.06,0.8,3.0,1.5,0.05,0.08799550286835289,0.6666666666666666,0.7333333333333333,0.6,0.6333333333333333,0.27365718828027585,83150991.309774,0.17731872965773066,1,234.60257722888613,0.25521758726123794,1.2018342573076888,1.1023044733533176,135879.97012579013,8.81954107949152e-06,1.08717600932784,0.0,0.7349523449254404,738.3808251726035,1.1023044733533176,1.3247872780595276,1.3247872780595276,1.1023044733533176,8.81954107949152e-06,0.009419503817420988,4.0,0.0,0.0,2698.1963448969004,2.690645899188957,0.35429875257752086,0.9863891706201952,0.7218030327763378,0.7092387264661375,1.5050459197725585,185525.5054844435,0.008153223206579019,0.732405874712379,0.005971468574339773
Albay,267030,76.58221031242061,224.00858474710728,0.33910619999999997,174.01538713278356,0.08152311956797828,0.17277507678010856,1.2108261847938042,1.2813249137895988,0.0353108,0.22188520000000006,0.4437300000000001,0.2,0.06,0.8,3.0,1.5,0.05,0.14923681609161135,0.6666666666666666,0.7333333333333333,0.6,0.6333333333333333,0.27365718828027585,169801236.05770588,0.17731872965773066,1,234.60257722888613,0.23120479438060665,1.2018342573076888,8.638880059959035,2306840.142410862,8.309437986330417e-05,22.18869225489811,0.0,0.6344666567948803,696.0615485311342,8.638880059959035,10.382502000831067,10.382502000831067,8.638880059959035,8.309437986330417e-05,0.09526147795132853,4.0,0.0,0.0,2543.552949971253,2.144214081790583,0.4254929169820213,0.9017255708094915,0.6329801126686511,0.6202665983495355,12.978553912417647,3465663.2512328844,0.0745827948106352,0.6656273201356825,0.0496443458380326
Antique,121378,73.00738257920132,204.4395375188618,0.23561100000000001,173.47267606137342,0.023393244282816982,0.1722569519292951,1.4591661705550392,2.1077314152146602,0.0353108,0.22188520000000006,0.4437300000000001,0.2,0.06,0.8,3.0,1.5,0.05,0.09915880014892076,0.6666666666666666,0.7333333333333333,0.6,0.6333333333333333,0.27365718828027585,76942128.24189499,0.17731872965773066,1,234.60257722888613,0.3609085479250696,1.2018342573076888,1.0996024233911654,133467.54294637285,1.0112795295433691e-05,1.2274708673691508,0.0,0.7117048761664003,693.8907042454939,1.0996024233911652,1.321539861850056,1.321539861850056,1.0996024233911654,1.0112795295433691e-05,0.010682194580641811,4.0,0.0,0.0,2535.620235689993,2.5561583804424983,0.41154907472100233,1.3744520271867482,0.6868279085079493,0.6737554368537242,1.5721390881178483,190823.0982375682,0.009062747654631421,0.6994307511987379,0.006338764400003455
Apayao,24614,67.65457836874164,181.0193100789096,0.5469357,119.01609118569668,0.0,0.04779411764705882,0.582168203932845,0.7069030113589198,0.0353108,0.22188520000000006,0.4437300000000001,0.2,0.06,0.8,3.0,1.5,0.05,0.3109050533392038,0.6666666666666666,0.7333333333333333,0.6,0.6333333333333333,0.27365718828027585,10704860.657431092,0.17731872965773066,1,234.60257722888613,0.12774154918877045,1.2018342573076888,4.856493377968176,119537.7280053087,7.951248844384869e-05,1.9571203905568915,0.0,0.35952299980176017,357.04827355709006,4.856493377968176,5.836700112030092,5.836700112030092,4.856493377968176,7.951248844384869e-05,0.08913526564242961,3.0,0.0,0.0,1304.728283590366,1.4606181166343297,0.0433076169117647,0.3552928460526631,0.39658009457824556,0.3955638490375676,7.024525122468703,172901.66136444468,0.059021641968635824,0.6913625182197949,0.04080535102090319
Aurora,47135,67.26519313472515,202.1915723228324,0.27132540000000005,165.58261851906752,0.0,0.07072148139521342,0.49464488566410447,0.8109116708087094,0.0353108,0.22188520000000006,0.4437300000000001,0.2,0.06,0.8,3.0,1.5,0.05,0.11022144471797267,0.6666666666666666,0.7333333333333333,0.6,0.6333333333333333,0.27365718828027585,28520123.19845494,0.17731872965773066,1,234.60257722888613,0.14947411814742156,1.2018342573076888,5.101441195505335,240456.430750144,5.6069240972656415e-05,2.64282367324616,0.0,0.6850513051609601,662.3304740762702,5.101441195505336,6.131086790399003,6.131086790399003,5.101441195505335,5.6069240972656415e-05,0.06504876112320501,4.0,0.0,0.0,2420.2926231848905,2.361814977225359,0.15459884150119377,0.5519054363978529,0.5796238848295543,0.5759085342861578,8.128678442100068,383145.25836838665,0.04909137513829096,0.6275855579529313,0.03080903805684099
Basilan,52418,102.81856749049429,142.411081804131,0.3211191,129.69716924099885,0.0,0.042012083743150214,0.6053044526372467,0.5642690872192654,0.0353108,0.22188520000000006,0.4437300000000001,0.2,0.06,0.8,3.0,1.5,0.05,0.2545699805867445,0.6666666666666666,0.7333333333333333,0.6,0.6333333333333333,0.27365718828027585,24843002.517119274,0.17731872965773066,1,234.60257722888613,0.11322480576091679,1.2018342573076888,0.04472175347471176,2344.224873637441,5.734477792098693e-07,0.030058985690622937,0.0,0.6478903863558401,518.7886769639956,0.04472175347471175,0.05374813537277776,0.05374813537277776,0.04472175347471176,5.734477792098693e-07,0.0005854078695242083,4.0,0.0,0.0,1895.7611902109415,2.2553022472533106,0.08556360366727554,0.44975325652255654,0.6595841382060074,0.6570618332953154,0.05763187682054533,3020.9477191793453,0.0004443572450949623,0.7759898851457981,0.0003448167275849431
Bataan,159358,109.54218999437886,289.07467826880884,0.0446542,281.05779863090487,0.0,0.16199209153847166,0.18838927135633166,1.6561567498917786,0.0353108,0.22188520000000006,0.4437300000000001,0.2,0.06,0.8,3.0,1.5,0.05,0.017403960624023496,0.6666666666666666,0.7333333333333333,0.6,0.6333333333333333,0.27365718828027585,163667576.04902256,0.17731872965773066,1,234.60257722888613,0.29363243706391595,1.2018342573076888,11.758309021862374,1873780.609105944,4.666803179456382e-05,7.436924210718102,0.0,0.8542154777100802,1124.2311945236197,11.758309021862372,14.131538590484261,14.131538590484261,11.758309021862374,4.666803179456382e-05,0.11131496427812858,4.0,0.0,0.0,4108.173447182385,3.8305007977657666,0.4642753928534834,1.1458313926721826,0.4250944436970026,0.4153192634773097,14.961877441311689,2384294.865292548,0.05323416576303638,0.7858845969020007,0.04183591090209813
Batanes,4454,101.80045308641978,175.89881860592754,0.1818182,162.42638716422857,0.5,0.33342480790340284,0.11961519926777112,0.7437747097569495,0.0353108,0.22188520000000006,0.4437300000000001,0.2,0.06,0.8,3.0,1.5,0.05,0.11395423774736026,0.6666666666666666,0.7333333333333333,0.6,0.6333333333333333,0.27365718828027585,2643625.526432471,0.17731872965773066,1,234.60257722888613,0.13217060706421452,1.2018342573076888,22.64382105831457,100855.57899373308,0.00019555348606206717,0.8709952269204471,0.0,0.5638877352777603,487.27916149268583,22.643821058314565,27.214119864227694,27.214119864227694,22.64382105831457,0.00019555348606206717,0.24367259562148297,2.9999999999999996,0.0,0.0,1780.6188997075474,2.9355759247919915,0.727422418990121,0.371534349051239,0.4910288351920965,0.46798788645523615,27.543780225125015,122679.99712270682,0.1695770047343085,0.82210288033228,0.1394097440301957
Batangas,546431,86.02898454395351,276.5634392311325,0.1474136,248.47606934165864,0.06250698315353008,0.1012385163561432,0.6061783802325447,1.516133585511989,0.0353108,0.22188520000000006,0.4437300000000001,0.2,0.06,0.8,3.0,1.5,0.05,0.05103848571642853,0.6666666666666666,0.7333333333333333,0.6,0.6333333333333333,0.27365718828027585,496150047.80131316,0.17731872965773066,1,234.60257722888613,0.2661847474758458,1.2018342573076888,5.517589680586406,3014982.0467525106,2.8821014673770297e-05,15.748695869202978,0.0,0.7775263841126403,993.9042773666342,5.517589680586404,6.63122829589613,6.63122829589613,5.517589680586406,2.8821014673770297e-05,0.05377075312962159,3.999999999999999,0.0,0.0,3631.931920416765,2.9817068961325672,0.2865868848396794,0.9990818469866025,0.4742631080619779,0.4675975413936079,7.680850641325733,4197054.896790261,0.030911832522448827,0.7183565907270469,0.022205718623951792
Benguet,182831,92.42916188244484,341.04516746384564,0.0280084,334.08183093311953,0.0,0.2003488830116482,0.6882081894461489,1.1311526605527378,0.0353108,0.22188520000000006,0.4437300000000001,0.2,0.06,0.8,3.0,1.5,0.05,0.007748978537496474,0.6666666666666666,0.7333333333333333,0.6,0.6333333333333333,0.27365718828027585,223200843.4171857,0.17731872965773066,1,234.60257722888613,0.20999732612334718,1.2018342573076888,6.773815107458747,1238463.38991179,2.0472771978231736e-05,3.7430573735520856,0.0,0.6499786487251201,1002.2454927993588,6.773815107458747,8.141003048812285,8.141003048812285,6.773815107458747,2.0472771978231736e-05,0.056369148074873476,3.0,0.0,0.0,3662.4124478428575,2.752625696015724,0.3894748627134095,0.6243711121866102,0.3070531396362314,0.2991450970253475,8.506070485315504,1555173.372900719,0.025461038876485178,0.7963506908569302,0.02027591589922413
Biliran,35756,82.69809868773434,205.5642049632353,0.2088654,179.90172652956025,0.04204606320299946,0.1747737556561086,1.2532677386411302,1.642008487074471,0.0353108,0.22188520000000006,0.4437300000000001,0.2,0.06,0.8,3.0,1.5,0.05,0.09601226066507462,0.6666666666666666,0.7333333333333333,0.6,0.6333333333333333,0.27365718828027585,23505927.88815331,0.17731872965773066,1,234.60257722888613,0.2878446118415024,1.2018342573076888,3.3845814983484472,121019.09605494708,3.0225316267245495e-05,1.08073640845163,0.0,0.73166505325696,719.606906118241,3.3845814983484472,4.067705991364951,4.067705991364951,3.3845814983484472,3.0225316267245495e-05,0.03503855549446868,4.0,0.0,0.0,2629.592559363834,2.6537898387274947,0.44115459924243877,1.1137091687634564,0.6525363575541193,0.6396911022860476,4.962459593905331,177437.70523967902,0.02758427998238212,0.6820370895322226,0.018813502036025852
Bohol,272951,78.22296492720628,224.89207501477603,0.3057509,180.04786260330246,0.048025882211970516,0.15500591041499556,0.8280142504819296,1.9663873174963493,0.0353108,0.22188520000000006,0.4437300000000001,0.2,0.06,0.8,3.0,1.5,0.05,0.13283546708831112,0.6666666666666666,0.7333333333333333,0.6,0.6333333333333333,0.27365718828027585,179583238.6288394,0.17731872965773066,1,234.60257722888613,0.3222386501460504,1.2018342573076888,0.8671426198423913,236687.44522860055,7.603342004798959e-06,2.0753398035518806,0.0,0.6593596371321601,720.1914504132097,0.8671426198423913,1.042161706498124,1.042161706498124,0.8671426198423913,7.603342004798959e-06,0.00932748711039997,4.0,0.0,0.0,2631.72860519052,2.2934687969849885,0.3668900115296858,1.144821782193836,0.5975446229403286,0.5871650125837247,1.2498549835679,341149.1676198419,0.006941792951586947,0.6937945851661939,0.004816178361155874
Bukidnon,291073,78.06423230374295,209.47389468214402,0.4148774,154.95499561971516,0.06386220602848626,0.2130430442773012,0.5248967767012382,0.5825009574732452,0.0353108,0.22188520000000006,0.4437300000000001,0.2,0.06,0.8,3.0,1.5,0.05,0.2090096263218004,0.6666666666666666,0.7333333333333333,0.6,0.6333333333333333,0.27365718828027585,164816483.43848097,0.17731872965773066,1,234.60257722888613,0.11336579030006436,1.2018342573076888,0.32181566061007316,93671.84978075582,3.5559136676469835e-06,1.0350304589830104,0.0,0.43343909406432013,464.86498685914535,0.32181566061007316,0.38676908545929045,0.38676908545929045,0.32181566061007316,3.5559136676469835e-06,0.004592545676175058,3.0,0.0,0.0,1698.7128669283752,1.539058686538521,0.30230257194962457,0.3226450517691444,0.39794128088796527,0.39038559589300637,0.4666945596561636,135842.1855627985,0.0030118071236729157,0.689563771317948,0.0020768330786821573
Bulacan,710908,101.5324967587854,293.50470803278813,0.0535976,283.2154582418087,0.0,0.15943847028485222,0.9079634239775307,1.1067052423891584,0.0353108,0.22188520000000006,0.4437300000000001,0.2,0.06,0.8,3.0,1.5,0.05,0.019214693230594774,0.6666666666666666,0.7333333333333333,0.6,0.6333333333333333,0.27365718828027585,735738521.0782692,0.17731872965773066,1,234.60257722888613,0.20564443623331322,1.2018342573076888,12.181220561721265,8659727.147092141,4.871813337598683e-05,34.63411076205604,0.0,0.8475410397542403,1132.8618329672345,12.181220561721263,14.639808166897424,14.639808166897424,12.181220561721265,4.871813337598683e-05,0.10491277324682212,4.000000000000001,0.0,0.0,4139.7115861870725,3.4605894443110827,0.45267885278973835,0.8154562092438636,0.4706561037330719,0.460347556549842,15.799353666970458,11231886.916678634,0.055785633189135486,0.7709948658967533,0.04301043677962298
Cagayan,265428,84.3379001665134,213.96610821924494,0.1515935,194.31531446180324,0.03660809702512613,0.07915502839811538,0.5525988037199032,0.9903114294135421,0.0353108,0.22188520000000006,0.4437300000000001,0.2,0.06,0.8,3.0,1.5,0.05,0.0657955215949051,0.6666666666666666,0.7333333333333333,0.6,0.6333333333333333,0.27365718828027585,188472028.1279195,0.17731872965773066,1,234.60257722888613,0.1812129271531333,1.2018342573076888,16.479544554436778,4374132.5519950455,0.0001207817411780161,32.05885599739846,0.0,0.7744069347744001,777.2612578472128,16.479544554436778,19.805681190350498,19.805681190350498,16.479544554436778,0.0001207817411780161,0.18911803865386564,4.000000000000001,0.0,0.0,2840.273492290482,2.7840923525969794,0.21811557047107236,0.6934120538044091,0.5135420181729603,0.5080999245442582,22.260501439486696,5908560.376080074,0.11455865689815439,0.7403042828677978,0.08480826434128629
Camarines Norte,122835,88.82260132018152,189.4534566609824,0.21706430000000002,167.61009048803024,0.03236695045568766,0.12888366676371502,1.1267843046193913,1.1154617089289236,0.0353108,0.22188520000000006,0.4437300000000001,0.2,0.06,0.8,3.0,1.5,0.05,0.11503016151119592,0.6666666666666666,0.7333333333333333,0.6,0.6333333333333333,0.27365718828027585,75234221.30615057,0.17731872965773066,1,234.60257722888613,0.20616970982006852,1.2018342573076888,10.990588171781841,1350028.898080822,0.00010382097938551952,12.752850002820288,0.0,0.7255462338643202,670.440361952121,10.99058817178184,13.208865372808095,13.208865372808095,10.990588171781841,0.00010382097938551952,0.1166328570151691,4.0,0.0,0.0,2449.927831844364,2.5341261839498386,0.3237999999000435,0.8178342502108706,0.6677725037223953,0.6578973941222542,15.328813300581956,1882914.7817769845,0.09145519375324633,0.7169888468381688,0.06557235390650139
Camarines Sur,383327,92.94640543029585,215.63893477588044,0.3172596,176.713551992712,0.035744239972371604,0.12151861008050804,1.0740830317966004,1.3764725108338567,0.0353108,0.22188520000000006,0.4437300000000001,0.2,0.06,0.8,3.0,1.5,0.05,0.16686971132508066,0.6666666666666666,0.7333333333333333,0.6,0.6333333333333333,0.27365718828027585,247532601.53843608,0.17731872965773066,1,234.60257722888613,0.24007730266632976,1.2018342573076888,4.574312069739195,1753457.3227569163,4.024259593981553e-05,15.426073573821672,0.0,0.6507707219430403,706.8542079708482,4.574312069739195,5.497564949028602,5.497564949028602,4.574312069739195,4.024259593981553e-05,0.046939611342733015,4.0,0.0,0.0,2582.9915611312135,2.2438314889830515,0.28291760318924625,0.9187681026411632,0.6451161458045138,0.636591625408002,6.432264294270518,2465660.575129835,0.03639938319238695,0.7111511375261309,0.025885462762515507
Camiguin,18995,96.20523191380195,219.27628020358958,0.41041049999999996,168.76662973945372,0.0,0.05991606393427985,0.8278833917337773,1.2195030997142569,0.0353108,0.22188520000000006,0.4437300000000001,0.2,0.06,0.8,3.0,1.5,0.05,0.2339540547400589,0.6666666666666666,0.7333333333333333,0.6,0.6333333333333333,0.27365718828027585,11714372.101995245,0.17731872965773066,1,234.60257722888613,0.20580388311361492,1.2018342573076888,0.4002820025749714,7603.356638911582,3.549446091422677e-06,0.06742172850657377,0.0,0.5812524288352002,675.0665189578149,0.4002820025749714,0.4810726232783252,0.4810726232783252,0.4002820025749714,3.549446091422677e-06,0.0055558198035699355,4.0,0.0,0.0,2466.8327669376677,2.0597900274908163,0.10597764653094027,0.7639774159182762,0.47497726157635395,0.4725199693650235,0.5294970875595018,10057.797178192735,0.0031374513336964367,0.7559663914676208,0.0023718077631397693
Capiz,166428,85.33278461621302,248.3915829369223,0.22317670000000003,212.0006584217409,0.0,0.08277062304211626,0.7475166570554768,1.8361357710485229,0.0353108,0.22188520000000006,0.4437300000000001,0.2,0.06,0.8,3.0,1.5,0.05,0.08983127417732671,0.6666666666666666,0.7333333333333333,0.6,0.6333333333333333,0.27365718828027585,128930819.61975464,0.17731872965773066,1,234.60257722888613,0.3102364532160354,1.2018342573076888,1.3310631685492706,221526.18101531806,9.022306043302836e-06,1.5015643501748048,0.0,0.7209845644140802,848.0026336869637,1.3310631685492709,1.5997173146030317,1.5997173146030317,1.3310631685492706,9.022306043302836e-06,0.00991586942899256,4.0,0.0,0.0,3098.777119709537,2.59942418849724,0.1928944456038984,1.1342193561951621,0.7294227041004739,0.7229425786873498,1.8949447114045799,315371.8584296414,0.008938390689499157,0.7024284985933198,0.006278580351865401
Catanduanes,51389,73.4070479201092,198.75256459662137,0.27084949999999997,164.80279407754642,0.274732380199727,0.29601558538603184,1.2851813770592433,1.145771481093684,0.0353108,0.22188520000000006,0.4437300000000001,0.2,0.06,0.8,3.0,1.5,0.05,0.12064274963859055,0.6666666666666666,0.7333333333333333,0.6,0.6333333333333333,0.27365718828027585,30947664.258602075,0.17731872965773066,1,234.60257722888613,0.2137026808488161,1.2018342573076888,12.491850355472652,641943.6979173841,0.00012473318879610527,6.409913839043053,0.0,0.6854064681888002,659.2111763101859,12.491850355472653,15.013133694368268,15.013133694368268,12.491850355472652,0.00012473318879610527,0.1486391925205277,4.0,0.0,0.0,2408.8940636013212,2.3675228303043827,0.8707531197087717,0.8575610346262185,0.6277444883485661,0.6005672346975601,17.955687201668564,922724.8096065458,0.10895256541111605,0.6957043868703519,0.07579877771729239
Cavite,782511,98.877564679978,310.5756049173212,0.0255369,305.16949323358415,0.0,0.2527916971026676,0.6061177398846318,1.1826146285862187,0.0353108,0.22188520000000006,0.4437300000000001,0.2,0.06,0.8,3.0,1.5,0.05,0.008274177260383667,0.6666666666666666,0.7333333333333333,0.6,0.6333333333333333,0.27365718828027585,872619085.2883103,0.17731872965773066,1,234.60257722888613,0.21834157689072206,1.2018342573076888,10.820615283278105,8467250.485933233,3.738672584931511e-05,29.25552423107342,0.0,0.8684826728185602,1220.6779729343366,10.820615283278107,13.00458613259077,13.00458613259077,10.820615283278105,3.738672584931511e-05,0.09464548464492903,4.000000000000001,0.0,0.0,4460.609935391631,3.7593167537793395,0.7390085424387792,0.8654433907412793,0.43009205181046295,0.4143137001078644,13.561325809880985,10611886.62081578,0.04443866805356202,0.7979024643294126,0.035457722751453875
Cebu,983408,81.29791925777063,261.91609483508523,0.18873399999999999,227.82730408567636,0.06413150649504587,0.1856228205854556,0.8017039261021767,1.2260507403984269,0.0353108,0.22188520000000006,0.4437300000000001,0.2,0.06,0.8,3.0,1.5,0.05,0.06734786049799353,0.6666666666666666,0.7333333333333333,0.6,0.6333333333333333,0.27365718828027585,818714812.0034794,0.17731872965773066,1,234.60257722888613,0.22051062972470287,1.2018342573076888,8.42687973084151,8287060.942347389,5.125079891869046e-05,50.40044566303154,0.0,0.7466890687616002,911.3092163427056,8.42687973084151,10.127712742737124,10.127712742737124,8.42687973084151,5.125079891869046e-05,0.07437010118200052,3.9999999999999996,0.0,0.0,3330.1124741856056,2.678214676405889,0.48807983673574845,0.8386436193755189,0.5865239588258836,0.5727979396909608,11.991744396666014,11792777.373636533,0.05263523810191082,0.7027234280597559,0.03698801495571625
Compostela Valley,159581,84.0196542266187,224.18854450399,0.30660429999999994,181.21216001871971,0.18294228253760628,0.14251760006506828,0.5531240887107888,0.5757396503612331,0.0353108,0.22188520000000006,0.4437300000000001,0.2,0.06,0.8,3.0,1.5,0.05,0.14215816017939029,0.6666666666666666,0.7333333333333333,0.6,0.6333333333333333,0.27365718828027585,105672421.35927336,0.17731872965773066,1,234.60257722888613,0.11495698994353969,1.2018342573076888,0.7547008227113295,120435.91198909665,6.4563469717378705e-06,1.0303103060969012,0.0,0.6587227467603199,724.848640074879,0.7547008227113295,0.9070253027527724,0.9070253027527724,0.7547008227113295,6.4563469717378705e-06,0.008260088304991092,4.0,0.0,0.0,2648.7469400310397,2.2935452096684017,0.4647359446118491,0.4450760226175598,0.577679253320312,0.5640636101262629,1.0716204150698383,171010.25745725987,0.005913623097694641,0.7042613336758289,0.004164736089638615
Cotabato,293837,68.46911614950207,215.79078875220554,0.44835590000000003,149.73824764291507,0.0479338717512752,0.13783360272434514,0.7819834925064733,0.758084180859274,0.0353108,0.22188520000000006,0.4437300000000001,0.2,0.06,0.8,3.0,1.5,0.05,0.2050146350491704,0.6666666666666666,0.7333333333333333,0.6,0.6333333333333333,0.27365718828027585,160780126.95061553,0.17731872965773066,1,234.60257722888613,0.14552745333320669,1.2018342573076888,0.31948229843439574,93875.72012506751,4.117379783504413e-06,1.2098385234455864,0.0,0.41470040091312016,449.2147429287454,0.3194822984343957,0.3839647708618553,0.3839647708618553,0.31948229843439574,4.117379783504413e-06,0.003909647600668203,3.0,0.0,0.0,1641.523636750466,1.5123198481122349,0.19505305586831298,0.42586982921242933,0.4980106391659548,0.4921352309220519,0.5133258845530293,150834.13793940848,0.0034281547475910877,0.6223771449058723,0.0021336051641012523
Davao,226916,89.16260085405261,212.90348833782417,0.267289,179.82891026317444,0.17575677636351644,0.2813116489438484,0.6028203172792048,0.9040135116857573,0.0353108,0.22188520000000006,0.4437300000000001,0.2,0.06,0.8,3.0,1.5,0.05,0.13252698014352182,0.6666666666666666,0.7333333333333333,0.6,0.6333333333333333,0.27365718828027585,149113777.19588888,0.17731872965773066,1,234.60257722888613,0.16373212035147047,1.2018342573076888,1.9133540128264657,434170.6391745303,1.6317895354317956e-05,3.7027915422204134,0.0,0.6880636607935999,719.3156410526977,1.9133540128264657,2.2995343989719816,2.2995343989719816,1.9133540128264657,1.6317895354317956e-05,0.019374778743323877,4.0,0.0,0.0,2628.5282165363215,2.4326544751710912,0.7592939778201719,0.6178116220433761,0.6286336327582803,0.6053728228310099,2.677482144767904,607563.5383621537,0.014889052827209405,0.7146094387838855,0.010639857684875737
Davao del Sur,570933,76.83857947484817,249.41700390384807,0.1995817,214.9735085729868,0.03666584757959771,0.1589789599220981,0.5957910793010979,1.0354043739815673,0.0353108,0.22188520000000006,0.4437300000000001,0.2,0.06,0.8,3.0,1.5,0.05,0.07133704249874419,0.6666666666666666,0.7333333333333333,0.6,0.6333333333333333,0.27365718828027585,448500808.4070392,0.17731872965773066,1,234.60257722888613,0.1881981636924578,1.2018342573076888,0.8539152721855405,487528.40809470724,6.0066634941683964e-06,3.4294024087160455,0.0,0.7385934562860805,859.8940342919472,0.8539152721855405,1.026264626950802,1.026264626950802,0.8539152721855405,6.0066634941683964e-06,0.008449314879787595,4.000000000000001,0.0,0.0,3142.2307584745618,2.713173717411321,0.40370250308547273,0.7056364158197002,0.5550324290143474,0.5447589450041077,1.2882015358010293,735476.767439489,0.005992373406156997,0.662873974649129,0.003972188377321028
Davao Oriental,120320,78.41508870985494,178.70289946588332,0.37757090000000004,140.8371404997,0.07959673336415066,0.17575110161570304,0.8684250173980415,1.0444345940864586,0.0353108,0.22188520000000006,0.4437300000000001,0.2,0.06,0.8,3.0,1.5,0.05,0.21022335097624933,0.6666666666666666,0.7333333333333333,0.6,0.6333333333333333,0.27365718828027585,61922454.335709,0.17731872965773066,1,234.60257722888613,0.18617183562107975,1.2018342573076888,0.6196816758222659,74560.09923493503,7.770288660079877e-06,0.9349211315808109,0.0,0.6057605435001601,563.3485619988003,0.6196816758222659,0.7447546666290368,0.7447546666290368,0.6196816758222659,7.770288660079877e-06,0.007523162426193307,4.0,0.0,0.0,2058.5922319052193,2.1139020556603074,0.41833803076809906,0.7125617208884121,0.6799157973918218,0.6665019102557881,0.883661754489596,106322.1823001882,0.006274351718263396,0.7012656966015177,0.00439998762843091
Eastern Samar,94156,72.19684222728928,196.978667667453,0.5542831,127.81421063882019,0.04882254881296825,0.1419686896847523,1.007767805036244,1.6458306579147837,0.0353108,0.22188520000000006,0.4437300000000001,0.2,0.06,0.8,3.0,1.5,0.05,0.3130910821257191,0.6666666666666666,0.7333333333333333,0.6,0.6333333333333333,0.27365718828027585,43976461.54495753,0.17731872965773066,1,234.60257722888613,0.2573568533945074,1.2018342573076888,9.016717169738389,848978.0218338878,0.0001387794492180923,13.0669178205787,0.0,0.47388065274944025,511.25684255528074,9.016717169738389,10.836599583046022,10.836599583046022,9.016717169738389,0.0001387794492180923,0.12550268774046205,4.0,0.0,0.0,1868.2383085499612,1.9389297383700352,0.2710180739079094,0.9088301998258927,0.6759804882612114,0.6676382536445016,13.644795197987737,1284739.3366617332,0.10675491504262744,0.6608173328294533,0.07054549822490394
Guimaras,37452,92.16500914105595,248.17696939595592,0.1694163,221.7460003338237,0.0,0.033529430674767734,0.8513198899299029,1.6598488789862689,0.0353108,0.22188520000000006,0.4437300000000001,0.2,0.06,0.8,3.0,1.5,0.05,0.07041504610968255,0.6666666666666666,0.7333333333333333,0.6,0.6333333333333333,0.27365718828027585,30347571.926364586,0.17731872965773066,1,234.60257722888613,0.2880274676589198,1.2018342573076888,0.6476519823999176,24255.86204484172,4.05874640677287e-06,0.15200817042645753,0.0,0.5708293664318401,665.238001001471,0.6476519823999176,0.7783703392614574,0.7783703392614574,0.6476519823999176,4.05874640677287e-06,0.005057021805768513,3.0,0.0,0.0,2430.9173282893767,2.149330260221163,0.05569799717748416,0.818518381251984,0.4986060674235408,0.4969234353514165,0.9119032691996842,34152.60123806657,0.004112377530268303,0.7102200466594641,0.0029206929614284858
Ifugao,41494,79.30760642140469,316.21209226190473,0.3603031,230.8546716096665,0.1119732441471572,0.1259418324291742,0.76657798531281,0.47088641363788725,0.0353108,0.22188520000000006,0.4437300000000001,0.2,0.06,0.8,3.0,1.5,0.05,0.12377820317852087,0.6666666666666666,0.7333333333333333,0.6,0.6333333333333333,0.27365718828027585,35003954.41453099,0.17731872965773066,1,234.60257722888613,0.10446023311336261,1.2018342573076888,5.423544298893146,225044.54713827223,3.292159826490142e-05,1.3660487984038194,0.0,0.4639855958980802,692.5640148289995,5.423544298893146,6.518201334435594,6.518201334435594,5.423544298893146,3.292159826490142e-05,0.05915540071917064,3.0,0.0,0.0,2530.7722380005057,1.5911575869681533,0.2418178135370796,0.33511106136792507,0.336807865714528,0.33138386944503484,7.85709693270486,326022.3801256555,0.03403481886643295,0.6902733090026998,0.023493327040240188
Ilocos Norte,133798,80.62314334136117,270.862299925767,0.08379299999999999,254.92159027808995,0.0,0.17021380733683014,1.3315100890058864,1.9530240837558204,0.0353108,0.22188520000000006,0.4437300000000001,0.2,0.06,0.8,3.0,1.5,0.05,0.026500913644203462,0.6666666666666666,0.7333333333333333,0.6,0.6333333333333333,0.27365718828027585,124637686.84597802,0.17731872965773066,1,234.60257722888613,0.3444529799691195,1.2018342573076888,13.250619231210756,1772906.3518975365,6.193715854983879e-05,8.28706793965133,0.0,0.8250062852032003,1019.6863611123599,13.250619231210752,15.925048122609155,15.925048122609155,13.250619231210756,6.193715854983879e-05,0.12911774383494246,4.0,0.0,0.0,3726.144990088882,3.348089807045882,0.4678532453359654,1.3497976695828129,0.45602638836214365,0.4454679275235613,17.15277106902466,2295006.463493361,0.06728645875115156,0.7725060386971172,0.051979195707809074
Ilocos Sur,152112,75.82216159149671,255.51006569532186,0.137304,230.83819771025023,0.0,0.10577853642924093,0.691479877308347,1.5062964937281071,0.0353108,0.22188520000000006,0.4437300000000001,0.2,0.06,0.8,3.0,1.5,0.05,0.04509949470419289,0.6666666666666666,0.7333333333333333,0.6,0.6333333333333333,0.27365718828027585,128311118.55954276,0.17731872965773066,1,234.60257722888613,0.26627185822535887,1.2018342573076888,6.732799072090831,1024139.5324538804,3.922503348542594e-05,5.96659829353511,0.0,0.7850711543296001,923.352790841001,6.732799072090829,8.091708572408178,8.091708572408178,6.732799072090831,3.922503348542594e-05,0.07246979933341681,4.0,0.0,0.0,3374.1221878495508,3.0125164060705454,0.2737641607900813,1.008119724117766,0.46206012436092364,0.4560635028246435,9.360478192047475,1423841.0587487256,0.04054995353843827,0.7192793929920075,0.02916674596698199
Iloilo,494012,81.11439258093351,289.50620427116144,0.2083429,246.08924988736538,0.015234541992149547,0.15150042957083829,0.8570250533815853,1.6275321181133982,0.0353108,0.22188520000000006,0.4437300000000001,0.2,0.06,0.8,3.0,1.5,0.05,0.06867267785888692,0.6666666666666666,0.7333333333333333,0.6,0.6333333333333333,0.27365718828027585,444245748.7754564,0.17731872965773066,1,234.60257722888613,0.2833438194113874,1.2018342573076888,3.194431302542825,1578087.396631786,1.790122267970055e-05,8.843418818444228,0.0,0.7320549937529601,984.3569995494615,3.194431302542825,3.8391769720119884,3.8391769720119884,3.194431302542825,1.790122267970055e-05,0.023535790154862412,4.000000000000001,0.0,0.0,3597.04419144034,2.653682676497711,0.36933119814486093,1.0512071272264192,0.6450421740947452,0.6339314836687755,4.702132338106761,2322909.800612797,0.019107426839079393,0.679358017351977,0.012980783614094929
Isabela,357627,87.82874981646258,211.37736001533563,0.1904398,187.8487873987843,0.01604851261269198,0.06234780896722517,0.633772420316492,0.9287726943209054,0.0353108,0.22188520000000006,0.4437300000000001,0.2,0.06,0.8,3.0,1.5,0.05,0.08904017843772044,0.6666666666666666,0.7333333333333333,0.6,0.6333333333333333,0.27365718828027585,245488885.9789805,0.17731872965773066,1,234.60257722888613,0.1709448944272716,1.2018342573076888,10.897530115507692,3897251.0026186705,8.346242577857781e-05,29.848416943915453,0.0,0.7454160343155203,751.3951495951372,10.897530115507692,13.097025012859362,13.097025012859362,10.897530115507692,8.346242577857781e-05,0.12682081472362275,3.9999999999999996,0.0,0.0,2745.753379683083,2.6297884404069594,0.16059174068798143,0.6562702041912583,0.5198378722252754,0.5158155506438654,14.62098589527411,5228859.322769194,0.07783380503934374,0.745334835390961,0.05801224626685142
Kalinga,40658,80.65555800518746,225.65040645201398,0.20861720000000006,195.4019871546126,0.2225890120254657,0.21525360517155645,0.7434752684331054,0.691199159180429,0.0353108,0.22188520000000006,0.4437300000000001,0.2,0.06,0.8,3.0,1.5,0.05,0.086110366227576,0.6666666666666666,0.7333333333333333,0.6,0.6333333333333333,0.27365718828027585,29031409.85865658,0.17731872965773066,1,234.60257722888613,0.13653203335758587,1.2018342573076888,6.69408046747628,272167.9236466505,4.888036258998623e-05,1.98737778218366,0.0,0.5488877132409601,586.2059614638378,6.6940804674762795,8.045175226987261,8.045175226987261,6.69408046747628,4.888036258998623e-05,0.08099001695352956,3.0,0.0,0.0,2142.117899945145,1.929663309558507,0.4335677944205596,0.40594119868390416,0.37156886228749314,0.3608165166948066,9.084499181090164,369357.5677047639,0.0464913346756398,0.7368684100286278,0.03425799586254751
La Union,172794,70.32231853165321,236.0420855914361,0.1533975,210.62108762388297,0.0,0.10158727988625177,0.6848495647077829,1.5909704563577942,0.0353108,0.22188520000000006,0.4437300000000001,0.2,0.06,0.8,3.0,1.5,0.05,0.05121646639781224,0.6666666666666666,0.7333333333333333,0.6,0.6333333333333333,0.27365718828027585,132991427.86487652,0.17731872965773066,1,234.60257722888613,0.2786599762108784,1.2018342573076888,4.361458669720811,753633.8893757379,2.9299063384485186e-05,5.062702358458733,0.0,0.7730606139040003,842.4843504955319,4.361458669720812,5.241750441102091,5.241750441102091,4.361458669720811,2.9299063384485186e-05,0.049151792537568184,4.0,0.0,0.0,3078.612170905853,2.980604648327071,0.25801213535970136,1.0452885793110076,0.47995893908163006,0.4740613878250966,6.09368066324996,1052951.4565256136,0.028931958960024755,0.7157346948001542,0.020707606816223904
Laguna,679210,97.44907819414816,301.5304930912425,0.0462429,292.09317663029765,0.0837657996115763,0.2717269655341687,0.5295487384690338,1.1104881920913063,0.0353108,0.22188520000000006,0.4437300000000001,0.2,0.06,0.8,3.0,1.5,0.05,0.015427707110487672,0.6666666666666666,0.7333333333333333,0.6,0.6333333333333333,0.27365718828027585,724967641.9823241,0.17731872965773066,1,234.60257722888613,0.20548828320556434,1.2018342573076888,14.295039447927387,9709333.74342676,5.3838397843219694e-05,36.56757819909325,0.0,0.63977237603472,876.279529890893,14.295039447927387,17.18026811808392,17.18026811808392,14.295039447927387,5.3838397843219694e-05,0.12789841269324984,3.0,0.0,0.0,3202.106750411467,2.9247885230403297,0.5260701922690536,0.6057891711191703,0.32999444018497054,0.3185018100950471,18.287205900450246,12420853.119644811,0.06260743955548255,0.7816962047534791,0.04893999788985356
Lanao del Norte,201860,66.6821074725012,275.19510622568095,0.41434659999999995,188.79845413649664,0.03862984218077475,0.2714599898494333,0.8562633720228114,1.5118501563407707,0.0353108,0.22188520000000006,0.4437300000000001,0.2,0.06,0.8,3.0,1.5,0.05,0.14634391281662726,0.6666666666666666,0.7333333333333333,0.6,0.6333333333333333,0.27365718828027585,139264954.78335696,0.17731872965773066,1,234.60257722888613,0.25544295408272694,1.2018342573076888,0.7033785377591467,141983.99163206137,6.394149905493702e-06,1.2907230999229586,0.0,0.5783149268518399,755.1938165459868,0.7033785377591467,0.8453444225339322,0.8453444225339322,0.7033785377591467,6.394149905493702e-06,0.008549830909602665,4.0,0.0,0.0,2759.634494864895,2.053181724428397,0.5249628293562802,0.884638160187645,0.5140850122243901,0.5016199973461724,1.128635142318727,227826.28982845825,0.005977989319249148,0.6232116220606857,0.003725552420310716
Lanao del Sur,149982,89.66469527272007,212.89135170079123,0.6730543999999999,129.95310839458963,0.02053573197551166,0.12641732604617015,0.4718314681227218,0.5542799822136117,0.0353108,0.22188520000000006,0.4437300000000001,0.2,0.06,0.8,3.0,1.5,0.05,0.4643922598197425,0.6666666666666666,0.7333333333333333,0.6,0.6333333333333333,0.27365718828027585,71222785.06813905,0.17731872965773066,1,234.60257722888613,0.099522737681976,1.2018342573076888,0.3311459280526525,49665.92858119294,4.370726865617531e-06,0.6555303567590486,0.0,0.38524191661056,519.8124335783587,0.3311459280526525,0.397982520501625,0.397982520501625,0.3311459280526525,4.370726865617531e-06,0.005696201016024453,4.0,0.0,0.0,1899.5022087487575,2.234633501313551,0.16545975983369862,0.37104928968190687,0.496174214476586,0.4921497659091612,0.44056175156013594,66076.33262249231,0.0033901593967449717,0.7516447510025202,0.0025481955156252283
Leyte,408401,75.6982171150593,242.29813105080532,0.3140853,189.97154710232235,0.067847481543271,0.20187914096413068,0.9514296690756598,1.257304544417271,0.0353108,0.22188520000000006,0.4437300000000001,0.2,0.06,0.8,3.0,1.5,0.05,0.12515399066178304,0.6666666666666666,0.7333333333333333,0.6,0.6333333333333333,0.27365718828027585,283510074.39524865,0.17731872965773066,1,234.60257722888613,0.22302398078264937,1.2018342573076888,3.8764604705576318,1583150.3326362073,3.3233124144432525e-05,13.572441133710386,0.0,0.6531396944147201,759.8861884092893,3.8764604705576318,4.658862990615245,4.658862990615245,3.8764604705576318,3.3233124144432525e-05,0.03979287454186202,4.0,0.0,0.0,2776.781392751228,2.2512065327580606,0.47934530101629635,0.8394697977302308,0.6187789516006545,0.6049451683974268,5.9207558598660555,2418042.613925157,0.031166540201291417,0.6547239174028919,0.020405479292484232
Maguindanao,161059,84.93135318906607,136.020116586358,0.5451403,108.16957278132925,0.08258542141230069,0.06900176087579682,0.5042795453078768,0.8337076973737135,0.0353108,0.22188520000000006,0.4437300000000001,0.2,0.06,0.8,3.0,1.5,0.05,0.4280270520295983,0.6666666666666666,0.7333333333333333,0.6,0.6333333333333333,0.27365718828027585,63662435.95525458,0.17731872965773066,1,234.60257722888613,0.12965322038995014,1.2018342573076888,0.6517600933310633,104971.82887180775,1.1136382120754943e-05,1.7936145679866704,0.0,0.48070390244672,432.6782911253172,0.6517600933310634,0.7833076077113287,0.7833076077113287,0.6517600933310633,1.1136382120754943e-05,0.008427779617304171,4.0,0.0,0.0,1581.0960196016265,2.010397755159393,0.22922028496729413,0.4841524807300706,0.7963079835095229,0.7871154212872883,0.8524617382812602,137296.63510584147,0.007880790469650449,0.764562283634157,0.006025355158318248
Marinduque,53412,79.78056964608021,206.29932705500502,0.23857609999999999,176.11497533553765,0.1568704386722122,0.13172195037989626,0.9256824887199258,1.423380123167986,0.0353108,0.22188520000000006,0.4437300000000001,0.2,0.06,0.8,3.0,1.5,0.05,0.1080756314201944,0.6666666666666666,0.7333333333333333,0.6,0.6333333333333333,0.27365718828027585,34373857.02065891,0.17731872965773066,1,234.60257722888613,0.2484372949027613,1.2018342573076888,2.48140689603411,132536.90513097387,2.1663668505049968e-05,1.1570998621917288,0.0,0.7094920291526401,704.4599013421505,2.48140689603411,2.982239813973332,2.982239813973332,2.48140689603411,2.1663668505049968e-05,0.028572853763609053,4.0,0.0,0.0,2574.242269202345,2.5344934256038734,0.4131653359127181,0.9407101112900252,0.5737843365560776,0.5618083369915978,3.4450822938764674,184008.73548052987,0.019561552260464108,0.7202750716418989,0.014089698455832534
Masbate,179704,83.88989665720203,165.61549354868916,0.405685,132.4606447737662,0.15349162585901815,0.1527996254681648,1.0628894978922758,0.855705754710762,0.0353108,0.22188520000000006,0.4437300000000001,0.2,0.06,0.8,3.0,1.5,0.05,0.2569281825821009,0.6666666666666666,0.7333333333333333,0.6,0.6333333333333333,0.27365718828027585,86983674.20206574,0.17731872965773066,1,234.60257722888613,0.16888441406698954,1.2018342573076888,2.415124685491458,434007.566481557,3.262115846063289e-05,5.862152660009572,0.0,0.5847790581440003,529.8425790950649,2.415124685491458,2.9025795826930922,2.9025795826930922,2.415124685491458,3.262115846063289e-05,0.027834120259922223,4.0,0.0,0.0,1936.1544362299287,2.0449392294501854,0.4592410789401844,0.6849826335233028,0.7854723627539768,0.7674283361378456,3.38378525677992,608079.7457843787,0.025545589503653675,0.7137346203197719,0.018232771625235004
Misamis Occidental,131488,74.97652820628308,171.92244757300512,0.3377106999999999,139.18277328152584,0.10746537552077468,0.09683864818621317,0.7377595420783316,1.0847286395776077,0.0353108,0.22188520000000006,0.4437300000000001,0.2,0.06,0.8,3.0,1.5,0.05,0.18192176536745625,0.6666666666666666,0.7333333333333333,0.6,0.6333333333333333,0.27365718828027585,66875146.26693373,0.17731872965773066,1,234.60257722888613,0.18906222705006034,1.2018342573076888,0.4096972070537775,53870.26636108709,5.276792331487871e-06,0.6938348700826773,0.0,0.6355081150956803,556.7310931261034,0.4096972070537775,0.49238813856051106,0.49238813856051106,0.4096972070537775,5.276792331487871e-06,0.004833194486227748,4.0,0.0,0.0,2034.4106311430312,2.2066600695026515,0.3012822231392312,0.7085864533647406,0.7103246871432404,0.699521453352308,0.5895510219230775,77518.88477062162,0.004235804532580976,0.6949308742055463,0.0029435913467903132
Misamis Oriental,332788,79.70204754932061,279.38905941880984,0.1908518,241.2784337668964,0.01550863602727001,0.15906044007055986,0.8371500767220841,0.9596448534620611,0.0353108,0.22188520000000006,0.4437300000000001,0.2,0.06,0.8,3.0,1.5,0.05,0.06304450423103014,0.6666666666666666,0.7333333333333333,0.6,0.6333333333333333,0.27365718828027585,293412966.49653995,0.17731872965773066,1,234.60257722888613,0.1796659761102463,1.2018342573076888,0.8343301186918584,277655.0515392261,4.628681159313501e-06,1.540369545645621,0.0,0.7451085597043202,965.1137350675858,0.8343301186918584,1.0027265185474654,1.0027265185474654,0.8343301186918584,4.628681159313501e-06,0.006767447480553508,4.0,0.0,0.0,3526.725320582954,2.757368560488071,0.39498995962695216,0.6986885258575243,0.5887424645373059,0.5775956686367372,1.1803427684401173,392803.90922364977,0.004892035935463957,0.7068540944207824,0.0034579556310363
Mountain Province,34301,103.57907500521593,199.78927397426563,0.27947690000000003,172.90074581801244,0.0566451074483622,0.10965444687221818,0.6280193268826738,0.8979935905872235,0.0353108,0.22188520000000006,0.4437300000000001,0.2,0.06,0.8,3.0,1.5,0.05,0.16742529738879525,0.6666666666666666,0.7333333333333333,0.6,0.6333333333333333,0.27365718828027585,21671890.000673167,0.17731872965773066,1,234.60257722888613,0.16119697075934775,1.2018342573076888,2.570994099961923,88187.66862279392,2.149315458306965e-05,0.737236695353872,0.0,0.5092258952059202,518.7022374540376,2.570994099961923,3.0899087846701883,3.0899087846701883,2.570994099961923,2.149315458306965e-05,0.03903349659629395,3.000000000000001,0.0,0.0,1895.4453223526862,1.7501402992860162,0.18967912203798232,0.46219359966423884,0.32324788907962865,0.3192243844391218,3.324823348622303,114044.76568109362,0.019229664585263633,0.77327239085567,0.014869768709199416
Negros Occidental,661738,74.8561867787849,206.71811029719547,0.24908110000000003,173.87379733911393,0.08307548566366957,0.1939156228869498,0.7697220893161063,1.4151499333688053,0.0353108,0.22188520000000006,0.4437300000000001,0.2,0.06,0.8,3.0,1.5,0.05,0.10723445182657687,0.6666666666666666,0.7333333333333333,0.6,0.6333333333333333,0.27365718828027585,420449028.31402636,0.17731872965773066,1,234.60257722888613,0.24451077170214694,1.2018342573076888,1.6659002937050928,1102389.528555821,1.5383608411481543e-05,10.179918262996972,0.0,0.7016521728646404,695.4951893564559,1.6659002937050933,2.002136042233721,2.002136042233721,1.6659002937050928,1.5383608411481543e-05,0.016691661059558285,4.0,0.0,0.0,2541.4833563375623,2.483146619555426,0.49892231874967274,0.9064225879541512,0.6796667461237667,0.663532691349039,2.3998411150120598,1588066.0597658504,0.0138022010891701,0.6941710779451836,0.009581088808085395
Negros Oriental,298807,63.80098416808182,254.9196265090453,0.43947179999999997,170.92837274590588,0.07808585331678305,0.15837363424682072,0.9565619893073154,1.5111611267249119,0.0353108,0.22188520000000006,0.4437300000000001,0.2,0.06,0.8,3.0,1.5,0.05,0.16403791192583042,0.6666666666666666,0.7333333333333333,0.6,0.6333333333333333,0.27365718828027585,186637137.49326408,0.17731872965773066,1,234.60257722888613,0.25582563287836224,1.2018342573076888,0.29690070911818767,88716.0101894783,3.2901535779400278e-06,0.9831209201635258,0.0,0.5595640503923203,683.7134909836236,0.29690070911818767,0.3568254432371833,0.3568254432371833,0.29690070911818767,3.2901535779400278e-06,0.002887093678559877,4.000000000000001,0.0,0.0,2498.4305922319636,2.026377233648931,0.36926825593047413,0.900910035389601,0.7344843572728843,0.7217219591444137,0.5002770019846412,149486.27013202469,0.0029268224692475696,0.5934726320425633,0.0017369890343456693
Northern Samar,118770,80.71985405415869,212.92396898982219,0.434986,155.41702985041766,0.05346185858351238,0.17175555456211722,0.7373041176900892,1.0133569996411176,0.0353108,0.22188520000000006,0.4437300000000001,0.2,0.06,0.8,3.0,1.5,0.05,0.22592122928482214,0.6666666666666666,0.7333333333333333,0.6,0.6333333333333333,0.27365718828027585,67452569.95196772,0.17731872965773066,1,234.60257722888613,0.17647187375374604,1.2018342573076888,9.613960937826073,1141850.1405856027,0.00010978159669385375,13.038760239329008,0.0,0.5629117921664002,621.6681194016704,9.613960937826072,11.55438760349733,11.55438760349733,9.613960937826073,0.00010978159669385375,0.09217433950224055,4.0,0.0,0.0,2271.7039640302332,1.9493165864528657,0.3608983587695033,0.651809753038485,0.8086914277103558,0.795326536331614,14.472732737623666,1718926.4672475627,0.0931219233281775,0.6642809697461896,0.061859121533072055
Nueva Ecija,464189,92.824413730695,235.18403018328732,0.19640320000000003,207.22414596122556,0.0210490522990523,0.102712715906075,0.6437099292700744,1.2013989933204199,0.0353108,0.22188520000000006,0.4437300000000001,0.2,0.06,0.8,3.0,1.5,0.05,0.08797725675387127,0.6666666666666666,0.7333333333333333,0.6,0.6333333333333333,0.27365718828027585,351502438.8508942,0.17731872965773066,1,234.60257722888613,0.21260292950135606,1.2018342573076888,3.551646046515594,1648635.0266860272,2.419175860802554e-05,11.229548236500769,0.0,0.5557241724057602,621.6724378836768,3.5516460465155943,4.268489888533859,4.268489888533859,3.551646046515594,2.419175860802554e-05,0.038193259764807946,3.0,0.0,0.0,2271.7197446572045,2.022893072337253,0.17334742209986445,0.6015059555085397,0.3875437170397986,0.38332048622849507,4.9102220304947926,2279271.054113347,0.023695221460406268,0.7233167918799186,0.017139151569625262
Nueva Vizcaya,101443,77.16578224488461,246.205641306619,0.150795,220.7152757594047,0.05903118258482056,0.12016808673647066,0.6689483096051788,1.1058453145823812,0.0353108,0.22188520000000006,0.4437300000000001,0.2,0.06,0.8,3.0,1.5,0.05,0.052720474799857864,0.6666666666666666,0.7333333333333333,0.6,0.6333333333333333,0.27365718828027585,81817765.72201623,0.17731872965773066,1,234.60257722888613,0.2016735404115413,1.2018342573076888,3.51733363081895,356808.87551116676,2.175633158180944e-05,2.207027544653495,0.0,0.5812521400560002,662.1458272782143,3.51733363081895,4.22725205189865,4.22725205189865,3.51733363081895,2.175633158180944e-05,0.0405875562659154,3.0,0.0,0.0,2419.617885571687,2.1903384497729887,0.22189789454984518,0.578106929364022,0.33989148008028386,0.3349859946360931,4.854084482439242,492412.892152084,0.021992517127498407,0.7246131878305183,0.015936067944173894
Occidental Mindoro,104345,72.34070038622465,229.9078975503241,0.2977628,182.99024773458981,0.1334084325716125,0.14415557830092118,0.921667895197958,0.8763169579766636,0.0353108,0.22188520000000006,0.4437300000000001,0.2,0.06,0.8,3.0,1.5,0.05,0.11771321022640298,0.6666666666666666,0.7333333333333333,0.6,0.6333333333333333,0.27365718828027585,69773856.55336723,0.17731872965773066,1,234.60257722888613,0.1669348532402866,1.2018342573076888,1.993117100573392,207971.80385933066,1.79899519802494e-05,1.877161539379124,0.0,0.6653211369907199,731.9609909383594,1.993117100573392,2.395396410294877,2.395396410294877,1.993117100573392,1.79899519802494e-05,0.017922964324096867,4.0,0.0,0.0,2674.7369420045893,2.311875078256427,0.42286643428966264,0.6597459670499392,0.7277015355898896,0.7124105084516335,3.030016709117097,316167.09351282346,0.016558350768024817,0.6577907952046106,0.010891930718975918
Oriental Mindoro,182397,78.7653092534121,207.5621342532751,0.2153085,179.83108305779209,0.09609900183336728,0.1256593886462882,1.0642686801575247,1.4200170617047063,0.0353108,0.22188520000000006,0.4437300000000001,0.2,0.06,0.8,3.0,1.5,0.05,0.09430427876552486,0.6666666666666666,0.7333333333333333,0.6,0.6333333333333333,0.27365718828027585,119860363.48110886,0.17731872965773066,1,234.60257722888613,0.2515071214373384,1.2018342573076888,2.1811947985430074,397843.3876698489,1.9635337789778778e-05,3.5814267068422785,0.0,0.7268565831904001,719.3243322311685,2.181194798543008,2.6214346307503296,2.6214346307503296,2.1811947985430074,1.9635337789778778e-05,0.022545017022354712,4.0,0.0,0.0,2628.5599759011143,2.631608043385354,0.3578843583065352,0.9682999325166098,0.6460371552542135,0.6347979914355975,3.221874718211306,587660.2829775875,0.01791611696614148,0.6769955349952109,0.012129131190529725
Palawan,233128,74.5974588937775,215.46470306583674,0.2047371,186.6239520090575,0.05487115021998743,0.15849146161231512,0.8408596471056806,1.0872562813933342,0.0353108,0.22188520000000006,0.4437300000000001,0.2,0.06,0.8,3.0,1.5,0.05,0.08183765929755883,0.6666666666666666,0.7333333333333333,0.6,0.6333333333333333,0.27365718828027585,158984563.70679367,0.17731872965773066,1,234.60257722888613,0.198510265045988,1.2018342573076888,0.16560415249953686,38606.96486391203,1.342356333862681e-06,0.31294084740073913,0.0,0.7347459936390401,746.49580803623,0.16560415249953686,0.19902874362635012,0.19902874362635012,0.16560415249953686,1.342356333862681e-06,0.0012115274171544763,4.0,0.0,0.0,2727.8501716961273,2.6956102238415593,0.41182961867025886,0.7646810987235839,0.8554107060120822,0.838459518884767,0.23285846922598896,54285.82921371635,0.0012477416040074403,0.7111794260693957,0.0008873681578209186
Pampanga,523257,112.66825172910156,312.38010583417883,0.054434699999999996,301.50885096952516,0.07035775725871572,0.22231766422649527,0.7918771116436987,1.631368665645534,0.0353108,0.22188520000000006,0.4437300000000001,0.2,0.06,0.8,3.0,1.5,0.05,0.02034123529931804,0.6666666666666666,0.7333333333333333,0.6,0.6333333333333333,0.27365718828027585,576511868.0901539,0.17731872965773066,1,234.60257722888613,0.29085773302517576,1.2018342573076888,5.613250174019722,2937172.446307037,2.0479835523459432e-05,10.716217296498812,0.0,0.8469163140332804,1206.0354038781006,5.613250174019722,6.746196353975246,6.746196353975246,5.613250174019722,2.0479835523459432e-05,0.04694328490609284,4.0,0.0,0.0,4407.102957744694,3.5416701018118726,0.6421373168360289,1.1418057612372683,0.45770988668921997,0.44336912577575194,7.295409421718146,3817374.0477799717,0.024196335856341164,0.7694222283549018,0.01861719865260963
Pangasinan,646070,90.23663691225588,201.39996161182341,0.14875970000000002,184.8633387785132,0.04912131017906752,0.08907904378674124,0.7592985345648284,1.540678815750089,0.0353108,0.22188520000000006,0.4437300000000001,0.2,0.06,0.8,3.0,1.5,0.05,0.07261350533195254,0.6666666666666666,0.7333333333333333,0.6,0.6333333333333333,0.27365718828027585,436438955.01224935,0.17731872965773066,1,234.60257722888613,0.2681570803037397,1.2018342573076888,4.2308720699893545,2733439.518258022,3.27395233556482e-05,21.152023854383632,0.0,0.7765217929132803,739.453355114053,4.2308720699893545,5.0848069919995,5.0848069919995,4.2308720699893545,3.27395233556482e-05,0.04885636838611894,4.0,0.0,0.0,2702.11559126565,2.994755430145263,0.24940482996775132,1.0272794589813647,0.5281431261278405,0.5216818616543804,5.599145167897029,3617439.7186232335,0.030288023601074448,0.7556282152224353,0.022886485216294883
Quezon,463303,83.96952883992223,176.9196323626209,0.2031569,158.0361774762703,0.1375328028218395,0.21327865344453506,0.630604660099973,1.2356373390964195,0.0353108,0.22188520000000006,0.4437300000000001,0.2,0.06,0.8,3.0,1.5,0.05,0.107943569921771,0.6666666666666666,0.7333333333333333,0.6,0.6333333333333333,0.27365718828027585,267556045.55250698,0.17731872965773066,1,234.60257722888613,0.21522922795516716,1.2018342573076888,4.950523868832518,2293592.5600017123,4.9710522801906906e-05,23.03103434569187,0.0,0.7359252931065601,632.1447099050812,4.9505238688325175,5.9497091771823145,5.9497091771823145,4.950523868832518,4.9710522801906906e-05,0.05893876366723946,4.0,0.0,0.0,2309.987593885703,2.6529832250784557,0.5936710837324953,0.8154063797325269,0.6245468387908448,0.606482748975371,6.719798173607981,3113302.6532270988,0.04252063218003981,0.7367072255645577,0.03132525696260818
Quirino,42119,109.44218974516426,210.81016756073586,0.1546661,195.1319777671149,0.0,0.07706782755231006,0.2657127017275973,0.8304141443890741,0.0353108,0.22188520000000006,0.4437300000000001,0.2,0.06,0.8,3.0,1.5,0.05,0.0867464003442147,0.6666666666666666,0.7333333333333333,0.6,0.6333333333333333,0.27365718828027585,30033063.71457551,0.17731872965773066,1,234.60257722888613,0.1508081087351962,1.2018342573076888,3.4910365077166468,147038.96666851745,2.389334630790429e-05,1.006363853142621,0.0,0.5790853955764801,585.3959333013448,3.4910365077166468,4.195647268485663,4.195647268485663,3.4910365077166468,2.389334630790429e-05,0.046217674002170306,3.0,0.0,0.0,2139.157889402088,2.177844615954629,0.13029609445864337,0.42944552685177295,0.32394678461815657,0.3211843463981314,4.431419029603257,186646.93810785958,0.022709855556796762,0.7877920107296189,0.01789064277246813
Rizal,611020,90.17599935007959,391.2924351543395,0.050362800000000006,376.1273683212168,0.031976082929841096,0.21973228642285092,0.812665233354465,1.067989030626577,0.0353108,0.22188520000000006,0.4437300000000001,0.2,0.06,0.8,3.0,1.5,0.05,0.012074409369194551,0.6666666666666666,0.7333333333333333,0.6,0.6333333333333333,0.27365718828027585,839814755.226711,0.17731872965773066,1,234.60257722888613,0.19944760019442817,1.2018342573076888,16.421804725611953,10034051.123443414,4.3435608415232596e-05,26.540025453875426,0.0,0.6374663724230402,1128.3821049636504,16.421804725611953,19.73628748605773,19.73628748605773,16.421804725611953,4.3435608415232596e-05,0.11464150183400482,3.0,0.0,0.0,4123.341732971316,2.593317495159333,0.42055271659514626,0.5913117418869646,0.3300394492912588,0.3209561173760623,21.558647262603856,13172764.650396207,0.05731741180873746,0.761727047415336,0.0436602228625585
Romblon,64792,76.34886070865744,173.0215083998227,0.30360729999999997,143.67098685045673,0.07747445478114992,0.05305851063829787,1.0300312012296118,1.301616774060061,0.0353108,0.22188520000000006,0.4437300000000001,0.2,0.06,0.8,3.0,1.5,0.05,0.16134135336565256,0.6666666666666666,0.7333333333333333,0.6,0.6333333333333333,0.27365718828027585,34016028.00391607,0.17731872965773066,1,234.60257722888613,0.22881143507756327,1.2018342573076888,1.3342999753814349,86451.96400491393,1.619327335424418e-05,1.0491945671681888,0.0,0.6609594006675202,574.683947401827,1.3342999753814346,1.6036074199382138,1.6036074199382138,1.3342999753814349,1.619327335424418e-05,0.015393972060791464,4.0,0.0,0.0,2100.01407605359,2.2960326989965676,0.18141410854937995,0.8788702144494552,0.7092591012954516,0.7025835434094603,1.8974108431162526,122937.04334718824,0.013206638895654115,0.7032214347368329,0.009287191552253148
Samar (Western),151139,65.43542740009431,171.80541380763916,0.43494629999999995,125.54018178862722,0.021707714072744418,0.054401536263787735,0.9410439894238984,0.8910632886629859,0.0353108,0.22188520000000006,0.4437300000000001,0.2,0.06,0.8,3.0,1.5,0.05,0.2267074703182239,0.6666666666666666,0.7333333333333333,0.6,0.6333333333333333,0.27365718828027585,69334986.793471,0.17731872965773066,1,234.60257722888613,0.16835778679119,1.2018342573076888,2.82559811826508,427058.073996466,4.3706127497645896e-05,6.605700403866702,0.0,0.5629414201811198,502.1607271545087,2.82559811826508,3.395900615915115,3.395900615915115,2.82559811826508,4.3706127497645896e-05,0.03729077989972407,4.0,0.0,0.0,1834.9992204122302,2.0069026954656017,0.12054443780680665,0.6648289483716799,0.7136032401884834,0.7095790142401657,4.183016595687825,632216.9452556621,0.03332014129731623,0.6754929256503366,0.022507519728006742
Sarangani,115139,71.29740240081536,193.14573074633591,0.4601569999999999,137.07636951984622,0.1975765354271262,0.2251234776453175,0.7815658989290777,0.7796186457223755,0.0353108,0.22188520000000006,0.4437300000000001,0.2,0.06,0.8,3.0,1.5,0.05,0.23934102509041116,0.6666666666666666,0.7333333333333333,0.6,0.6333333333333333,0.27365718828027585,57673749.44297467,0.17731872965773066,1,234.60257722888613,0.14773714640166682,1.2018342573076888,0.3175074017795544,36557.484733496116,4.423883053760217e-06,0.5093614709268975,0.0,0.40809505145760017,411.2291085595384,0.31750740177955444,0.38159127240742474,0.38159127240742474,0.3175074017795544,4.423883053760217e-06,0.003469518844862674,3.000000000000001,0.0,0.0,1502.7162675455238,1.5066929228184487,0.4248951187100425,0.43106684910386595,0.5941544872157642,0.5775142798413251,0.4830817607956581,55621.55085625128,0.0035241797144745395,0.6572539630902332,0.0023162810839805975
Siquijor,22141,76.92299022372626,281.7251427297586,0.2402308,232.52535779151242,0.07219402143260012,0.06640114136250147,0.9021887574020682,1.4125372305334327,0.0353108,0.22188520000000006,0.4437300000000001,0.2,0.06,0.8,3.0,1.5,0.05,0.07947206986520099,0.6666666666666666,0.7333333333333333,0.6,0.6333333333333333,0.27365718828027585,18813114.244194515,0.17731872965773066,1,234.60257722888613,0.2493689047950039,1.2018342573076888,0.24355142329430274,5392.472063159156,1.4842272965377453e-06,0.032862276572642214,0.0,0.7082571305139203,930.1014311660497,0.2435514232943027,0.2927084439311389,0.2927084439311389,0.24355142329430274,1.4842272965377453e-06,0.0021678384586796815,4.0,0.0,0.0,3398.783116244887,2.537111903070874,0.20337830872813598,0.9307829187542626,0.5580683638874346,0.5523668358145735,0.35807914753647935,7928.230405605189,0.00153995740910779,0.6801608665846449,0.001047418765882199
Sorsogon,160822,81.24648487799061,163.16146081377042,0.3129167,137.52889686336678,0.030919640728082023,0.0547068725225796,1.398240266509803,1.1017212043549272,0.0353108,0.22188520000000006,0.4437300000000001,0.2,0.06,0.8,3.0,1.5,0.05,0.18485847348778292,0.6666666666666666,0.7333333333333333,0.6,0.6333333333333333,0.27365718828027585,80822551.7127939,0.17731872965773066,1,234.60257722888613,0.2114954117132278,1.2018342573076888,3.872343470899831,622758.0216770526,4.735750649849797e-05,7.616128910101441,0.0,0.6540118177900803,550.115587453467,3.872343470899831,4.653915039389176,4.653915039389176,3.872343470899831,4.735750649849797e-05,0.04600786115823775,4.0,0.0,0.0,2010.2362043201529,2.251002055799075,0.14179035134193108,0.8617391622933585,0.6997424509147473,0.6949174349508015,5.197002078998981,835792.2683487742,0.037788437175949555,0.7451110105473925,0.028156580611178428
South Cotabato,333099,74.96092004801079,246.61487653921589,0.25762260000000003,202.39293796766478,0.0986785373016058,0.2463230685241725,0.6654038848557856,1.0714050715990562,0.0353108,0.22188520000000006,0.4437300000000001,0.2,0.06,0.8,3.0,1.5,0.05,0.09541650669770887,0.6666666666666666,0.7333333333333333,0.6,0.6333333333333333,0.27365718828027585,246355250.77106237,0.17731872965773066,1,234.60257722888613,0.19251926835875938,1.2018342573076888,0.8124077141697947,270612.19718224445,6.379047557192794e-06,2.1248543622533624,0.0,0.5214582539356802,607.1788139029943,0.812407714169795,0.9763794217902924,0.9763794217902924,0.8124077141697947,6.379047557192794e-06,0.007576432021170226,3.0,0.0,0.0,2218.7570431408885,1.8477901089040325,0.4165730010296674,0.5355508205271526,0.46885464418947254,0.4566526138158843,1.2497466547857166,416289.3609624674,0.006174853072123405,0.6500579225867913,0.0040140121603432066
Southern Leyte,93675,75.36102561931641,220.19960456421458,0.3404328,170.89180158598185,0.013358419567262464,0.09554098891316663,0.9852542408291545,1.6279423534857353,0.0353108,0.22188520000000006,0.4437300000000001,0.2,0.06,0.8,3.0,1.5,0.05,0.15012636489496814,0.6666666666666666,0.7333333333333333,0.6,0.6333333333333333,0.27365718828027585,58497602.83720882,0.17731872965773066,1,234.60257722888613,0.27463053358311995,1.2018342573076888,1.8120307450998612,169741.9800472295,1.754685378029398e-05,1.6437015278690388,0.0,0.6334766183987204,683.5672063439273,1.8120307450998614,2.1777606247557895,2.1777606247557895,1.8120307450998612,1.754685378029398e-05,0.022190501603559322,4.0,0.0,0.0,2497.89603788455,2.1909506511233108,0.2026900401586389,1.002781155018099,0.558482064086912,0.5533005898297718,2.6671915324657762,249849.16680373158,0.015607486770650115,0.6793778110958036,0.010603380198950988
Sultan Kudarat,183454,66.53105722578468,167.62618316130153,0.4037797000000001,126.8060235395963,0.07030712116098549,0.1146380932354474,0.7025379602485833,1.531525683472497,0.0353108,0.22188520000000006,0.4437300000000001,0.2,0.06,0.8,3.0,1.5,0.05,0.21185027002224133,0.6666666666666666,0.7333333333333333,0.6,0.6333333333333333,0.27365718828027585,85008080.3235009,0.17731872965773066,1,234.60257722888613,0.24422000470847416,1.2018342573076888,0.6385263591842302,117140.21469778377,9.752083262621272e-06,1.7890586828609225,0.0,0.43965073422096,380.41807061878893,0.6385263591842302,0.7674028526615618,0.7674028526615618,0.6385263591842302,9.752083262621272e-06,0.00822932193768159,3.0,0.0,0.0,1390.1263584904264,1.549667580277787,0.19347629326102556,0.6423637080648269,0.5357242154583937,0.529106619106701,0.9475024868487641,173823.1212223532,0.0074720621339639925,0.6739046789289839,0.005035457633326423
Sulu,127630,106.98192532860097,151.7095059854359,0.40177290000000004,133.7391761949554,0.07824018097429697,0.11873952221290865,0.14722912575364516,0.1561107328623237,0.0353108,0.22188520000000006,0.4437300000000001,0.2,0.06,0.8,3.0,1.5,0.05,0.32139003401814537,0.6666666666666666,0.7333333333333333,0.6,0.6333333333333333,0.27365718828027585,62374137.3834485,0.17731872965773066,1,234.60257722888613,0.04173491686563011,1.2018342573076888,0.01088480135292639,1389.2271966739952,1.317495949169353e-07,0.016815200799248455,0.0,0.5876986489849603,534.9567047798216,0.010884801352926389,0.013081727149936015,0.013081727149936015,0.01088480135292639,1.317495949169353e-07,0.00010409983978053174,4.0,0.0,0.0,1954.8425098628375,2.0770686447604416,0.3074039533061461,0.16046476077690222,0.8600204565356032,0.8468594262109014,0.013864697550344274,1769.5513483504396,0.00010366967963174314,0.7850731192225763,8.138827875729776e-05
Surigao del Norte,128923,89.81637897753325,215.71438342594547,0.3383435,173.11761195785408,0.043122420907840436,0.08884903050338798,0.9812586084124895,1.1794951403851779,0.0353108,0.22188520000000006,0.4437300000000001,0.2,0.06,0.8,3.0,1.5,0.05,0.17553839656697232,0.6666666666666666,0.7333333333333333,0.6,0.6333333333333333,0.27365718828027585,81557667.19193132,0.17731872965773066,1,234.60257722888613,0.2096962591353046,1.2018342573076888,1.7003871925816956,219219.01802920992,1.5533413577377798e-05,2.002614278636278,0.0,0.6350358579744002,692.4704478314162,1.7003871925816954,2.043583578731928,2.043583578731928,1.7003871925816956,1.5533413577377798e-05,0.015899110747135528,4.000000000000001,0.0,0.0,2530.4303248274177,2.1970486158968705,0.22013318810909058,0.8051189846838911,0.7152726652236463,0.7077378987442323,2.4074198868724435,310371.79407525604,0.013906267881389999,0.7063110186361065,0.00982215023273114
Surigao del Sur,120055,88.1427644253415,228.64958700601727,0.2829407,188.89448827026501,0.15935586434291096,0.13138024765931744,1.0906721094043952,1.5220591805414896,0.0353108,0.22188520000000006,0.4437300000000001,0.2,0.06,0.8,3.0,1.5,0.05,0.13202701515969556,0.6666666666666666,0.7333333333333333,0.6,0.6333333333333333,0.27365718828027585,82869110.55323882,0.17731872965773066,1,234.60257722888613,0.2639093060797415,1.2018342573076888,1.688201724749252,202677.0580647714,1.3300551756361958e-05,1.596797741110035,0.0,0.6763828346476802,755.5779530810604,1.6882017247492518,2.0289386660495765,2.0289386660495765,1.688201724749252,1.3300551756361958e-05,0.015482007093590123,4.0,0.0,0.0,2761.0382092620493,2.3588818724882565,0.41788706468011527,1.0009730972401083,0.6676298223439391,0.6535196221667121,2.3494801241166687,282066.8363008267,0.012438055475473152,0.7185426713852126,0.008937273608183948
Tarlac,296663,82.28988392990492,283.9269578305503,0.1354197,256.6213257740471,0.06929855130183701,0.1604435277926149,0.7078101837148417,1.599290554503698,0.0353108,0.22188520000000006,0.4437300000000001,0.2,0.06,0.8,3.0,1.5,0.05,0.043424572611843085,0.6666666666666666,0.7333333333333333,0.6,0.6333333333333333,0.27365718828027585,278194966.65344226,0.17731872965773066,1,234.60257722888613,0.28147472871035967,1.2018342573076888,3.430893681845874,1017819.2123374427,1.7181370896665862e-05,5.097077034317584,0.0,0.5898580521729602,769.8639773221412,3.430893681845874,4.1233655600228785,4.1233655600228785,3.430893681845874,1.7181370896665862e-05,0.030953690524818916,3.0,0.0,0.0,2813.2422983665883,2.2751828017255384,0.29620140483945334,0.7982690802850869,0.3747661564075883,0.3675879407016775,4.805847631092896,1425717.175782912,0.018727389925981462,0.7138998039905929,0.01336947999741357
Tawi-tawi,66077,112.30657541899441,189.7559147521278,0.2194188,172.76207365485888,0.1840126905303814,0.07140502917854165,0.11726792840351863,0.36718517197897393,0.0353108,0.22188520000000006,0.4437300000000001,0.2,0.06,0.8,3.0,1.5,0.05,0.14263647969273033,0.6666666666666666,0.7333333333333333,0.6,0.6333333333333333,0.27365718828027585,41714963.20864195,0.17731872965773066,1,234.60257722888613,0.07478359779513172,1.2018342573076888,0.009517649055182808,628.8976966193146,7.561612819883074e-08,0.004996486902994139,0.0,0.5428418071238401,518.2862209645768,0.009517649055182811,0.011438636683550859,0.011438636683550859,0.009517649055182808,7.561612819883074e-08,0.00011062206027729811,3.000000000000001,0.0,0.0,1893.9251120045687,1.9721949956780245,0.1922265342063374,0.210458495859554,0.404186205547912,0.3991757261667157,0.01168315559418203,771.987872196766,6.762569669962656e-05,0.8146471198177314,5.5091079042018236e-05
Zambales,184359,94.39390879259192,202.15369302893657,0.1206655,189.15080478416593,0.0,0.08363918994775249,1.0375502419619607,1.2826718715266103,0.0353108,0.22188520000000006,0.4437300000000001,0.2,0.06,0.8,3.0,1.5,0.05,0.06021696928231088,0.6666666666666666,0.7333333333333333,0.6,0.6333333333333333,0.27365718828027585,127428237.63682392,0.17731872965773066,1,234.60257722888613,0.2323835904900811,1.2018342573076888,19.877348863592644,3664568.1591430763,0.0001485669025095428,27.389645579756802,0.0,0.7974884269471999,756.6032191366637,19.877348863592644,23.889278808721695,23.889278808721695,19.877348863592644,0.0001485669025095428,0.23333770932369505,4.0,0.0,0.0,2764.7847436105403,3.254549887622881,0.22064047581933582,0.9151449410509713,0.513168030700487,0.5078265095133516,26.29707626142723,4848102.682480463,0.1390270387241228,0.7558767623436871,0.10508730790902035
Zamboanga del Norte,217100,60.664953686454524,194.5781438347069,0.47967479999999996,130.343361132982,0.10186483320209723,0.1989412462487717,1.0011281026673553,1.1070002975308038,0.0353108,0.22188520000000006,0.4437300000000001,0.2,0.06,0.8,3.0,1.5,0.05,0.22325225675952,0.6666666666666666,0.7333333333333333,0.6,0.6333333333333333,0.27365718828027585,103405080.93282184,0.17731872965773066,1,234.60257722888613,0.1985838862645539,1.2018342573076888,0.28511006721455906,61897.39559228077,4.494659881916239e-06,0.9757906603640152,0.0,0.5295606479795201,521.373444531928,0.285110067214559,0.34265504588175477,0.34265504588175477,0.28511006721455906,4.494659881916239e-06,0.0037726668776750364,4.0,0.0,0.0,1905.2064658281317,1.9998561581903327,0.4571284117076723,0.7571001138873642,0.7041237390661904,0.688992943991672,0.45509634853971154,98801.41726797138,0.0034915192042301434,0.6264828714389926,0.002187376976750487
Zamboanga del Sur,402612,79.30394035512279,213.1819281789613,0.2586444,178.55513634505724,0.13756446083374144,0.16656839030012266,1.185500257987883,1.1373350931745085,0.0353108,0.22188520000000006,0.4437300000000001,0.2,0.06,0.8,3.0,1.5,0.05,0.11487499318500735,0.6666666666666666,0.7333333333333333,0.6,0.6333333333333333,0.27365718828027585,262695239.2733388,0.17731872965773066,1,234.60257722888613,0.21052325773285033,1.2018342573076888,0.3221882353508899,129716.84981109248,2.8262296840396126e-06,1.1378739855505564,0.0,0.6945151050265604,714.2205453802292,0.3221882353508899,0.38721685854621163,0.38721685854621163,0.3221882353508899,2.8262296840396126e-06,0.0029428647499390747,4.0,0.0,0.0,2609.9096825066194,2.4626122131684527,0.4772000590969445,0.8359800060550328,0.7111460473681996,0.6943985140921981,0.458816564201976,184725.05454648595,0.002569607201415446,0.7022157883756333,0.0018044187467576521
Zamboanga Sibugay,129797,76.49250749585984,198.948210812357,0.3701923,153.61605235350527,0.10940904732851042,0.16874046529366896,1.111386701562972,0.9689931325701987,0.0353108,0.22188520000000006,0.4437300000000001,0.2,0.06,0.8,3.0,1.5,0.05,0.1843357959589791,0.6666666666666666,0.7333333333333333,0.6,0.6333333333333333,0.27365718828027585,72860877.04338604,0.17731872965773066,1,234.60257722888613,0.18462284668869666,1.2018342573076888,0.22262936562007574,28896.623769388978,2.5955880699211123e-06,0.33689954471155065,0.0,0.6112671749715202,614.4642094140211,0.22262936562007574,0.2675635982848856,0.2675635982848856,0.22262936562007574,2.5955880699211123e-06,0.0022416014205581345,4.0,0.0,0.0,2245.379386068586,2.1325046214922807,0.44032929364465667,0.7422641410843799,0.7771836463370331,0.760820025219038,0.33625116972491287,43644.393076784516,0.0021889064623996646,0.6620924643985889,0.0014492584740281912
