country,gdp_pc_pp,pop,urbanization_rate,prepare_scaleup,borrow_abi,avg_prod_k,T_rebuild_K,pi,income_elast,rho,shareable,max_increased_spending,fa_glofris,protection,tau_tax,macro_multiplier,dK,dKtot,delta_W,delta_W_tot,average_aid_cost_pc,axfin,c,dc,dc_npv_post,dc_npv_pre,dk,dw,fa,gamma_SP,help_fee,help_received,k,n,shew,social,v,v_shew,dWpc_currency,dWtot_currency,risk,resilience,risk_to_assets
Albania,9960.94073,2897366.00000,0.57407,0.00000,0.17500,0.18528,3,0.20000,1.50000,0.06000,0.80000,0.05000,0.07368,1.00000,0.19585,1.11835,98.37405,285025636.15005,0.00000,6.10625,0.00000,0.44540,49804.70363,98.37405,110.01638,110.01638,98.37405,0.00000,0.00481,5.00000,0.00000,0.00000,268807.79028,3.39034,0.00000,1.02493,2.10600,2.10600,142.55657,413038552.09311,0.01431,0.69007,0.00988
Angola,7488.01176,21471618.00000,0.44050,0.00000,0.17500,0.43240,3,0.20000,1.50000,0.06000,0.80000,0.05000,0.01703,1.00000,0.12567,1.35179,11.16415,239712448.14735,0.00000,17.42190,0.00000,0.89687,37440.05880,11.16415,15.09160,15.09160,11.16415,0.00000,0.00154,5.00000,0.00000,0.00000,86587.15251,3.39753,0.00000,0.64707,3.10000,3.10000,35.77273,768098313.44352,0.00478,0.31209,0.00149
Argentina,18087.19626,41446246.00000,0.91751,0.73333,0.37500,0.26955,3,0.20000,1.50000,0.06000,0.80000,0.05000,0.07206,1.00000,0.15106,1.19795,79.59947,3299099367.89740,0.00000,35.13644,1.32154,0.24585,90435.98131,79.59947,95.35650,95.35650,79.59947,0.00000,0.00309,5.00000,1.32154,1.32154,335507.86150,3.39529,3.20000,0.79533,2.28902,1.99602,140.31489,5815525578.59024,0.00776,0.56729,0.00440
Armenia,7526.83642,2976566.00000,0.62673,0.40000,0.42500,0.36670,3,0.20000,1.50000,0.06000,0.80000,0.05000,0.03800,1.00000,0.26962,1.28972,54.76500,163011623.96117,0.00000,5.18989,0.54774,0.05147,37634.18210,54.76500,70.63175,70.63175,54.76500,0.00000,0.01131,5.00000,0.54774,0.54774,102630.54603,3.38101,1.60000,1.49311,1.25000,1.17000,77.47041,230595786.76392,0.01029,0.70692,0.00728
Australia,42834.01676,23129300.00000,0.89423,0.80000,0.91667,0.27360,3,0.20000,1.50000,0.06000,0.80000,0.05000,0.04109,1.00000,0.22516,1.20178,86.89803,2009890600.05680,0.00000,4.61120,2.52887,3.26203,214170.08380,86.89803,104.43253,104.43253,86.89803,0.00000,0.00129,5.00000,2.52887,2.52887,782778.55367,3.39810,4.00000,1.40820,2.85440,2.39770,120.19615,2780052746.72475,0.00281,0.72297,0.00203
Austria,44056.25442,8479823.00000,0.65968,0.80000,0.89167,0.23228,3,0.20000,1.50000,0.06000,0.80000,0.05000,0.07922,1.00000,0.47308,1.16275,104.23148,883864460.15954,0.00000,1.92430,9.43293,2.70964,220281.27208,104.23148,121.19466,121.19466,104.23148,0.00000,0.00235,5.00000,9.43293,9.43293,948349.73886,3.39665,4.00000,2.42079,1.52800,1.28352,142.73603,1210376307.96001,0.00324,0.73024,0.00237
Azerbaijan,16593.18876,9416801.00000,0.54620,0.00000,0.25000,0.59822,3,0.20000,1.50000,0.06000,0.80000,0.05000,0.05713,1.00000,0.42821,1.50844,43.91381,413527646.93202,0.00000,4.62444,0.00000,0.09987,82965.94380,43.91381,66.24128,66.24128,43.91381,0.00000,0.00664,5.00000,0.00000,0.00000,138687.71662,3.38683,0.00000,2.41821,1.25000,1.25000,71.42401,672585734.51444,0.00430,0.61483,0.00265
Bangladesh,2853.44774,156594962.00000,0.34277,0.73333,0.61667,0.28971,3,0.20000,1.50000,0.06000,0.80000,0.05000,0.22001,1.00000,0.07341,1.21700,64.82574,10151384418.77901,0.00001,1488.36231,3.29524,0.87490,14267.23870,64.82574,78.89278,78.89278,64.82574,0.00001,0.01763,5.00000,3.29524,3.29524,49246.80714,3.37424,3.20000,0.36576,2.36214,2.05979,98.57251,15435958803.03661,0.03455,0.65765,0.02272
Belarus,17054.55833,9466000.00000,0.76667,0.73333,0.51667,0.38644,3,0.20000,1.50000,0.06000,0.80000,0.05000,0.03564,1.00000,0.33536,1.30838,61.84812,585454338.22868,0.00000,6.03722,2.99469,0.38549,85272.79167,61.84812,80.92087,80.92087,61.84812,0.00000,0.00517,5.00000,2.99469,2.99469,220659.84524,3.39230,3.20000,1.77098,1.88000,1.63936,96.66176,915000204.90448,0.00567,0.63984,0.00363
Belgium,40608.97201,11182817.00000,0.97858,0.00000,0.42500,0.21669,3,0.20000,1.50000,0.06000,0.80000,0.05000,0.10099,1.00000,0.46520,1.14802,26.80017,299701418.85307,0.00000,0.69778,0.00000,2.10773,203044.86005,26.80017,30.76716,30.76716,26.80017,0.00000,0.00051,5.00000,0.00000,0.00000,937022.65067,3.39897,0.00000,2.47204,1.54000,1.54000,34.75759,388687791.04938,0.00086,0.77106,0.00066
Benin,1733.30940,10323474.00000,0.43950,0.66667,0.25000,0.33025,3,0.20000,1.50000,0.06000,0.80000,0.05000,0.04386,1.00000,0.08293,1.25530,4.56344,47110562.54911,0.00000,19.16861,0.08475,0.44122,8666.54700,4.56344,5.72848,5.72848,4.56344,0.00000,0.00163,5.00000,0.08475,0.08475,26242.11907,3.39779,1.60000,0.38950,3.39374,3.17654,9.11698,94118931.98413,0.00526,0.50054,0.00263
Bolivia,5934.38798,10671200.00000,0.68512,0.53333,0.45000,0.42183,3,0.20000,1.50000,0.06000,0.80000,0.05000,0.04649,1.00000,0.25299,1.34181,29.57909,315644364.96184,0.00000,20.58827,0.29426,0.99229,29671.93989,29.57909,39.68957,39.68957,29.57909,0.00000,0.00563,5.00000,0.29426,0.29426,70340.28976,3.39076,2.40000,1.35391,2.25542,2.03890,60.01264,640406842.06113,0.01011,0.49288,0.00498
Bosnia and Herzegovina,9387.35003,3829307.00000,0.39767,0.00000,0.12500,0.32393,3,0.20000,1.50000,0.06000,0.80000,0.05000,0.13678,1.00000,0.14001,1.24933,58.05216,222299533.66577,0.00000,5.70796,0.00000,0.34877,46936.75016,58.05216,72.52614,72.52614,58.05216,0.00000,0.00437,5.00000,0.00000,0.00000,144896.81936,3.39128,0.00000,0.75624,2.46812,2.46812,92.25031,353254776.66519,0.00983,0.62929,0.00618
Botswana,15246.60880,2021144.00000,0.57444,0.60000,0.70833,0.28118,3,0.20000,1.50000,0.06000,0.80000,0.05000,0.03495,1.00000,0.07043,1.20894,44.00230,88934986.59181,0.00000,1.18881,0.39522,0.95434,76233.04399,44.00230,53.19610,53.19610,44.00230,0.00000,0.00142,5.00000,0.39522,0.39522,271120.15587,3.39772,3.20000,0.50333,3.26640,2.84830,75.34024,152273472.51886,0.00494,0.58405,0.00289
Brazil,14555.08220,200361925.00000,0.85687,0.86667,0.55833,0.26558,3,0.20000,1.50000,0.06000,0.80000,0.05000,0.04966,1.00000,0.21904,1.19420,27.41950,5493824282.88053,0.00000,74.27979,0.41503,0.58234,72775.41098,27.41950,32.74435,32.74435,27.41950,0.00000,0.00081,5.00000,0.41503,0.41503,274029.58932,3.39884,0.80000,1.10635,3.30265,3.19697,44.29851,8875734349.13415,0.00304,0.61897,0.00188
Bulgaria,15695.01779,7265115.00000,0.73948,0.66667,0.71667,0.32308,3,0.20000,1.50000,0.06000,0.80000,0.05000,0.04066,1.00000,0.42771,1.24852,36.26054,263436975.68222,0.00000,2.87330,0.85645,0.29565,78475.08897,36.26054,45.27203,45.27203,36.26054,0.00000,0.00198,5.00000,0.85645,0.85645,242897.92076,3.39686,3.20000,2.31051,2.24310,1.95599,52.90785,384381598.55032,0.00337,0.68535,0.00231
Burkina Faso,1630.44450,16934839.00000,0.29859,0.80000,0.41667,0.40567,3,0.20000,1.50000,0.06000,0.80000,0.05000,0.01120,1.00000,0.34526,1.32654,3.78248,64055755.32922,0.00000,20.37701,0.03545,0.46578,8152.22248,3.78248,5.01761,5.01761,3.78248,0.00000,0.00150,5.00000,0.03545,0.03545,20095.94280,3.39766,2.40000,1.83532,3.39374,3.06794,5.39003,91279256.77336,0.00331,0.70176,0.00232
Burundi,746.96015,10162532.00000,0.12057,0.66667,0.25000,0.46298,3,0.20000,1.50000,0.06000,0.80000,0.05000,0.01300,1.00000,0.10213,1.38068,2.81680,28625837.12032,0.00000,34.90696,0.05182,0.21190,3734.80076,2.81680,3.88910,3.88910,2.81680,0.00000,0.00396,5.00000,0.05182,0.05182,8066.88475,3.39398,2.40000,0.51420,2.46979,2.23269,4.77122,48487676.25477,0.00639,0.59037,0.00377
Cambodia,2943.52467,15135169.00000,0.20723,0.00000,0.15000,0.45929,3,0.20000,1.50000,0.06000,0.80000,0.05000,0.15980,1.00000,0.02905,1.37720,55.80179,844569496.26833,0.00001,147.92975,0.00000,0.05049,14717.62334,55.80179,76.85017,76.85017,55.80179,0.00001,0.03562,5.00000,0.00000,0.00000,32043.98258,3.33701,0.00000,0.14281,1.51541,1.51541,106.20383,1607412856.72442,0.03608,0.52542,0.01896
Cameroon,2739.34394,22253959.00000,0.54381,0.66667,0.56667,0.41974,3,0.20000,1.50000,0.06000,0.80000,0.05000,0.03702,1.00000,0.04761,1.33983,7.32860,163090423.85052,0.00000,35.84744,0.35007,0.50244,13696.71972,7.32860,9.81909,9.81909,7.32860,0.00000,0.00430,5.00000,0.35007,0.35007,32631.62641,3.39377,3.20000,0.31962,1.83437,1.59957,15.71423,349703796.41376,0.00574,0.46637,0.00268
Canada,41898.88236,35154279.00000,0.81828,0.86667,0.83333,0.33548,3,0.20000,1.50000,0.06000,0.80000,0.05000,0.03686,1.00000,0.23709,1.26024,40.98212,1440697030.38638,0.00000,3.51767,1.13307,2.93543,209494.41180,40.98212,51.64730,51.64730,40.98212,0.00000,0.00137,5.00000,1.13307,1.13307,624454.45410,3.39806,3.20000,1.48454,1.50668,1.31382,58.41177,2053423560.76055,0.00139,0.70161,0.00098
Central African Republic,584.37594,4616417.00000,0.40037,0.00000,0.00000,0.31474,3,0.20000,1.50000,0.06000,0.80000,0.05000,0.04463,1.00000,0.06870,1.24065,3.22556,14890512.52000,0.00001,29.61634,0.00000,0.15527,2921.87972,3.22556,4.00178,4.00178,3.22556,0.00001,0.00282,5.00000,0.00000,0.00000,9283.35813,3.39447,0.00000,0.28490,3.23928,3.23928,6.16649,28467090.21192,0.01055,0.52308,0.00552
Chad,2021.59347,12825314.00000,0.22471,0.00000,0.00000,0.75320,3,0.20000,1.50000,0.06000,0.80000,0.05000,0.07816,1.00000,0.07191,1.65484,4.92569,63173571.31696,0.00000,21.46186,0.00000,0.37478,10107.96735,4.92569,8.15125,8.15125,4.92569,0.00000,0.00276,5.00000,0.00000,0.00000,13420.01329,3.39450,0.00000,0.30631,3.39374,3.39374,10.34938,132734069.91217,0.00512,0.47594,0.00244
Chile,21714.03156,17619708.00000,0.89530,0.80000,0.92500,0.34739,3,0.20000,1.50000,0.06000,0.80000,0.05000,0.08372,1.00000,0.18627,1.27149,209.76450,3695989170.24510,0.00000,31.51842,9.72348,0.71251,108570.15778,209.76450,266.71364,266.71364,209.76450,0.00000,0.02829,5.00000,9.72348,9.72348,312527.34024,3.36053,3.20000,1.14882,0.77432,0.67520,389.46639,6862284102.84833,0.01794,0.53859,0.00966
China,11524.56751,1357380000.00000,0.55614,0.80000,0.84167,0.22922,3,0.20000,1.50000,0.06000,0.80000,0.05000,0.09269,1.00000,0.18822,1.15985,36.92223,50117493423.87211,0.00000,892.85800,0.99310,1.85261,57622.83753,36.92223,42.82434,42.82434,36.92223,0.00000,0.00155,5.00000,0.99310,0.99310,251390.57579,3.39771,3.20000,1.07414,2.84803,2.48348,55.37158,75160279266.01398,0.00480,0.66681,0.00320
Colombia,12025.38537,48321405.00000,0.76436,0.73333,0.71667,0.27978,3,0.20000,1.50000,0.06000,0.80000,0.05000,0.03420,1.00000,0.10179,1.20762,165.01687,7973847042.35777,0.00000,196.93028,5.25407,0.57398,60126.92686,165.01687,199.27727,199.27727,165.01687,0.00000,0.01707,5.00000,5.25407,5.25407,214908.45181,3.37535,3.20000,0.52940,1.42064,1.23880,365.69205,17670753658.23617,0.03041,0.45125,0.01372
"Congo, Dem. Rep.",783.25925,67513677.00000,0.42494,0.40000,0.37500,0.23706,3,0.20000,1.50000,0.06000,0.80000,0.05000,0.03633,1.00000,0.03109,1.16726,6.74154,455145827.15843,0.00001,599.25173,0.09392,0.08534,3916.29627,6.74154,7.86911,7.86911,6.74154,0.00001,0.00407,5.00000,0.09392,0.09392,16520.55311,3.39362,1.60000,0.14222,3.10000,2.90160,13.23883,893801801.73373,0.01690,0.50922,0.00861
"Congo, Rep.",5680.22998,4447632.00000,0.65380,0.00000,0.12500,0.37275,3,0.20000,1.50000,0.06000,0.80000,0.05000,0.03485,1.00000,0.16161,1.29545,33.75922,150148603.84999,0.00000,10.20610,0.00000,0.36748,28401.14991,33.75922,43.73328,43.73328,33.75922,0.00000,0.00702,5.00000,0.00000,0.00000,76192.86127,3.38716,0.00000,0.81729,1.83437,1.83437,66.84259,297291249.30464,0.01177,0.50506,0.00594
Costa Rica,13430.74321,4872166.00000,0.76821,0.93333,0.75000,0.48190,3,0.20000,1.50000,0.06000,0.80000,0.05000,0.02003,1.00000,0.24112,1.39855,52.45011,255545628.84587,0.00000,4.72033,1.76026,1.19609,67153.71604,52.45011,73.35413,73.35413,52.45011,0.00000,0.00584,5.00000,1.76026,1.76026,139352.91191,3.39198,4.00000,1.40051,1.98417,1.66670,102.60439,499905614.07950,0.00764,0.51119,0.00391
Croatia,20048.98716,4255700.00000,0.58964,0.66667,0.55833,0.23052,3,0.20000,1.50000,0.06000,0.80000,0.05000,0.10141,1.00000,0.30748,1.16109,115.91609,493304115.84914,0.00000,3.46691,2.81886,0.68770,100244.93580,115.91609,134.58860,134.58860,115.91609,0.00000,0.00317,5.00000,2.81886,2.81886,434859.71294,3.39505,3.20000,1.70017,2.46481,2.14931,157.36076,669680165.18001,0.00785,0.73663,0.00578
Czech Republic,28124.46448,10514272.00000,0.72992,0.66667,0.90000,0.23980,3,0.20000,1.50000,0.06000,0.80000,0.05000,0.06908,1.00000,0.48631,1.16985,48.72084,512264115.62675,0.00000,2.13020,3.91252,1.93303,140622.32240,48.72084,56.99609,56.99609,48.72084,0.00000,0.00109,5.00000,3.91252,3.91252,586415.43441,3.39831,4.00000,2.39957,2.35400,1.97736,65.01136,683547110.91930,0.00231,0.74942,0.00173
Denmark,42482.73246,5614932.00000,0.87676,0.73333,0.91667,0.23011,3,0.20000,1.50000,0.06000,0.80000,0.05000,0.00607,1.00000,0.44590,1.16069,2.20962,12406860.72676,0.00000,0.02576,0.07425,3.03167,212413.66228,2.20962,2.56469,2.56469,2.20962,0.00000,0.00006,5.00000,0.07425,0.07425,923111.97088,3.39991,3.20000,2.39402,1.30000,1.13360,2.73347,15348253.35960,0.00006,0.80836,0.00005
Djibouti,2902.54624,872932.00000,0.77343,0.60000,0.25000,0.26060,3,0.20000,1.50000,0.06000,0.80000,0.05000,0.00617,1.00000,0.10194,1.18950,7.27638,6351787.68245,0.00000,1.00705,0.08479,0.19268,14512.73122,7.27638,8.65525,8.65525,7.27638,0.00000,0.00214,5.00000,0.08479,0.08479,55689.97712,3.39675,2.40000,0.64775,1.79024,1.61838,12.27470,10714982.69568,0.00423,0.59279,0.00251
Dominican Republic,11795.47058,10403761.00000,0.78980,0.60000,0.50833,0.37715,3,0.20000,1.50000,0.06000,0.80000,0.05000,0.03485,1.00000,0.14341,1.29960,139.00010,1446123800.34485,0.00000,26.03710,1.79612,0.97513,58977.35290,139.00010,180.64461,180.64461,139.00010,0.00000,0.01636,5.00000,1.79612,1.79612,156376.21765,3.37581,3.20000,0.75969,1.54900,1.35073,218.13406,2269414617.44380,0.01849,0.63722,0.01178
Ecuador,10540.65737,15737878.00000,0.63742,0.80000,0.45833,0.25747,3,0.20000,1.50000,0.06000,0.80000,0.05000,0.06926,1.00000,0.19553,1.18655,204.13341,3212626676.14612,0.00000,66.06752,2.41057,0.80174,52703.28683,204.13341,242.21370,242.21370,204.13341,0.00000,0.00752,5.00000,2.41057,2.41057,204694.04659,3.38902,2.40000,1.05405,3.40569,3.07874,309.12499,4864971320.78363,0.02933,0.66036,0.01937
"Egypt, Arab Rep.",10733.48872,82056378.00000,0.43135,0.66667,0.45833,0.49278,3,0.20000,1.50000,0.06000,0.80000,0.05000,0.20040,1.00000,0.11845,1.40883,9.15205,750983961.01321,0.00000,17.17313,0.34324,0.04277,53667.44361,9.15205,12.89368,12.89368,9.15205,0.00000,0.00080,5.00000,0.34324,0.34324,108907.87815,3.39879,2.40000,0.58153,2.90000,2.62160,15.83558,1299410273.54894,0.00148,0.57794,0.00085
El Salvador,7515.08266,6340454.00000,0.66726,0.66667,0.50833,0.13424,3,0.20000,1.50000,0.06000,0.80000,0.05000,0.00900,1.00000,0.19518,1.07014,202.79356,1285803247.94807,0.00001,44.63693,4.84961,0.77632,37575.41328,202.79356,217.01654,217.01654,202.79356,0.00001,0.00802,5.00000,4.84961,4.84961,279904.74178,3.38757,2.40000,0.97142,2.46000,2.22384,312.07671,1978708023.63739,0.04153,0.64982,0.02698
Estonia,25253.76720,1317997.00000,0.67538,0.00000,0.40000,0.28006,3,0.20000,1.50000,0.06000,0.80000,0.05000,0.01821,1.00000,0.39574,1.20788,58.70530,77373413.56905,0.00000,0.47246,0.00000,1.62249,126268.83601,58.70530,70.90915,70.90915,58.70530,0.00000,0.00457,5.00000,0.00000,0.00000,450862.88456,3.39104,0.00000,2.07663,0.93812,0.93812,97.87242,128995559.12932,0.00388,0.59981,0.00232
France,37216.80190,65939866.00000,0.79520,0.73333,0.95000,0.22345,3,0.20000,1.50000,0.06000,0.80000,0.05000,0.07140,1.00000,0.43999,1.15440,65.32311,4307397180.07973,0.00000,12.32240,5.38469,2.63242,186084.00950,65.32311,75.40930,75.40930,65.32311,0.00000,0.00182,5.00000,5.38469,5.38469,832780.00711,3.39730,4.00000,2.26384,1.52800,1.28352,91.28011,6018998497.60788,0.00245,0.71563,0.00176
Gabon,18646.36981,1671711.00000,0.87156,0.53333,0.59167,0.32991,3,0.20000,1.50000,0.06000,0.80000,0.05000,0.09396,1.00000,0.13994,1.25498,123.15552,205880441.47121,0.00000,2.79722,6.14532,0.54483,93231.84907,123.15552,154.55729,154.55729,123.15552,0.00000,0.00715,5.00000,6.14532,6.14532,282595.79371,3.38987,0.80000,0.76193,2.00796,1.94371,289.89170,484615147.81930,0.01555,0.42483,0.00660
Georgia,6930.29138,4487200.00000,0.53641,0.66667,0.61667,0.36327,3,0.20000,1.50000,0.06000,0.80000,0.05000,0.08372,1.00000,0.56762,1.28648,66.03925,296331312.22677,0.00000,11.06719,0.11957,0.06708,34651.45690,66.03925,84.95841,84.95841,66.03925,0.00000,0.01758,5.00000,0.11957,0.11957,95388.88347,3.37392,2.40000,3.16115,1.34425,1.21520,96.81970,434449377.43362,0.01397,0.68208,0.00953
Germany,42883.68681,80651873.00000,0.75301,0.80000,0.91667,0.27302,3,0.20000,1.50000,0.06000,0.80000,0.05000,0.07208,1.00000,0.45678,1.20123,42.19660,3403234423.50953,0.00000,7.26867,1.57603,2.62594,214418.43404,42.19660,50.68781,50.68781,42.19660,0.00000,0.00120,5.00000,1.57603,1.57603,785365.31958,3.39824,3.20000,2.43966,1.26291,1.10125,54.44432,4391036247.73653,0.00127,0.77504,0.00098
Ghana,3864.03079,25904598.00000,0.54042,0.80000,0.54167,0.40794,3,0.20000,1.50000,0.06000,0.80000,0.05000,0.02594,1.00000,0.14397,1.32868,6.90060,178757341.90936,0.00000,17.95347,0.13282,1.00622,19320.15394,6.90060,9.16870,9.16870,6.90060,0.00000,0.00128,5.00000,0.13282,0.13282,47360.86180,3.39815,3.20000,0.78092,3.48960,3.04293,11.32659,293410818.59446,0.00293,0.60924,0.00179
Greece,24305.05961,11027549.00000,0.78007,0.80000,0.46667,0.23679,3,0.20000,1.50000,0.06000,0.80000,0.05000,0.01760,1.00000,0.51333,1.16701,458.02336,5050875007.05334,0.00000,32.18989,28.49884,1.12122,121525.29803,458.02336,534.51729,534.51729,458.02336,0.00000,0.02701,5.00000,28.49884,28.49884,513215.92865,3.36248,4.00000,2.48280,1.01328,0.85115,752.71699,8300623460.04171,0.03097,0.60849,0.01884
Guatemala,7062.53067,15468203.00000,0.51571,0.46667,0.58333,0.64756,3,0.20000,1.50000,0.06000,0.80000,0.05000,0.03233,1.00000,0.12231,1.55505,46.60023,720821870.63023,0.00000,72.69482,1.78761,0.59246,35312.65337,46.60023,72.46567,72.46567,46.60023,0.00000,0.03698,5.00000,1.78761,1.78761,54531.62976,3.34001,1.60000,0.69737,0.98371,0.92075,189.78883,2935692085.08109,0.02687,0.24554,0.00660
Guinea,1212.88813,11745189.00000,0.37161,0.60000,0.33333,0.35107,3,0.20000,1.50000,0.06000,0.80000,0.05000,0.02161,1.00000,0.07561,1.27496,5.38035,63193190.66590,0.00000,34.76214,0.08678,0.11445,6064.44066,5.38035,6.85974,6.85974,5.38035,0.00000,0.00265,5.00000,0.08678,0.08678,17274.18887,3.39587,2.40000,0.34097,3.44000,3.10976,8.50648,99910188.54520,0.00701,0.63250,0.00444
Honduras,4445.27105,8097688.00000,0.54730,0.33333,0.56667,0.36359,3,0.20000,1.50000,0.06000,0.80000,0.05000,0.04325,1.00000,0.14960,1.28679,123.86285,1003002729.39555,0.00001,107.09595,0.75348,0.51534,22226.35527,123.86285,159.38586,159.38586,123.86285,0.00001,0.02585,5.00000,0.75348,0.75348,61129.81815,3.35502,1.60000,0.84859,2.26550,2.12051,266.70105,2159661899.94493,0.06000,0.46443,0.02786
Hungary,22706.61190,9893899.00000,0.71227,0.86667,0.66667,0.22127,3,0.20000,1.50000,0.06000,0.80000,0.05000,0.09878,1.00000,0.57891,1.15235,210.35645,2081245447.80095,0.00000,11.20146,3.08389,0.98760,113533.05948,210.35645,242.40329,242.40329,210.35645,0.00000,0.00594,5.00000,3.08389,3.08389,513098.75418,3.39222,4.00000,3.11392,2.44042,2.04995,263.57139,2607748675.73964,0.01161,0.79810,0.00926
India,5243.95706,1252139596.00000,0.32747,0.86667,0.77500,0.45253,3,0.20000,1.50000,0.06000,0.80000,0.05000,0.08480,1.00000,0.13134,1.37081,14.44141,18082666821.50498,0.00000,1117.56286,0.84079,0.59698,26219.78530,14.44141,19.79642,19.79642,14.44141,0.00000,0.00276,5.00000,0.84079,0.84079,57940.41452,3.39605,3.20000,0.70724,2.78926,2.43224,23.06118,28875821550.05741,0.00440,0.62622,0.00275
Indonesia,9254.42218,249865631.00000,0.53742,0.66667,0.60833,0.30998,3,0.20000,1.50000,0.06000,0.80000,0.05000,0.06449,1.00000,0.14542,1.23614,30.97216,7738877624.56157,0.00000,185.73310,0.97095,0.90070,46272.11090,30.97216,38.28605,38.28605,30.97216,0.00000,0.00566,5.00000,0.97095,0.97095,149276.03650,3.39116,3.20000,0.78962,1.09041,0.95083,45.02582,11250403996.98997,0.00487,0.68788,0.00335
"Iran, Islamic Rep.",15090.04722,77447168.00000,0.73375,0.60000,0.41667,0.31800,3,0.20000,1.50000,0.06000,0.80000,0.05000,0.04368,1.00000,0.16249,1.24372,105.02954,8134240613.65909,0.00000,116.81863,2.71347,1.11832,75450.23610,105.02954,130.62721,130.62721,105.02954,0.00000,0.00754,5.00000,2.71347,2.71347,237268.49161,3.38783,1.60000,0.90227,1.79194,1.67725,190.25553,14734752084.40900,0.01261,0.55204,0.00696
Iraq,14471.47332,33417476.00000,0.69471,0.20000,0.25000,0.58409,3,0.20000,1.50000,0.06000,0.80000,0.05000,0.24087,1.00000,0.10051,1.49509,75.17313,2512096339.66278,0.00000,37.56900,0.34258,0.32586,72357.36659,75.17313,112.39070,112.39070,75.17313,0.00000,0.00551,5.00000,0.34258,0.34258,123879.98498,3.38987,2.40000,0.52312,3.10000,2.80240,133.16916,4450177286.23739,0.00920,0.56449,0.00519
Ireland,44647.23591,4597558.00000,0.63241,0.00000,0.35000,0.31125,3,0.20000,1.50000,0.06000,0.80000,0.05000,0.03556,1.00000,0.55866,1.23735,32.89592,151240882.71487,0.00000,0.31653,0.00000,2.59182,223236.17956,32.89592,40.70367,40.70367,32.89592,0.00000,0.00087,5.00000,0.00000,0.00000,717223.40756,3.39829,0.00000,2.97947,1.36522,1.36522,44.19915,203208149.19664,0.00099,0.74427,0.00074
Israel,30926.84909,8059500.00000,0.92140,0.00000,0.40000,0.35848,3,0.20000,1.50000,0.06000,0.80000,0.05000,0.00881,1.00000,0.20676,1.28196,38.66444,311616086.91053,0.00000,1.36302,0.00000,1.34942,154634.24547,38.66444,49.56634,49.56634,38.66444,0.00000,0.00081,5.00000,0.00000,0.00000,431362.94027,3.39838,0.00000,1.26605,2.90000,2.90000,62.58404,504396080.10124,0.00202,0.61780,0.00125
Italy,33923.55982,60233948.00000,0.68964,0.86667,0.71667,0.20461,3,0.20000,1.50000,0.06000,0.80000,0.05000,0.04766,1.00000,0.43245,1.13661,195.93333,11801837934.73088,0.00000,41.39130,12.66720,0.83398,169617.79909,195.93333,222.69973,222.69973,195.93333,0.00000,0.00461,5.00000,12.66720,12.66720,828973.00753,3.39341,4.00000,2.17101,1.52800,1.28352,292.09662,17594132634.24620,0.00861,0.67078,0.00578
Jamaica,8607.49856,2714734.00000,0.54788,0.60000,0.40833,0.38101,3,0.20000,1.50000,0.06000,0.80000,0.05000,0.00060,1.00000,0.18477,1.30325,125.29752,340149443.42065,0.00000,11.07538,2.00706,1.53655,43037.49281,125.29752,163.29346,163.29346,125.29752,0.00000,0.01600,5.00000,2.00706,2.00706,112956.59682,3.37827,3.20000,1.00990,2.26550,1.97552,221.67413,601786293.05715,0.02575,0.56523,0.01456
Japan,35614.31002,127338621.00000,0.93498,0.80000,0.81667,0.21044,3,0.20000,1.50000,0.06000,0.80000,0.05000,0.07320,1.00000,0.26541,1.14212,233.22252,29698233454.26225,0.00000,83.71535,7.13673,2.66171,178071.55011,233.22252,266.36755,266.36755,233.22252,0.00000,0.00717,5.00000,7.13673,7.13673,846176.61223,3.38947,3.20000,1.57040,1.11975,0.97642,300.73848,38295622971.39801,0.00844,0.77550,0.00655
Jordan,11404.73886,6460000.00000,0.83679,0.46667,0.42500,0.17572,3,0.20000,1.50000,0.06000,0.80000,0.05000,0.00399,1.00000,0.21792,1.10932,25.08916,162075980.36484,0.00000,2.67261,0.38839,0.51691,57023.69430,25.08916,27.83189,27.83189,25.08916,0.00000,0.00069,5.00000,0.38839,0.38839,324509.50894,3.39884,2.40000,1.10943,2.90000,2.62160,34.28493,221480675.34536,0.00301,0.73178,0.00220
Kazakhstan,22469.67902,17035275.00000,0.53247,0.60000,0.77500,0.33057,3,0.20000,1.50000,0.06000,0.80000,0.05000,0.05317,1.00000,0.26525,1.25560,59.93960,1021087597.82656,0.00000,7.13103,4.51642,0.36739,112348.39510,59.93960,75.26007,75.26007,59.93960,0.00000,0.00659,5.00000,4.51642,4.51642,339861.87004,3.38962,3.20000,1.47089,0.93812,0.81804,95.94012,1634366355.58135,0.00427,0.62476,0.00267
Kenya,2705.32322,44353691.00000,0.25622,0.80000,0.50833,0.46296,3,0.20000,1.50000,0.06000,0.80000,0.05000,0.01882,1.00000,0.10210,1.38066,5.95243,264012056.57061,0.00000,59.31513,0.19330,1.38690,13526.61609,5.95243,8.21829,8.21829,5.95243,0.00000,0.00202,5.00000,0.19330,0.19330,29217.66051,3.39728,1.60000,0.48090,3.10000,2.90160,12.80376,567893902.24191,0.00473,0.46490,0.00220
Kyrgyz Republic,3109.81283,5719600.00000,0.35707,0.60000,0.48333,0.52023,3,0.20000,1.50000,0.06000,0.80000,0.05000,0.05226,1.00000,0.48340,1.43476,25.80940,147619439.04310,0.00000,22.71342,0.92814,0.05646,15549.06414,25.80940,37.03026,37.03026,25.80940,0.00000,0.02551,5.00000,0.92814,0.92814,29889.07534,3.36079,3.20000,2.57619,1.29903,1.13276,46.85852,268011994.91254,0.01507,0.55079,0.00830
Lao PDR,4667.34006,6769727.00000,0.38614,0.40000,0.16667,0.24730,3,0.20000,1.50000,0.06000,0.80000,0.05000,0.18583,1.00000,0.14919,1.17693,164.60984,1114363677.05668,0.00001,69.94359,0.82192,1.08662,23336.70029,164.60984,193.73500,193.73500,164.60984,0.00001,0.03158,5.00000,0.82192,0.82192,94366.37853,3.34860,2.40000,0.67985,1.60000,1.44640,224.15635,1517477288.06146,0.04803,0.73435,0.03527
Latvia,21832.57074,2012647.00000,0.67382,0.00000,0.35000,0.23937,3,0.20000,1.50000,0.06000,0.80000,0.05000,0.05813,1.00000,0.27069,1.16944,140.58266,282943264.67001,0.00000,1.98168,0.00000,0.75464,109162.85371,140.58266,164.40359,164.40359,140.58266,0.00000,0.01113,5.00000,0.00000,0.00000,456042.51003,3.37973,0.00000,1.61295,0.93812,0.93812,216.14894,435031524.13530,0.00990,0.65040,0.00644
Lesotho,2493.61373,2074465.00000,0.27312,0.40000,0.16667,0.19921,3,0.20000,1.50000,0.06000,0.80000,0.05000,0.02291,1.00000,0.09296,1.13151,24.03132,49852142.43681,0.00000,9.77984,0.03763,0.48346,12468.06867,24.03132,27.19165,27.19165,24.03132,0.00000,0.00309,5.00000,0.03763,0.03763,62586.90583,3.39456,1.60000,0.43964,3.26640,3.05735,39.94306,82860475.88375,0.01602,0.60164,0.00964
Liberia,849.83092,4294077.00000,0.49701,0.00000,0.00000,0.47251,3,0.20000,1.50000,0.06000,0.80000,0.05000,0.06371,1.00000,0.13961,1.38969,2.67177,11472800.00455,0.00000,11.28946,0.00000,0.84796,4249.15462,2.67177,3.71292,3.71292,2.67177,0.00000,0.00220,5.00000,0.00000,0.00000,8992.69009,3.39561,0.00000,0.63276,3.39374,3.39374,4.43174,19030242.34680,0.00521,0.60287,0.00314
Lithuania,24469.62250,2957689.00000,0.66508,0.00000,0.35000,0.31296,3,0.20000,1.50000,0.06000,0.80000,0.05000,0.08022,1.00000,0.37425,1.23897,68.36992,202216960.30712,0.00000,1.10248,0.00000,1.15292,122348.11250,68.36992,84.70803,84.70803,68.36992,0.00000,0.00333,5.00000,0.00000,0.00000,390932.97170,3.39359,0.00000,2.18501,1.52359,1.52359,97.09209,287168207.22685,0.00397,0.70418,0.00279
"Macedonia, FYR",11608.96897,2107158.00000,0.57104,0.66667,0.33333,0.26393,3,0.20000,1.50000,0.06000,0.80000,0.05000,0.12060,1.00000,0.27605,1.19265,39.17493,82547776.07305,0.00000,1.56753,0.54425,0.44745,58044.84485,39.17493,46.72188,46.72188,39.17493,0.00000,0.00516,5.00000,0.54425,0.54425,219923.34472,3.39202,2.40000,1.62382,1.11869,1.01129,63.30819,133400353.27961,0.00545,0.61880,0.00337
Madagascar,1368.63241,22924851.00000,0.35105,0.60000,0.25000,0.29407,3,0.20000,1.50000,0.06000,0.80000,0.05000,0.05064,1.00000,0.10537,1.22112,48.46674,1111092793.91478,0.00002,517.90949,0.56585,0.08430,6843.16206,48.46674,59.18372,59.18372,48.46674,0.00002,0.02449,5.00000,0.56585,0.56585,23270.28471,3.36101,1.60000,0.50564,2.46979,2.31172,77.83056,1784253904.81902,0.05687,0.62272,0.03541
Malawi,754.98198,16362567.00000,0.16272,0.80000,0.33333,0.25308,3,0.20000,1.50000,0.06000,0.80000,0.05000,0.02283,1.00000,0.04934,1.18239,7.61264,124562354.00403,0.00001,148.11648,0.13687,0.46703,3774.90988,7.61264,9.00113,9.00113,7.61264,0.00001,0.00648,5.00000,0.13687,0.13687,14916.07812,3.39067,3.20000,0.23711,2.46979,2.15366,12.77703,209064968.52316,0.01692,0.59581,0.01008
Malaysia,22589.37145,29716965.00000,0.74705,0.80000,0.76667,0.25059,3,0.20000,1.50000,0.06000,0.80000,0.05000,0.10812,1.00000,0.10376,1.18005,70.19426,2085960373.54788,0.00000,15.37456,2.67501,1.95909,112946.85724,70.19426,82.83255,82.83255,70.19426,0.00000,0.00428,5.00000,2.67501,2.67501,450716.39238,3.39391,4.00000,0.57397,1.28677,1.08089,119.48775,3550813323.05404,0.00529,0.58746,0.00311
Mali,1589.16735,15301650.00000,0.39916,0.60000,0.33333,0.64384,3,0.20000,1.50000,0.06000,0.80000,0.05000,0.09112,1.00000,0.05622,1.55154,4.06519,62204151.88314,0.00000,35.98560,0.15838,0.25527,7945.83674,4.06519,6.30730,6.30730,4.06519,0.00000,0.01405,5.00000,0.15838,0.15838,12341.22870,3.37776,2.40000,0.26215,1.04926,0.94854,10.13718,155115547.61573,0.00638,0.40102,0.00256
Mauritania,2945.22957,3889880.00000,0.59859,0.66667,0.33333,0.23811,3,0.20000,1.50000,0.06000,0.80000,0.05000,0.06939,1.00000,0.09479,1.16825,16.21564,63076881.09510,0.00000,16.24932,0.85720,0.37416,14726.14785,16.21564,18.94392,18.94392,16.21564,0.00000,0.01136,5.00000,0.85720,0.85720,61847.03304,3.38389,2.40000,0.45721,0.98644,0.89175,45.43057,176719454.02376,0.01543,0.35693,0.00551
Mexico,16290.81282,122332399.00000,0.79246,0.53333,0.76667,0.36826,3,0.20000,1.50000,0.06000,0.80000,0.05000,0.06110,1.00000,0.27737,1.29121,23.47659,2871947177.01696,0.00000,34.88027,0.48239,0.40182,81454.06411,23.47659,30.31309,30.31309,23.47659,0.00000,0.00172,5.00000,0.48239,0.48239,221184.46371,3.39712,3.20000,1.59328,1.98848,1.73396,40.33604,4934404775.92568,0.00248,0.58203,0.00144
Moldova,4521.08484,3558566.00000,0.44995,0.60000,0.37500,0.25670,3,0.20000,1.50000,0.06000,0.80000,0.05000,0.06282,1.00000,0.35350,1.18582,40.82551,145280263.26257,0.00000,9.40505,0.65183,0.22489,22605.42422,40.82551,48.41170,48.41170,40.82551,0.00000,0.00590,5.00000,0.65183,0.65183,88060.00719,3.39064,2.40000,1.83863,2.36123,2.13455,54.66602,194532648.66524,0.01209,0.74682,0.00903
Mongolia,9132.30570,2839073.00000,0.72040,0.53333,0.56667,0.20767,3,0.20000,1.50000,0.06000,0.80000,0.05000,0.04711,1.00000,0.22548,1.13950,36.48140,103573370.89334,0.00000,3.03372,1.70150,1.33541,45661.52852,36.48140,41.57068,41.57068,36.48140,0.00000,0.00645,5.00000,1.70150,1.70150,219870.25433,3.38989,2.40000,1.20441,0.93812,0.84806,63.44998,180139121.92779,0.00695,0.57496,0.00399
Montenegro,14151.54110,621383.00000,0.64026,0.00000,0.17500,0.36490,3,0.20000,1.50000,0.06000,0.80000,0.05000,0.10631,1.00000,0.28395,1.28802,32.98047,20493503.68027,0.00000,0.26955,0.00000,0.18652,70757.70552,32.98047,42.47967,42.47967,32.98047,0.00000,0.00191,5.00000,0.00000,0.00000,193911.62709,3.39618,0.00000,1.62642,2.46393,2.46393,49.69153,30877471.30815,0.00351,0.66370,0.00233
Morocco,6967.25925,33008150.00000,0.60195,0.86667,0.75000,0.26926,3,0.20000,1.50000,0.06000,0.80000,0.05000,0.05625,1.00000,0.15117,1.19768,20.56034,678658659.13080,0.00000,33.22286,1.94989,0.74161,34836.29623,20.56034,24.62465,24.62465,20.56034,0.00000,0.00367,5.00000,1.94989,1.94989,129379.36793,3.39484,3.20000,0.84259,1.54261,1.34516,39.82687,1314611209.71542,0.00572,0.51624,0.00295
Nepal,2172.79039,27797457.00000,0.18615,0.60000,0.33333,0.27020,3,0.20000,1.50000,0.06000,0.80000,0.05000,0.05838,1.00000,0.35754,1.19857,22.58880,627911209.10680,0.00001,143.69202,0.72880,0.56449,10863.95196,22.58880,27.07421,27.07421,22.58880,0.00001,0.00706,5.00000,0.72880,0.72880,40207.18021,3.38913,1.60000,1.68792,2.29506,2.14818,35.62256,990216670.77430,0.01639,0.63411,0.01040
Netherlands,45021.15741,16804432.00000,0.90496,0.80000,0.91667,0.25252,3,0.20000,1.50000,0.06000,0.80000,0.05000,0.32301,1.00000,0.40159,1.18187,40.91537,687559602.96496,0.00000,1.35375,2.09474,2.99706,225105.78704,40.91537,48.35651,48.35651,40.91537,0.00000,0.00104,5.00000,2.09474,2.09474,891437.82974,3.39852,4.00000,2.06350,1.33903,1.12478,52.35294,879761377.29268,0.00116,0.78153,0.00091
Niger,886.80961,17831270.00000,0.18732,0.66667,0.33333,0.23359,3,0.20000,1.50000,0.06000,0.80000,0.05000,0.04021,1.00000,0.06338,1.16399,5.08514,90674453.04880,0.00001,94.14175,0.24380,0.07447,4434.04806,5.08514,5.91903,5.91903,5.08514,0.00001,0.01070,5.00000,0.24380,0.24380,18981.99443,3.38287,2.40000,0.31450,1.11599,1.00886,9.48678,169161372.33491,0.01070,0.53602,0.00573
Nigeria,5422.69334,173615345.00000,0.47776,0.80000,0.59167,0.87364,3,0.20000,1.50000,0.06000,0.80000,0.05000,0.03767,1.00000,0.03995,1.76862,6.35652,1103589737.77040,0.00000,84.10556,0.13016,1.43209,27113.46671,6.35652,11.24228,11.24228,6.35652,0.00000,0.00179,5.00000,0.13016,0.13016,31034.89755,3.39734,3.20000,0.17877,3.39374,2.95934,13.16224,2285166414.36692,0.00243,0.48294,0.00117
Pakistan,4454.07483,182142594.00000,0.38758,0.73333,0.54167,0.37672,3,0.20000,1.50000,0.06000,0.80000,0.05000,0.07859,1.00000,0.13234,1.29919,26.64987,4854077128.70648,0.00000,368.70086,1.20934,0.07776,22270.37414,26.64987,34.62329,34.62329,26.64987,0.00000,0.00464,5.00000,1.20934,1.20934,59116.93120,3.39301,2.40000,0.62430,2.78358,2.51635,40.94213,7457306074.20018,0.00919,0.65092,0.00598
Panama,18793.39333,3864170.00000,0.66592,0.66667,0.71667,0.54024,3,0.20000,1.50000,0.06000,0.80000,0.05000,0.01859,1.00000,0.20732,1.45367,41.19939,159201447.08840,0.00000,1.84317,0.72514,0.64759,93966.96666,41.19939,59.89024,59.89024,41.19939,0.00000,0.00187,5.00000,0.72514,0.72514,173934.72205,3.39717,2.40000,0.98521,3.40569,3.07874,83.61912,323118512.71362,0.00445,0.49270,0.00219
Paraguay,7833.07400,6802295.00000,0.59666,0.80000,0.66667,0.36827,3,0.20000,1.50000,0.06000,0.80000,0.05000,0.02750,1.00000,0.19859,1.29121,15.02996,102238212.03024,0.00000,4.25119,0.49568,0.61243,39165.37001,15.02996,19.40690,19.40690,15.02996,0.00000,0.00222,5.00000,0.49568,0.49568,106348.67978,3.39681,3.20000,1.01463,2.18795,1.90789,29.47985,200530624.17149,0.00376,0.50984,0.00192
Peru,11396.49302,30375603.00000,0.78609,0.60000,0.76667,0.27020,3,0.20000,1.50000,0.06000,0.80000,0.05000,0.06889,1.00000,0.15777,1.19857,239.18303,7265328866.81588,0.00001,219.33043,12.73234,0.53800,56982.46510,239.18303,286.67692,286.67692,239.18303,0.00001,0.03542,5.00000,12.73234,12.73234,210890.98615,3.34545,2.40000,0.80720,1.15669,1.04565,597.71607,18155986129.33958,0.05245,0.40016,0.02099
Philippines,6326.21642,98393574.00000,0.44373,0.73333,0.63333,0.27366,3,0.20000,1.50000,0.06000,0.80000,0.05000,0.05394,1.00000,0.24702,1.20183,285.71456,28112476740.20931,0.00001,1187.30235,8.59635,0.92285,31631.08212,285.71456,343.38155,343.38155,285.71456,0.00001,0.06089,5.00000,8.59635,8.59635,115586.52019,3.30946,2.40000,1.19365,1.19190,1.07748,413.13932,40650254128.94088,0.06531,0.69157,0.04516
Poland,22835.22046,38514479.00000,0.60539,0.60000,0.79167,0.41320,3,0.20000,1.50000,0.06000,0.80000,0.05000,0.05782,1.00000,0.51637,1.33366,19.58392,754264528.27267,0.00000,5.30372,1.36189,0.95422,114176.10230,19.58392,26.11825,26.11825,19.58392,0.00000,0.00285,5.00000,1.36189,1.36189,276319.88149,3.39546,4.00000,2.64251,0.93812,0.78802,32.33464,1245351903.19125,0.00142,0.60566,0.00086
Romania,18184.10973,19981358.00000,0.54564,0.60000,0.69167,0.26775,3,0.20000,1.50000,0.06000,0.80000,0.05000,0.07368,1.00000,0.43373,1.19625,75.19148,1502427838.49376,0.00000,12.62493,3.57946,0.48793,90920.54867,75.19148,89.94796,89.94796,75.19148,0.00000,0.00353,5.00000,3.57946,3.57946,339575.03258,3.39437,3.20000,2.25080,2.00335,1.74692,105.40969,2106228777.77914,0.00580,0.71333,0.00414
Russian Federation,23564.20774,143499861.00000,0.74008,0.00000,0.25000,0.34916,3,0.20000,1.50000,0.06000,0.80000,0.05000,0.04255,1.00000,0.27500,1.27316,44.13175,6332899952.05411,0.00000,49.09894,0.00000,0.61394,117821.03868,44.13175,56.18686,56.18686,44.13175,0.00000,0.00405,5.00000,0.00000,0.00000,337438.49536,3.39197,0.00000,1.58127,1.17774,1.17774,84.22636,12086470265.88087,0.00357,0.52397,0.00187
Rwanda,1426.36629,11776522.00000,0.28811,0.80000,0.48333,0.71258,3,0.20000,1.50000,0.06000,0.80000,0.05000,0.03911,1.00000,0.04142,1.61647,5.16441,60818762.49920,0.00000,27.67192,0.04428,0.89192,7131.83144,5.16441,8.34809,8.34809,5.16441,0.00000,0.00390,5.00000,0.04428,0.04428,10008.49488,3.39391,3.20000,0.21770,3.43000,2.99096,8.61274,101428139.83127,0.00604,0.59962,0.00362
Senegal,2170.07721,14133280.00000,0.43721,0.66667,0.50833,0.22621,3,0.20000,1.50000,0.06000,0.80000,0.05000,0.02929,1.00000,0.21594,1.15701,3.71888,52559986.35189,0.00000,9.99855,0.05145,0.20921,10850.38603,3.71888,4.30279,4.30279,3.71888,0.00000,0.00061,5.00000,0.05145,0.05145,47965.96376,3.39900,2.40000,1.00547,3.44000,3.10976,4.86607,68773537.54979,0.00224,0.76425,0.00171
Serbia,12892.49630,7164132.00000,0.55553,0.60000,0.50833,0.22012,3,0.20000,1.50000,0.06000,0.80000,0.05000,0.10956,1.00000,0.30099,1.15126,178.83486,1281196577.43765,0.00000,17.97595,5.39584,0.18691,64462.48150,178.83486,205.88543,205.88543,178.83486,0.00000,0.00714,5.00000,5.39584,5.39584,292850.93919,3.38900,1.60000,1.54570,2.46539,2.30761,249.92266,1790478911.20326,0.01939,0.71556,0.01387
Sierra Leone,1494.64855,6092075.00000,0.39942,0.73333,0.33333,0.40687,3,0.20000,1.50000,0.06000,0.80000,0.05000,0.05148,1.00000,0.05835,1.32767,7.98803,48663659.72393,0.00000,19.00568,0.12716,0.89635,7473.24274,7.98803,10.60548,10.60548,7.98803,0.00000,0.00382,5.00000,0.12716,0.12716,18367.82356,3.39427,3.20000,0.27200,3.39374,2.95934,12.26592,74724882.36449,0.00821,0.65124,0.00534
Slovak Republic,25758.86263,5413393.00000,0.53598,0.73333,0.62500,0.30590,3,0.20000,1.50000,0.06000,0.80000,0.05000,0.14761,1.00000,0.43368,1.23229,85.06122,460469794.19140,0.00000,2.22972,3.14082,1.96611,128794.31317,85.06122,104.82048,104.82048,85.06122,0.00000,0.00250,5.00000,3.14082,3.14082,421031.44522,3.39614,3.20000,2.18487,2.46573,2.15012,115.86427,627218848.89266,0.00450,0.73415,0.00330
Slovenia,27368.17203,2059953.00000,0.49650,0.86667,0.69167,0.22134,3,0.20000,1.50000,0.06000,0.80000,0.05000,0.10942,1.00000,0.39775,1.15241,155.30153,319913856.83309,0.00000,1.35002,8.33712,1.60980,136840.86013,155.30153,178.97105,178.97105,155.30153,0.00000,0.00357,5.00000,8.33712,8.33712,618244.18961,3.39507,4.00000,2.12963,2.07212,1.74058,201.88058,415864499.04348,0.00738,0.76927,0.00567
South Africa,12454.19092,53157490.00000,0.64801,0.73333,0.71667,0.41222,3,0.20000,1.50000,0.06000,0.80000,0.05000,0.01739,1.00000,0.13400,1.33273,29.59468,1573179152.54287,0.00000,30.18199,0.10488,1.24658,62270.95461,29.59468,39.44166,39.44166,29.59468,0.00000,0.00165,5.00000,0.10488,0.10488,151063.09226,3.39748,2.40000,1.22088,3.26640,2.95283,53.69182,2854122466.87054,0.00431,0.55120,0.00238
Spain,31682.64474,46617825.00000,0.79579,0.80000,0.71667,0.18300,3,0.20000,1.50000,0.06000,0.80000,0.05000,0.04469,1.00000,0.47369,1.11619,19.12868,891737404.15591,0.00000,2.92285,0.45431,1.90034,158413.22371,19.12868,21.35130,21.35130,19.12868,0.00000,0.00131,5.00000,0.45431,0.45431,865649.35795,3.39810,3.20000,2.42894,0.50500,0.44036,24.06196,1121716220.33019,0.00076,0.79498,0.00060
Sri Lanka,9425.73738,20483000.00000,0.18356,0.66667,0.50833,0.33796,3,0.20000,1.50000,0.06000,0.80000,0.05000,0.06235,1.00000,0.11315,1.26258,17.19244,352152654.84130,0.00000,8.00967,0.31969,1.52025,47128.68691,17.19244,21.70682,21.70682,17.19244,0.00000,0.00107,5.00000,0.31969,0.31969,139450.15680,3.39829,3.20000,0.56090,3.39556,2.96093,24.34796,498719164.73792,0.00258,0.70611,0.00182
Sudan,3264.77298,37964306.00000,0.33806,0.66667,0.33333,0.94875,3,0.20000,1.50000,0.06000,0.80000,0.05000,0.10541,1.00000,0.06444,1.83957,5.46621,207520975.04327,0.00000,32.58376,0.05908,0.20785,16323.86489,5.46621,10.05550,10.05550,5.46621,0.00000,0.00286,5.00000,0.05908,0.05908,17205.59368,3.39537,2.40000,0.27720,3.10000,2.80240,10.89375,413573700.46403,0.00334,0.50178,0.00167
Swaziland,6470.88419,1249514.00000,0.21308,0.60000,0.41667,0.19038,3,0.20000,1.50000,0.06000,0.80000,0.05000,0.02269,1.00000,0.13247,1.12317,35.22286,44011451.49945,0.00000,2.19992,0.49886,1.03116,32354.42095,35.22286,39.56111,39.56111,35.22286,0.00000,0.00363,5.00000,0.49886,0.49886,169945.99122,3.39425,2.40000,0.70222,1.73800,1.57115,62.35800,77917189.27173,0.00964,0.56485,0.00544
Sweden,43540.49439,9600379.00000,0.85815,0.73333,0.91667,0.35737,3,0.20000,1.50000,0.06000,0.80000,0.05000,0.03405,1.00000,0.42455,1.28091,4.00946,38492312.60075,0.00000,0.08497,0.21617,3.27276,217702.47196,4.00946,5.13576,5.13576,4.00946,0.00000,0.00015,5.00000,0.21617,0.21617,609183.49978,3.39977,3.20000,2.17557,1.34348,1.17151,5.47152,52528699.16559,0.00013,0.73279,0.00009
Syrian Arab Republic,4959.39252,22845550.00000,0.57656,0.66667,0.33333,0.27075,3,0.20000,1.50000,0.06000,0.80000,0.05000,0.05529,1.00000,0.12190,1.19909,20.41052,466289603.21044,0.00000,29.76227,0.40989,0.26142,24796.96262,20.41052,24.47403,24.47403,20.41052,0.00000,0.00226,5.00000,0.40989,0.40989,91585.94028,3.39646,2.40000,0.56126,2.70000,2.44080,30.95855,707265123.37697,0.00624,0.65929,0.00412
Tajikistan,2431.65907,8207834.00000,0.26782,0.60000,0.33333,0.38543,3,0.20000,1.50000,0.06000,0.80000,0.05000,0.07494,1.00000,0.23554,1.30742,29.91403,245529392.67046,0.00001,53.40360,0.90991,0.01912,12158.29534,29.91403,39.11016,39.11016,29.91403,0.00001,0.03427,5.00000,0.90991,0.90991,31545.05692,3.34851,2.40000,1.29861,0.93812,0.84806,53.08485,435711601.22574,0.02183,0.56351,0.01230
Tanzania,2364.70276,49253126.00000,0.31608,0.66667,0.33333,0.41320,3,0.20000,1.50000,0.06000,0.80000,0.05000,0.01994,1.00000,0.07134,1.33366,6.66259,328153412.53520,0.00000,70.32590,0.12578,0.72919,11823.51378,6.66259,8.88563,8.88563,6.66259,0.00000,0.00277,5.00000,0.12578,0.12578,28614.20334,3.39560,3.20000,0.34265,2.46979,2.15366,11.17173,550242708.78490,0.00472,0.59638,0.00282
Thailand,13931.81147,67010502.00000,0.50374,0.66667,0.74167,0.24034,3,0.20000,1.50000,0.06000,0.80000,0.05000,0.17033,1.00000,0.54324,1.17036,91.13414,6106944638.71817,0.00000,106.93895,13.68140,2.24632,69659.05736,91.13414,106.65951,106.65951,91.13414,0.00000,0.01057,5.00000,13.68140,13.68140,289839.85814,3.38402,3.20000,2.56311,1.14685,1.00005,178.56114,11965471360.21807,0.01282,0.51038,0.00654
Togo,1345.91428,6816982.00000,0.39964,0.20000,0.25000,0.37089,3,0.20000,1.50000,0.06000,0.80000,0.05000,0.02332,1.00000,0.00977,1.29369,4.33179,29529701.44863,0.00000,14.85504,0.00852,0.21568,6729.57138,4.33179,5.60398,5.60398,4.33179,0.00000,0.00181,5.00000,0.00852,0.00852,18144.28679,3.39664,0.80000,0.11607,3.48960,3.37793,7.32118,49908362.32193,0.00544,0.59168,0.00322
Turkey,18567.13471,74932641.00000,0.73397,0.86667,0.69167,0.41217,3,0.20000,1.50000,0.06000,0.80000,0.05000,0.02905,1.00000,0.21440,1.33268,54.71235,4099741200.62145,0.00000,49.33753,3.90805,0.24380,92835.67355,54.71235,72.91403,72.91403,54.71235,0.00000,0.00502,5.00000,3.90805,3.90805,225238.05630,3.39280,3.20000,1.13163,1.58415,1.38138,113.33014,8492126420.53645,0.00610,0.48277,0.00295
Uganda,1620.57694,37578876.00000,0.16101,0.66667,0.59167,0.57357,3,0.20000,1.50000,0.06000,0.80000,0.05000,0.00553,1.00000,0.16069,1.48516,2.81407,105749601.13585,0.00000,48.79213,0.07907,0.95251,8102.88470,2.81407,4.17933,4.17933,2.81407,0.00000,0.00289,5.00000,0.07907,0.07907,14126.99477,3.39572,2.40000,1.05203,2.22808,2.01419,5.76344,216583529.64583,0.00356,0.48826,0.00174
Ukraine,8508.01479,45489600.00000,0.69695,0.00000,0.05000,0.24585,3,0.20000,1.50000,0.06000,0.80000,0.05000,0.03942,1.00000,0.32798,1.17557,51.21540,2329767915.01312,0.00000,59.62748,0.00000,0.33759,42540.07394,51.21540,60.20727,60.20727,51.21540,0.00000,0.00341,5.00000,0.00000,0.00000,173029.68688,3.39320,0.00000,1.73152,2.36123,2.36123,69.99395,3183996998.24128,0.00823,0.73171,0.00602
United Kingdom,36931.47423,64106779.00000,0.82592,0.80000,0.89167,0.30313,3,0.20000,1.50000,0.06000,0.80000,0.05000,0.03970,1.00000,0.47892,1.22967,22.15726,1420430359.06681,0.00000,4.04420,0.47869,2.39551,184657.37113,22.15726,27.24621,27.24621,22.15726,0.00000,0.00076,5.00000,0.47869,0.47869,609172.57620,3.39888,4.00000,2.58061,1.34654,1.13109,30.45140,1952141041.23129,0.00082,0.72763,0.00060
United States,51340.48763,316128839.00000,0.81617,0.73333,0.91667,0.31874,3,0.20000,1.50000,0.06000,0.80000,0.05000,0.03696,1.00000,0.17614,1.24442,125.45113,39658719055.62675,0.00000,75.40513,1.90889,2.81992,256702.43814,125.45113,156.11382,156.11382,125.45113,0.00000,0.00314,5.00000,1.90889,1.90889,805374.19958,3.39519,3.20000,1.27199,1.50668,1.31382,188.79230,59682691371.03689,0.00368,0.66449,0.00244
Uruguay,18965.81654,3407062.00000,0.95311,0.66667,0.63333,0.29189,3,0.20000,1.50000,0.06000,0.80000,0.05000,0.01754,1.00000,0.22060,1.21905,11.43967,38975656.19125,0.00000,0.37510,0.36415,0.35182,94829.08268,11.43967,13.94558,13.94558,11.43967,0.00000,0.00049,5.00000,0.36415,0.36415,324883.24282,3.39924,2.40000,1.11299,2.30023,2.07941,19.56668,66664887.42458,0.00103,0.58465,0.00060
Uzbekistan,5002.14912,30243200.00000,0.36365,0.00000,0.00000,0.73018,3,0.20000,1.50000,0.06000,0.80000,0.05000,0.04642,1.00000,0.24472,1.63310,12.44145,376269367.81780,0.00000,35.54618,0.00000,0.04334,25010.74560,12.44145,20.31812,20.31812,12.44145,0.00000,0.01279,5.00000,0.00000,0.00000,34252.67790,3.37540,0.00000,1.37432,0.93812,0.93812,28.29270,855661698.68297,0.00566,0.43974,0.00249
"Venezuela, RB",17614.59821,30405207.00000,0.88990,0.00000,0.05000,0.31317,3,0.20000,1.50000,0.06000,0.80000,0.05000,0.03348,1.00000,0.12283,1.23916,108.79965,3308076010.21632,0.00000,33.82114,0.00000,0.79233,88072.99105,108.79965,134.82022,134.82022,108.79965,0.00000,0.00287,5.00000,0.00000,0.00000,281230.78547,3.39422,0.00000,0.63154,3.40569,3.40569,176.95393,5380320819.47815,0.01005,0.61485,0.00618
Vietnam,5124.60352,89708900.00000,0.33593,0.53333,0.59167,0.26970,3,0.20000,1.50000,0.06000,0.80000,0.05000,0.21090,1.00000,0.25716,1.19810,77.07215,6914058192.07188,0.00000,381.83563,1.70785,0.45080,25623.01760,77.07215,92.34017,92.34017,77.07215,0.00000,0.02145,5.00000,1.70785,1.70785,95004.02386,3.36612,3.20000,1.27954,1.16899,1.01936,106.24389,9531022847.12151,0.02073,0.72543,0.01504
"Yemen, Rep.",3832.28474,24407381.00000,0.34606,0.33333,0.16667,0.21913,3,0.20000,1.50000,0.06000,0.80000,0.05000,0.01983,1.00000,0.08234,1.15033,19.84191,484288990.91352,0.00000,39.21207,0.06873,0.06752,19161.42370,19.84191,22.82466,22.82466,19.84191,0.00000,0.00387,5.00000,0.06873,0.06873,87442.58962,3.39316,0.80000,0.42977,1.50000,1.45200,25.93309,632958707.37495,0.00677,0.76512,0.00518
Zambia,3799.54044,14538640.00000,0.40922,0.86667,0.54167,0.42575,3,0.20000,1.50000,0.06000,0.80000,0.05000,0.01859,1.00000,0.12531,1.34551,7.51080,109196805.31283,0.00000,17.32284,0.26697,0.73453,18997.70218,7.51080,10.10586,10.10586,7.51080,0.00000,0.00234,5.00000,0.26697,0.26697,44621.70535,3.39699,3.20000,0.64554,2.46979,2.15366,18.98749,276052301.32629,0.00500,0.39557,0.00198
