country,gdp_pc_pp,gdp_pc_pp_B,gdp_pc_pp_2015_1,gdp_pd_pp_2005,pop,share1,urbanization_rate,T_rebuild_K,pi,income_elast,rho,shareable,max_increased_spending,prepare_scaleup,borrow_abi,avg_prod_k,protection,tau_tax,macro_multiplier,dK,dKtot,delta_W,delta_W_tot,average_aid_cost_pc,axfin,c,dc,dc_npv_post,dc_npv_pre,dk,dw,fa,gamma_SP,help_fee,help_needed,help_received,k,n,shew,social,v,v_shew,dWpc_currency,dWtot_currency,risk,resilience,risk_to_assets
Albania,10971.292519999999,11359.1704,10971.29252,10397.28739,2889167.0,0.08900000000000001,0.57407,3.0,0.2,1.5,0.06,0.8,0.05,1,1,0.1852799860314327,1.0,0.18394331291100008,1.118347494599629,105.56669586392559,304999813.9890903,1.583781296295475e-06,4.575808656474109,60.33547121489151,0.086087198,54856.4626,105.56669586392559,118.06024983258222,118.0602498325822,105.56669586392559,1.583781296295475e-06,0.004684841967579156,0.9999999999999998,60.33547121489151,63.33992448245668,60.33547121489151,296073.3308275056,3.3937034201181033,0.0,0.19179090180000005,2.1059999999999994,2.1059999999999994,123.8426400873802,357802068.933336,0.011287880608562994,0.8524260770720038,0.009622083785614495
Algeria,13724.723850000004,13921.180019999998,13724.72385,13822.56622,39666519.0,0.094,0.70727,3.0,0.2,1.5,0.06,0.8,0.05,1,1,0.2889104503291931,1.0,0.14544458210878927,1.216243465076183,57.06716298850628,2263655704.9596806,7.978256192075699e-07,31.646965082983836,74.37464449507641,0.15218446000000002,68623.61925000002,57.067162988506276,69.40756405520818,69.40756405520818,57.06716298850628,7.978256192075699e-07,0.008855015927648233,0.9999999999999998,74.37464449507641,76.19901118836704,74.37464449507641,237525.56950365845,3.388228573864774,2.4000000000000004,0.1562626964596792,0.9522099500000001,0.8607977948000002,87.28500331276197,3462292242.320736,0.006359691041270892,0.6538026101004051,0.004157982602215072
Angola,6231.067992,5984.640422,6231.067992,6937.0062659999985,25021974.0,0.054000000000000006,0.4405,3.0,0.2,1.5,0.06,0.8,0.05,1,1,0.43239739052511456,1.0,0.1273585357336769,1.351790414097182,9.14789159099317,228898305.5446498,5.172052789189288e-07,12.941497041772182,3.1852140512174003,0.18571632000000005,31155.33996,9.147891590993174,12.36603216190479,12.36603216190479,9.14789159099317,5.172052789189288e-07,0.0015207822274710045,1.0,3.1852140512174003,3.1852140512174003,3.1852140512174003,72052.5623944311,3.398591931227176,0.0,0.13004843279721207,3.0999999999999988,3.0999999999999988,17.309099363998968,433107834.2493987,0.002777870404595477,0.5285018820805769,0.0014681097370046433
Argentina,19101.297389999992,18489.43489,19101.29739,18087.19626,43416755.0,0.051,0.91751,3.0,0.2,1.5,0.06,0.8,0.05,1,1,0.2695495148851759,1.0,0.15424627045799985,1.1979538860660952,82.91202544477673,3599771095.2896376,5.902516264240674e-07,25.626810252805257,27.122151481618175,0.050750804000000004,95506.48694999998,82.91202544477673,99.32478308318127,99.32478308318127,82.91202544477673,5.902516264240674e-07,0.0030324152141462564,1.0,27.122151481618168,27.122151481618175,27.122151481618175,354318.8975527717,3.395921114217648,3.2000000000000006,0.1616266215999999,2.2890156499999996,1.9960216467999996,106.03338670994253,4603625572.605831,0.005551109149551992,0.7819426316315354,0.004340648896874579
Armenia,8195.933650000003,8190.239289,8195.93365,7899.284409999998,3017712.0,0.08199999999999999,0.62673,3.0,0.2,1.5,0.06,0.8,0.05,1,1,0.3666957212217474,1.0,0.3536654384778,1.289724411382942,57.688280447861416,174086616.16687673,1.5042384966304202e-06,4.53935856214358,9.71061452049733,0.020931459799999996,40979.66825000002,57.688280447861416,74.40198354431215,74.40198354431215,57.688280447861416,1.5042384966304202e-06,0.011016746984863712,0.9999999999999998,9.71061452049733,9.722595685701164,9.71061452049733,111753.87624776477,3.385673519640875,1.6000000000000003,0.4025633195799999,1.2499999999999998,1.1699999999999997,75.9429172456826,229173852.6873033,0.009265926310382292,0.7596268689709973,0.007038646591271685
Australia,43719.50215999999,44260.57597,43719.50216,43654.58052,23781169.0,0.073,0.89423,3.0,0.2,1.5,0.06,0.8,0.05,1,1,0.27360239086009513,1.0,0.2276911005799999,1.201782492156731,87.31305066377759,2076406413.740857,1.7559447401934724e-07,4.1758418621202065,16.706660880136177,0.6593659199999999,218597.51079999996,87.31305066377762,104.93129562452155,104.93129562452157,87.31305066377759,1.7559447401934724e-07,0.0012700219247559535,0.9999999999999998,16.706660880136173,16.706660880136177,16.706660880136177,798960.5284983729,3.398306062937593,3.9999999999999996,0.28233659199999994,2.854399999999999,2.397696,109.22751488423349,2597557990.911972,0.002498370509446659,0.7993686458610517,0.001997119050995562
Austria,44288.92875,44438.72482,44288.92875,43892.72954,8611088.0,0.079,0.65968,3.0,0.2,1.5,0.06,0.8,0.05,1,1,0.23227851820729006,1.0,0.4837075333,1.1627453167024924,97.48440337801512,839446776.1155853,1.7666647465867757e-07,1.5212905599356428,53.75950043398331,0.64525414,221444.64374999996,97.48440337801512,113.3495334793237,113.3495334793237,97.48440337801512,1.7666647465867757e-07,0.0021940994067728434,0.9999999999999997,53.759500433983305,55.83245768737472,53.75950043398331,953358.259123981,3.397133253798615,3.9999999999999996,0.49449017,1.528,1.2835199999999998,111.98241652944117,964290443.1876725,0.0025284516851051893,0.8705331283182802,0.0022011009552362474
Bangladesh,3132.567539999999,3319.353556,3132.56754,3136.5610690000008,160995642.0,0.08900000000000001,0.34277,3.0,0.2,1.5,0.06,0.8,0.05,1,1,0.2897089076246591,1.0,0.14788669267699997,1.2169977389506987,70.29866969603401,11317779459.458942,7.750484502451016e-06,1247.7942282831518,36.36323642387195,0.08737927799999998,15662.8377,70.29866969603401,85.55332207131542,85.55332207131542,70.29866969603401,7.750484502451016e-06,0.01733380638164797,0.9999999999999998,36.36323642387195,42.9856903527258,36.36323642387195,54064.052874385365,3.3776991960353993,3.2,0.13804606459999996,2.362140790448914,2.0597867692714527,92.46011182914374,14885675063.324791,0.029515760043004137,0.7603134833531061,0.0224412303321109
Belarus,17229.55519,16752.09877,17229.55519,16621.03344,9513000.0,0.095,0.76667,3.0,0.2,1.5,0.06,0.8,0.05,1,1,0.3864445367538237,1.0,0.4353137896300001,1.308380406754342,59.53319738600297,566339306.7330463,5.107704658024513e-07,4.858959441178719,24.939473469048163,0.172373852,86147.77595,59.53319738600296,77.8920690112851,77.89206901128509,59.53319738600297,5.107704658024513e-07,0.005088617633931036,0.9999999999999998,24.93947346904816,24.939473469048163,24.939473469048163,222924.03632782784,3.393321946203818,3.2000000000000006,0.4684550398000001,1.8799999999999992,1.6393599999999995,78.58919301194993,747618993.1226797,0.004561301330493021,0.7575239686829537,0.0034552950862339104
Belgium,41722.921859999995,42094.57905,41722.92186,41138.38336,11285721.0,0.086,0.97858,3.0,0.2,1.5,0.06,0.8,0.05,1,1,0.2166915174374668,1.0,0.4831477469099999,1.1480208379739567,24.618913817476994,277842192.66709024,4.796424403724248e-08,0.5413110761802322,8.463491561201113,0.5792287,208614.60929999998,24.618913817476994,28.26302607074856,28.26302607074856,24.618913817476994,4.796424403724248e-08,0.00045875789873802883,1.0,8.463491561201113,8.463491561201113,8.463491561201113,962726.237588891,3.3993855736493783,0.0,0.5101755720000001,1.5400000000000003,1.5400000000000003,27.800740228215286,313751397.80911404,0.0006663181529208293,0.8855488600440566,0.0005900572807457018
Benin,1987.167146,2009.961384,1987.167146,1985.613853,10879829.0,0.032,0.4395,3.0,0.2,1.5,0.06,0.8,0.05,1,1,0.3302533219458435,1.0,0.08277983833600004,1.255298588167888,4.871616757320626,53002357.27318291,1.2438741973180877e-06,13.53313856433305,0.8045163665641655,0.08237205599999997,9935.835730000003,4.871616757320625,6.1153336375596075,6.1153336375596075,4.871616757320626,1.2438741973180877e-06,0.0015758525854976618,0.9999999999999998,0.8045163665641654,0.8045163665641655,0.8045163665641655,30085.49822136029,3.3982082725999763,1.6000000000000003,0.07731285760000003,3.393739601658168,3.1765402671520446,7.497254895358661,81568851.23091513,0.0037728355717081994,0.6497867319859308,0.002451538496460542
Bhutan,7743.337996000002,8253.293783,7743.337995999998,7601.368909999999,774830.0,0.067,0.38644,3.0,0.2,1.5,0.06,0.8,0.05,1,1,0.185575394278482,1.0,0.044019467098,1.1186265561403412,178.32747216407427,138173475.25688967,4.588073375981817e-06,3.5549768939119915,40.20238260098033,0.24155477999999997,38716.68998,178.32747216407427,199.48184605211097,199.48184605211094,178.32747216407427,4.588073375981817e-06,0.006964772895356122,0.9999999999999998,40.202382600980336,48.57567521342319,40.20238260098033,208630.51446303364,3.3908999359114125,2.4000000000000004,0.0437383708,3.395562306575224,3.069588325144003,212.71201921371426,164815653.84736222,0.027470326017486967,0.8383516494425571,0.02302979312748499
Bolivia,6531.5193979999995,6707.9561840000015,6531.519398,6475.741503,10724705.0,0.039,0.68512,3.0,0.2,1.5,0.06,0.8,0.05,1,1,0.4218342004210295,1.0,0.17059334626300002,1.3418117485225833,31.714406420132025,340127653.1060221,1.3409808078815609e-06,14.381623575191416,6.022879748919129,0.27343408,32657.59699,31.71440642013203,42.554763131953194,42.554763131953194,31.714406420132025,1.3409808078815609e-06,0.005496527315875775,0.9999999999999998,6.022879748919129,6.022879748919129,6.022879748919129,77418.08738458071,3.3926878732053227,2.4000000000000004,0.21263727540000002,2.2554168467144113,2.0388968294298278,48.163654730731196,516540988.7089465,0.0073740353194816,0.658471758371285,0.00485559400311101
Bosnia and Herzegovina,10932.048710000001,11327.48741,10932.04871,10023.56017,3810416.0,0.077,0.39767,3.0,0.2,1.5,0.06,0.8,0.05,1,1,0.32393223235700314,1.0,0.143564456482,1.2493272822979196,66.11010886585962,251907016.58421332,1.1111262456689348e-06,4.2338532245168405,27.748306897369265,0.09976816199999997,54660.24355000001,66.11010886585962,82.59316264180399,82.59316264180399,66.11010886585962,1.1111262456689348e-06,0.0042667317534458675,0.9999999999999998,27.748306897369265,27.84689191868497,27.748306897369265,168739.74890451584,3.394314945626654,0.0,0.1547600722,2.468124285699999,2.468124285699999,86.41857777318354,329290731.44418293,0.007905067025006289,0.7649988066151,0.00604736684034219
Botswana,15356.457619999997,15723.23706,15356.45762,14876.33174,2262485.0,0.028,0.57444,3.0,0.2,1.5,0.06,0.8,0.05,1,1,0.2811780767140953,1.0,0.08310013303600002,1.2089389699717095,43.27889097702584,97917841.6521563,4.4683657089413443e-07,1.0109610390994157,4.305304567516646,0.30619332,76782.28809999999,43.27889097702584,52.321537879283525,52.321537879283525,43.27889097702584,4.4683657089413443e-07,0.0013842467713778188,0.9999999999999998,4.305304567516646,4.305304567516646,4.305304567516646,273073.52336033294,3.398142689742034,3.2000000000000006,0.11219832540000003,3.266403415957444,2.8483037787148904,57.86006366228678,130907526.13496889,0.0037678001720221456,0.7479924534759033,0.002818286094877775
Brazil,14666.01816999999,14023.69162,14666.01817,14454.93732,207847528.0,0.036000000000000004,0.85687,3.0,0.2,1.5,0.06,0.8,0.05,1,1,0.26557501018758395,1.0,0.213762613672,1.1941993145009573,27.189591716741557,5651289425.65401,2.7142940180900253e-07,56.4159301925199,4.424360317036473,0.14558476199999998,73330.09084999995,27.18959171674155,32.46979178969367,32.469791789693666,27.189591716741557,2.7142940180900253e-07,0.0007998110648739211,1.0000000000000002,4.424360317036473,4.424360317036473,4.424360317036474,276118.1889749514,3.398932390216656,0.8000000000000002,0.2071562594,3.302651539985098,3.1969666907055743,32.798748399367334,6817138776.302457,0.0022363771828988097,0.8289825997526792,0.0018539177711070281
Bulgaria,17000.167250000002,17794.52661,17000.16725,16956.409069999998,7177991.0,0.06,0.73948,3.0,0.2,1.5,0.06,0.8,0.05,1,1,0.3230784715072762,1.0,0.4390931068800001,1.2485207651457937,38.23191031630148,274428308.1632192,3.22620952469196e-07,2.315770293235316,9.320207642131297,0.17148750599999998,85000.83625,38.23191031630148,47.73333392109407,47.733333921094086,38.23191031630148,3.22620952469196e-07,0.0019296198690760909,0.9999999999999998,9.320207642131297,9.320207642131297,9.320207642131297,263096.56552923756,3.3973662002890097,3.2000000000000006,0.47333783460000023,2.2431041456000003,1.9559868149631998,48.650781895937904,349214874.5920052,0.0028617825448710157,0.7858436971902738,0.0022489137756160297
Burkina Faso,1596.3345380000003,1642.185834,1596.334538,1561.521915,18105570.0,0.083,0.29859,3.0,0.2,1.5,0.06,0.8,0.05,1,1,0.40566509188102295,1.0,0.32986197043800003,1.3265373735307222,3.658027679540895,66230676.213865235,1.1152856554974903e-06,20.19288250560569,0.8896063670548348,0.09816123199999999,7981.67269,3.658027679540895,4.85251043032086,4.85251043032086,3.658027679540895,1.1152856554974903e-06,0.0014888122264812454,0.9999999999999998,0.8896063670548348,0.8896063670548348,0.8896063670548348,19675.52261642699,3.3978832084729724,2.4000000000000004,0.3515854992000001,3.393739601658168,3.067940599898984,4.839993507723443,87630841.25363234,0.003031941859622561,0.7557918566840183,0.0022915169674421303
Burundi,748.4152713000002,721.1765615,748.4152713,692.6739312000002,11178921.0,0.069,0.12057,3.0,0.2,1.5,0.06,0.8,0.05,1,1,0.4629793127178333,1.0,0.10229098596046877,1.3806800555012047,2.6852144117756094,30017799.777301006,2.888744091856159e-06,32.29304199207675,1.0848011297343811,0.04666023,3742.076356500001,2.6852144117756094,3.707421983082983,3.707421983082983,2.6852144117756094,2.888744091856159e-06,0.0038259243104510135,0.9999999999999998,1.084801129734381,1.1196321548294716,1.084801129734381,8082.599489236017,3.394980974647353,2.4000000000000004,0.1032671897007356,2.469788850858763,2.2326891211763216,4.024352855583587,44987922.64869332,0.005377165605658033,0.6672412952184373,0.003587866943323299
Cameroon,3289.0645460000005,3346.817793,3289.064546,2938.776214,23344179.0,0.045,0.54381,3.0,0.2,1.5,0.06,0.8,0.05,1,1,0.4197375746029477,1.0,0.046967137719999996,1.3398311415593882,8.452327941895856,197312656.44231847,1.1457656896037342e-06,26.746959350168012,2.8708931113179137,0.09980292199999999,16445.32273,8.452327941895856,11.324692195224639,11.324692195224639,8.452327941895856,1.1457656896037342e-06,0.0042699120981556865,1.0000000000000002,2.8708931113179137,2.8708931113179137,2.870893111317914,39180.0108569182,3.3947570381943075,3.2000000000000006,0.0638548552,1.8343680960785826,1.599568979780524,14.70524346752145,343281835.7444014,0.004470950102029846,0.5747832710532119,0.0025698273243604064
Canada,43002.40931,43113.68397,43002.40931,42890.8811,35851774.0,0.066,0.81828,3.0,0.2,1.5,0.06,0.8,0.05,1,1,0.3354838938558465,1.0,0.24114664264,1.260239721228972,39.656511313671935,1421756281.2462094,8.599850360450253e-08,3.0831989155668102,6.597344358561189,0.66304528,215012.04655000003,39.656511313671935,49.97671076285551,49.9767107628555,39.656511313671935,8.599850360450253e-08,0.0012965352579387861,1.0,6.597344358561189,6.597344358561189,6.597344358561189,640901.2488760136,3.398279782528125,3.2,0.304504528,1.506676456117858,1.3138218697347723,52.1619971431189,1870100132.9637446,0.001213001735951313,0.7602567671031618,0.0009221927782648683
Central African Republic,626.4108725,647.8804448,626.4108725,562.1929716,4900274.0,0.033,0.40037,3.0,0.2,1.5,0.06,0.8,0.05,1,1,0.3147438330510679,1.0,0.0094500347288,1.2406473321184426,3.3980939479775736,16651591.422831861,4.397123988364418e-06,21.54711235495846,0.509838017052785,0.031053149199999998,3132.054362499999,3.398093947977573,4.215836190846203,4.215836190846202,3.3980939479775736,4.397123988364418e-06,0.0027770829310915434,0.9999999999999998,0.509838017052785,0.509838017052785,0.509838017052785,9951.122257546558,3.3964073468933504,0.0,0.009220104719999999,3.2392822211843653,3.2392822211843653,4.69062070737513,22985326.696211956,0.007488089548405995,0.7244444093794882,0.0054247046102757
Chad,2047.637179,1845.914679,2047.637179,2043.544231,14037472.0,0.049,0.22471,3.0,0.2,1.5,0.06,0.8,0.05,1,1,0.7532009944644721,1.0,0.06969705380186535,1.654842034610844,4.916297779352123,69012392.42131762,1.3788257356640483e-06,19.355227657263487,1.0848402539530486,0.052886108,10238.185895000002,4.916297779352123,8.135696219935843,8.135696219935843,4.916297779352123,1.3788257356640483e-06,0.0027226067109854743,0.9999999999999998,1.0848402539530486,1.0848402539530486,1.0848402539530486,13592.900129240243,3.3964017174031613,0.0,0.05905505271450292,3.393739601658168,3.393739601658168,8.692890037440796,122026200.49965411,0.004245327310225009,0.565553890383674,0.002400961376249812
Chile,22536.617689999992,22706.72054,22536.61769,22145.09481,17948141.0,0.048,0.8953,3.0,0.2,1.5,0.06,0.8,0.05,1,1,0.3473941118185529,1.0,0.16698212433600002,1.2714908755487702,216.37061381132656,3883450284.9422355,1.3855012150703094e-06,24.86717116375324,88.488465759665,0.16560281999999998,112683.08844999995,216.37061381132654,275.1132611979883,275.1132611979883,216.37061381132656,1.3855012150703094e-06,0.02762203971182145,0.9999999999999998,88.48846575966499,89.71664996797512,88.488465759665,324366.7195742665,3.3647146349731423,3.2000000000000006,0.1861468554,0.7743160000000002,0.6752035519999999,319.00525336973493,5725551267.220728,0.014154974706399035,0.6782666163824823,0.009600846799088895
China,13569.891529999999,14399.44766,13569.89153,13400.26697,1371220000.0,0.052000000000000005,0.55614,3.0,0.2,1.5,0.06,0.8,0.05,1,1,0.2292163791392399,1.0,0.195861919520056,1.159852624116077,42.95221887856267,58896941570.66269,5.015259243288539e-07,687.702377958211,7.702887519528166,0.44824216000000006,67849.45765000001,42.95221887856267,49.818243777909004,49.818243777909,42.95221887856267,5.015259243288539e-07,0.0015293292243726548,0.9999999999999998,7.702887519528165,9.056432330722965,7.702887519528165,296006.14888338384,3.3981189259391793,3.2,0.22259948206360694,2.8480322650000014,2.4834841350800003,53.93843500714197,73961460850.49321,0.003974861176148397,0.7963193383878375,0.003165258821973993
Colombia,12985.383129999998,13124.32484,12985.38313,12988.1677,48228704.0,0.038,0.76436,3.0,0.2,1.5,0.06,0.8,0.05,1,1,0.2797792564799715,1.0,0.104988906254,1.2076175548331232,174.29946041655222,8406237083.789612,2.5108724856334417e-06,121.0961258913595,56.29409492712534,0.145318898,64926.91564999997,174.29946041655222,210.48708819696955,210.4870881969695,174.29946041655222,2.5108724856334417e-06,0.0165757515852426,0.9999999999999998,56.29409492712534,58.15212286474666,56.29409492712534,232064.79446287281,3.378810533014611,3.2000000000000006,0.10893280159999999,1.4206400000000001,1.23879808,252.80492713332438,12192454000.45467,0.01946842265664628,0.6894622758860633,0.013422742992763146
Comoros,1413.059277,1411.152339,1413.059277,1363.563075,788474.0,0.045,0.28296,3.0,0.2,1.5,0.06,0.8,0.05,1,1,0.197958724460889,1.0,0.04162310617999999,1.1303246425491325,3.478150741793927,2742431.427985225,1.1844992737781305e-06,0.9339468803929376,0.9579232742217849,0.125104594,5652.237107999999,3.478150741793927,3.9314394939502204,3.93143949395022,3.478150741793927,1.1844992737781305e-06,0.001180611356128759,0.9999999999999999,0.957923274221785,0.9613574384730728,0.9579232742217849,28552.604202684284,2.71841724193367,1.8000000000000003,0.04138180279999999,1.9758310806870103,1.7980062834251793,4.281033712127481,3375483.7751360037,0.0030296207539264337,0.8124558169072308,0.002461433004550401
"Congo, Dem. Rep.",750.4973419999999,743.8943423999998,750.497342,736.6802449,77266814.0,0.055,0.42494,3.0,0.2,1.5,0.06,0.8,0.05,1,1,0.2370560018580905,1.0,0.03556957948499998,1.1672584335895029,6.310341124751717,487579953.9627417,6.147782357813208e-06,475.0195559536346,1.7283571046251727,0.05676833400000001,3752.48671,6.310341124751717,7.365798896693111,7.365798896693111,6.310341124751717,6.147782357813208e-06,0.003973531477175836,0.9999999999999998,1.7283571046251727,1.8218185515939826,1.7283571046251727,15829.536820781956,3.395349795736855,1.6000000000000003,0.03241328139999998,3.0999999999999988,2.9016,8.600336822425449,664520625.5956982,0.01145951669796247,0.7337318590008534,0.008408212490047324
"Congo, Rep.",5542.892981999999,5301.395941,5542.892982,5993.153101,4620330.0,0.042,0.6538,3.0,0.2,1.5,0.06,0.8,0.05,1,1,0.3727534239023239,1.0,0.15384201525799995,1.29544690511866,31.709885268531792,146510134.2027555,1.7444825094741855e-06,8.060084872998862,9.79572023269755,0.116462276,27714.464909999995,31.709885268531792,41.078472732787304,41.078472732787304,31.709885268531792,1.7444825094741855e-06,0.006888588275187134,1.0,9.795720232697551,10.520419312268796,9.79572023269755,74350.66489761413,3.391546658164087,0.0,0.15756214879999994,1.8343680960785824,1.8343680960785824,48.98342028569294,226319566.24859565,0.008837157860482203,0.6473595572458138,0.0057208185998731224
Costa Rica,14914.206749999996,15401.4925,14914.20675,14471.78641,4807850.0,0.043,0.7682100000000001,3.0,0.2,1.5,0.06,0.8,0.05,1,1,0.4818967549173638,1.0,0.19618945098300006,1.3985506824023444,57.452177888746974,276221453.4624122,7.437276452184574e-07,3.57573095906356,18.402423187766193,0.26912722000000006,74571.03374999999,57.45217788874698,80.34978259180798,80.34978259180798,57.452177888746974,7.437276452184574e-07,0.005697515905835078,0.9999999999999998,18.402423187766193,18.411502868637392,18.402423187766193,154744.83484078967,3.392402136931115,3.9999999999999996,0.20864231120000004,1.984168669323803,1.6667016822319942,92.16982789958672,443138707.06702805,0.0061800020238814745,0.6233295558643935,0.0038521779167870925
Cote d'Ivoire,3241.6120559999995,3424.7642100000007,3241.612056,3289.988043,22701556.0,0.057,0.5418,3.0,0.2,1.5,0.06,0.8,0.05,1,1,0.5759764393620561,1.0,0.10944238212883547,1.4874243748368206,6.2246133308291265,141308408.108164,7.560350699399331e-07,17.163172478205315,1.4376422546391505,0.10841568399999998,16208.060279999994,6.2246133308291265,9.258641592209456,9.258641592209456,6.2246133308291265,7.560350699399331e-07,0.0017740187332729047,0.9999999999999998,1.4376422546391503,1.4376422546391505,1.4376422546391505,28140.144582913555,3.397619326771376,1.6000000000000003,0.11073971036073096,3.393739601658168,3.1765402671520446,9.494128375374368,215531486.98475024,0.0029288293020139143,0.6556276768886307,0.0019202215512827323
Croatia,20759.04815,21527.96767,20759.04815,20429.99271,4224404.0,0.073,0.5896399999999999,3.0,0.2,1.5,0.06,0.8,0.05,1,1,0.23052247153165525,1.0,0.31975156967000007,1.1610864425994154,116.98788931241366,494204107.56291753,6.772907976025187e-07,2.8611499545552705,33.62470652300053,0.28301458,103795.24074999995,116.98788931241366,135.83305222896456,135.83305222896453,116.98788931241366,6.772907976025187e-07,0.0031068450677268072,0.9999999999999998,33.62470652300053,33.714816706516714,33.62470652300053,450260.8360059461,3.3958476121639203,3.200000000000001,0.354580658,2.4648051243999998,2.1493100684767996,137.83310364682194,582262714.3780491,0.00663966395043127,0.8487648193149504,0.005635513173199786
Cyprus,30549.10097,31331.393,30549.10097,30309.634830000006,1165300.0,0.079,0.6692100000000001,3.0,0.2,1.5,0.06,0.8,0.05,1,1,0.20174778291418224,1.0,0.37063533997000003,1.13390402972057,55.632059093032005,64828038.4611102,1.87377460961766e-07,0.21835095525874587,48.97965708328224,0.24233095999999996,152745.50485,55.632059093032005,63.08141598724186,63.08141598724186,55.632059093032005,1.87377460961766e-07,0.0029896409347119233,0.9999999999999998,48.97965708328225,52.81482596927293,48.97965708328224,757111.1942031777,3.3960908897883337,0.0,0.38700596600000003,0.8646689476190478,0.8646689476190478,68.05427930363217,79303651.67252257,0.002227701540888657,0.8174659942370858,0.001821070254986034
Czech Republic,30605.420520000007,31338.87521,30605.42052,29805.33278,10551219.0,0.097,0.72992,3.0,0.2,1.5,0.06,0.8,0.05,1,1,0.23979983157078166,1.0,0.4869977619339998,1.1698504307822832,50.24663606079463,530163261.09074146,1.6047236231955493e-07,1.6931790382809724,32.25632517578508,0.40017238000000005,153027.10260000004,50.24663606079463,58.78104884108121,58.7810488410812,50.24663606079463,1.6047236231955493e-07,0.0010313475849652847,0.9999999999999998,32.25632517578507,33.08921653997884,32.25632517578507,638145.1629786949,3.3986291261391037,3.9999999999999996,0.4812709023999999,2.354,1.97736,58.44749463369275,616692315.8814169,0.0019097105558637407,0.8596884498763333,0.00164175610748297
Denmark,45458.697150000015,45991.22478,45458.69715,43415.22942,5676002.0,0.094,0.87676,3.0,0.2,1.5,0.06,0.8,0.05,1,1,0.2301060640275852,1.0,0.45219752521799994,1.1606930774147577,2.2491006152878485,12765899.590575058,3.920558835624961e-09,0.022253099792124944,0.5353067789562048,0.6707697200000001,227293.4857500001,2.2491006152878485,2.6105155145738776,2.6105155145738776,2.2491006152878485,3.920558835624961e-09,5.451480646236979e-05,1.0000000000000002,0.5353067789562048,0.5353067789562048,0.5353067789562048,987777.0353881333,3.3999270466482363,3.2000000000000006,0.48524766240000006,1.3,1.1336,2.5851577322408024,14673360.458514258,5.686827591451995e-05,0.87000517888645,4.947569455997592e-05
Dominican Republic,13371.524989999996,14098.875869999998,13371.52499,13374.90875,10528391.0,0.051,0.7898,3.0,0.2,1.5,0.06,0.8,0.05,1,1,0.3771503990888722,1.0,0.15637112543700002,1.2996005693521007,152.5901557539957,1606528822.5289664,1.918866032161561e-06,20.20257186321549,31.632205452766684,0.30391701999999987,66857.62495,152.5901557539957,198.30625329541851,198.30625329541851,152.5901557539957,1.918866032161561e-06,0.015833728954756016,0.9999999999999998,31.63220545276669,32.09223751972696,31.632205452766684,177270.46056829323,3.38052005287138,3.2000000000000006,0.16835893340000002,1.5489973692170458,1.350725705957264,201.88773151306407,2125552975.4725602,0.015098332588395673,0.7558168820383305,0.011411574660938935
Ecuador,10749.128869999999,10424.26415,10749.12887,10717.59861,16144363.0,0.046,0.63742,3.0,0.2,1.5,0.06,0.8,0.05,1,1,0.25747347179967145,1.0,0.204944440536,1.186546082720012,204.5633404086973,3302544824.0505776,3.2894948678035566e-06,53.10679923245764,34.52306520195815,0.15908827,53745.644349999995,204.56334040869723,242.72383023006012,242.72383023006014,204.5633404086973,3.2894948678035566e-06,0.007388595937100493,0.9999999999999998,34.52306520195815,34.80621649591309,34.52306520195815,208742.4540257766,3.390185113934158,2.4000000000000004,0.2180445762,3.405685096709339,3.0787393274252426,249.42449466920206,4026799583.031163,0.023204158930992713,0.8201413444978544,0.01903069010360626
"Egypt, Arab Rep.",10095.610170000004,10319.25693,10095.61017,10249.95791,91508084.0,0.091,0.43135,3.0,0.2,1.5,0.06,0.8,0.05,1,1,0.4927783418827425,1.0,0.12267640883099999,1.408830126034286,8.033939085508077,735170372.6875563,1.7382346483441033e-07,15.906252221238267,3.8095352000414073,0.04771350199999999,50478.050850000014,8.033939085508077,11.318455414388122,11.318455414388122,8.033939085508077,1.7382346483441033e-07,0.0007473754178204261,0.9999999999999998,3.8095352000414073,3.8095352000414073,3.809535200041407,102435.61163248394,3.39904469716577,2.4000000000000004,0.1202210902,2.9000000000000004,2.6216000000000004,11.997414428452089,1097860407.3016057,0.0011883793278888149,0.6696392071324503,0.0007957853909000602
El Salvador,7845.157575000002,7989.9972560000015,7845.157575,8095.558984,6126583.0,0.061,0.6672600000000001,3.0,0.2,1.5,0.06,0.8,0.05,1,1,0.13424357530792413,1.0,0.21603768251200006,1.0701352339359869,208.99031523831422,1280396512.5036964,4.914780285979094e-06,30.110809348814648,74.7125724875995,0.1740103,39225.78787500001,208.99031523831422,223.647899887909,223.647899887909,208.99031523831422,4.914780285979094e-06,0.00788583807027496,0.9999999999999998,74.7125724875995,80.95715214150036,74.7125724875995,292198.62317451695,3.3895253006755395,2.4000000000000004,0.20973778440000004,2.46,2.22384,232.3678826785293,1423621119.764272,0.029619275388299546,0.8993941539134439,0.026639403127388963
Estonia,27549.58137000001,28109.81704,27549.58137,26929.66404,1311998.0,0.075,0.67538,3.0,0.2,1.5,0.06,0.8,0.05,1,1,0.2800603915970392,1.0,0.39726146249999994,1.2078831330615611,62.94034924020714,82577612.3224533,2.5101620646894463e-07,0.3293327608548425,43.17940155683349,0.3405986400000001,137747.9068500001,62.94034924020714,76.02458623625027,76.02458623625026,62.94034924020714,2.5101620646894463e-07,0.004467297599557572,1.0000000000000002,43.17940155683349,43.17940155683349,43.17940155683349,491850.72571131925,3.3941731248486615,0.0,0.41693689999999994,0.9381249647231473,0.9381249647231473,78.0985488025903,102465139.83190086,0.0028348361361176747,0.8059093312898996,0.002284620894775038
Ethiopia,1533.107632,1608.293476,1533.107632,1529.893783,99390750.0,0.066,0.19472,3.0,0.2,1.5,0.06,0.8,0.05,1,1,0.3781161653838428,1.0,0.11454857269755477,1.3005128940178288,4.600858433096256,457282770.3092618,1.5491923970572897e-06,153.97539423782186,2.2741499800783367,0.15016708999999998,7665.538159999998,4.600858433096255,5.983475715792346,5.983475715792346,4.600858433096256,1.5491923970572897e-06,0.004168022968281298,1.0,2.2741499800783367,2.2741499800783367,2.2741499800783367,20272.971276481567,3.3941332716197055,3.2000000000000006,0.1176464414873826,1.7902401369303216,1.5610893994032404,6.327574925393869,628902417.5160908,0.00412728682143425,0.7271124383896361,0.003001001584666468
France,37765.750869999996,38061.09426000001,37765.75087,37305.69062,66808385.0,0.079,0.7952,3.0,0.2,1.5,0.06,0.8,0.05,1,1,0.2234491797478895,1.0,0.4439328854200002,1.1544045583839209,61.9129684158403,4136305430.4182987,1.4225378398360868e-07,9.503745568083762,34.180699845074265,0.5603165199999999,188828.75434999994,61.91296841584029,71.47261296232575,71.47261296232575,61.9129684158403,1.4225378398360868e-07,0.001696213143619008,0.9999999999999998,34.180699845074265,35.17113118840158,34.180699845074265,845063.5377719861,3.3977698769606497,3.9999999999999996,0.45615061600000023,1.528,1.28352,71.06534537333589,4747760953.859793,0.0018817405648298155,0.8712118134455782,0.00163939460991949
Georgia,9025.133143,9276.766243,9025.133143,9109.256977,3679000.0,0.068,0.53641,3.0,0.2,1.5,0.06,0.8,0.05,1,1,0.3632651483124993,1.0,0.5735881527876001,1.28648367260485,82.42085165909573,303226313.25381327,1.9625987292525975e-06,7.220400724920304,2.3543034526279367,0.008780484399999998,45125.665714999996,82.42085165909573,106.03307994161304,106.03307994161304,82.42085165909573,1.9625987292525975e-06,0.016829710229913992,0.9999999999999998,2.3543034526279367,2.3543034526279367,2.3543034526279367,124222.39216898553,3.378524141379726,2.4000000000000004,0.63176699844,1.3442463,1.2151986551999998,114.49911141576277,421242230.8985912,0.012686694988491072,0.7198383519310796,0.0091323696119677
Germany,43937.94713,44356.85773,43937.94713,44053.06812,81413145.0,0.078,0.7530100000000001,3.0,0.2,1.5,0.06,0.8,0.05,1,1,0.2730174463967501,1.0,0.4643619563859998,1.201229916171454,40.8074191387735,3322260331.4207425,7.766609176533168e-08,6.323040790474254,9.430770538916416,0.5965660000000002,219689.73565,40.807419138773504,49.01909267124229,49.01909267124229,40.8074191387735,7.766609176533168e-08,0.0011319162754625095,0.9999999999999998,9.430770538916416,9.430770538916416,9.430770538916416,804672.8828118404,3.398492351247942,3.2000000000000006,0.4950705503999999,1.262906775,1.1012547078,48.64770263333387,3960562468.4044924,0.001107191068563104,0.8388354830719563,0.0009287511548510868
Ghana,3929.681043999998,3980.202106,3929.681044,3953.21018,27409893.0,0.054000000000000006,0.54042,3.0,0.2,1.5,0.06,0.8,0.05,1,1,0.4079350165763704,1.0,0.195803902202,1.3286816897071048,6.903228278057686,189216748.4561354,5.942233856802702e-07,16.287599419593942,0.700862632049524,0.20917837999999994,19648.405219999997,6.903228278057686,9.17219301292355,9.172193012923552,6.903228278057686,5.942233856802702e-07,0.001265360297946525,0.9999999999999998,0.700862632049524,0.700862632049524,0.700862632049524,48165.52740409714,3.3983450117573106,3.2000000000000006,0.26396411360000005,3.48959543980949,3.0429272235138747,9.959969549758084,273001699.6421273,0.0025345490990841056,0.6930973276143557,0.0017566892072825664
Greece,24170.301839999996,24223.99229,24170.30184,24617.037330000006,10823732.0,0.059,0.7800699999999999,3.0,0.2,1.5,0.06,0.8,0.05,1,1,0.2367917503163358,1.0,0.5056647397679999,1.1670088046671074,448.4908451081492,4854344711.904118,2.0951561907695607e-06,22.677409107030602,315.37559623650355,0.14366985999999998,120851.50919999999,448.4908451081492,523.392765053802,523.392765053802,448.4908451081492,2.0951561907695607e-06,0.026921921073011147,1.0,315.37559623650355,348.41893336615016,315.37559623650355,510370.4374774525,3.3659168873820784,3.9999999999999996,0.48850353839999994,1.01327721,0.8511528564000004,535.6653216027693,5797897882.722185,0.02216212793488099,0.8372594361087543,0.01855545073772853
Guatemala,7292.719104000001,7366.76848,7292.719104000002,7252.949965999999,16342897.0,0.045,0.51571,3.0,0.2,1.5,0.06,0.8,0.05,1,1,0.6475627728005022,1.0,0.059600504644999996,1.5550494079996444,48.058945773918296,785422400.7117321,3.195620952158124e-06,52.225704072162145,38.722877541410384,0.177810088,36463.595519999995,48.0589457739183,74.73403517481867,74.73403517481867,48.058945773918296,3.195620952158124e-06,0.03572866219420481,0.9999999999999998,38.722877541410384,38.90114866881824,38.722877541410384,56308.974282611394,3.354314920095472,1.6000000000000003,0.06908316920000002,0.9837106449697208,0.9207531636916585,135.41397562435714,2213056655.9893794,0.018568379460835616,0.3549038830913244,0.0065899899733637525
Guinea,1753.0631159999998,1823.338788,1753.063116,1135.48655,12608590.0,0.076,0.37161,3.0,0.2,1.5,0.06,0.8,0.05,1,1,0.3510694892836516,1.0,0.07727869865088088,1.274962872381474,7.6769935610909545,96796064.24443579,2.0230703348880424e-06,25.508064393766023,2.5959440247077024,0.03659406579999999,8765.315579999997,7.6769935610909545,9.787881761902606,9.787881761902604,7.6769935610909545,2.0230703348880424e-06,0.0026178411386104583,0.9999999999999998,2.5959440247077024,2.5959440247077024,2.5959440247077024,24967.466121551617,3.3966276548058083,2.4000000000000004,0.06956442498924878,3.4400000000000004,3.109759999999999,10.103684801217721,127393219.14778574,0.005763446112694166,0.7598211654589327,0.004379188342407037
Haiti,1651.228445,1653.961848,1651.228445,1658.4132029999996,10711067.0,0.055,0.58645,3.0,0.2,1.5,0.06,0.8,0.05,1,1,0.1333669537730951,1.0,0.026410021335,1.0693071211172875,80.58968141357612,863201477.1294684,3.1815282066673166e-05,340.7756178400347,46.03214047164538,0.11078162999999999,8256.142225,80.58968141357612,86.17512022411044,86.17512022411044,80.58968141357612,3.1815282066673166e-05,0.05308586151058453,1.0,46.03214047164538,66.46315241276965,46.03214047164538,61905.457022334405,3.3413154009913124,2.4000000000000004,0.024608323399999996,0.8973663851275477,0.8112372674307283,145.25144960226723,1555798008.5370076,0.08796569005463518,0.5548287582275406,0.04880589457964196
Honduras,4311.176396999999,4392.265947,4311.176397,4785.0863009999985,8075060.0,0.036000000000000004,0.5473,3.0,0.2,1.5,0.06,0.8,0.05,1,1,0.3635926941047578,1.0,0.15858295587199997,1.286793093328051,118.75141357256985,958924789.6833159,8.917033280699095e-06,72.00557876364203,25.602146476509102,0.17042607599999998,21555.881984999993,118.75141357256985,152.80849880812588,152.80849880812588,118.75141357256985,8.917033280699095e-06,0.02537438133407047,0.9999999999999998,25.602146476509102,25.81784803848852,25.602146476509102,59285.795161740374,3.3669218869647013,1.6,0.1766163224,2.265503315887336,2.120511103670546,171.74702345859833,1386867519.249589,0.039837623804516845,0.6914321493390905,0.027545013851719195
Hungary,25034.450730000008,25664.136,25034.45073,24474.48885,9844686.0,0.078,0.71227,3.0,0.2,1.5,0.06,0.8,0.05,1,1,0.22126941170098394,1.0,0.5782193994400002,1.1523454099490313,225.40787212789112,2219069723.0272403,9.978731704670623e-07,9.8237480310727,22.994933282264505,0.21281976,125172.25365000006,225.40787212789112,259.74772681295354,259.7477268129535,225.40787212789112,9.978731704670623e-07,0.005777260860863133,0.9999999999999997,22.994933282264505,22.994933282264505,22.994933282264505,565700.6663856169,3.392899716205647,3.9999999999999996,0.624313376,2.4404199999999996,2.0499528,268.94202505556416,2647649788.8761616,0.010742877004019016,0.8381281136011421,0.009003907238027548
India,5754.064597,6092.648097,5754.064597,5730.137505,1311050527.0,0.083,0.32747,3.0,0.2,1.5,0.06,0.8,0.05,1,1,0.4525301642355351,1.0,0.13688150290589998,1.3708091209429167,15.713622908093193,20601353594.73486,7.525913330769695e-07,986.6852638461934,6.229464678554439,0.165629104,28770.322985000003,15.713622908093193,21.54037760547171,21.54037760547171,15.713622908093193,7.525913330769695e-07,0.0027417589799317204,0.9999999999999998,6.229464678554441,6.229464678554439,6.229464678554439,63576.5861787403,3.3963285102062297,3.2,0.1460716606411645,2.789261795,2.43223628524,22.351424737587077,29303847181.414375,0.0038844584312175525,0.7030255606779516,0.0027308735665369163
Indonesia,10367.695300000003,10764.548,10367.6953,10385.32332,257563815.0,0.07200000000000001,0.53742,3.0,0.2,1.5,0.06,0.8,0.05,1,1,0.30997681866727844,1.0,0.1588202499401611,1.2361441051712403,33.906036269858426,8732968053.193104,5.965080032246606e-07,153.6388769885759,12.582018972696963,0.3085385200000001,51838.47650000002,33.906036269858426,41.912746864707756,41.91274686470774,33.906036269858426,5.965080032246606e-07,0.005547655016735469,0.9999999999999998,12.582018972696963,12.582018972696963,12.582018972696963,167233.39739686198,3.3925663325031485,3.2000000000000006,0.17076322073604494,1.0904062,0.9508342064,42.84582489706699,11035534117.310556,0.004132627711104413,0.7913498304984079,0.0032703542386955005
"Iran, Islamic Rep.",16500.900509999996,18497.67701,16500.90051,16507.02425,79109272.0,0.063,0.73375,3.0,0.2,1.5,0.06,0.8,0.05,1,1,0.31799517747918205,1.0,0.16354622943540267,1.24371876019995,113.54400828489791,8982383835.380243,1.0920129027860606e-06,86.38834575401204,57.056228858959315,0.23857387999999996,82504.50254999998,113.54400828489793,141.21681321222613,141.21681321222613,113.54400828489791,1.0920129027860606e-06,0.007469144343243897,0.9999999999999998,57.0562288589593,57.10005396290635,57.056228858959315,259452.05585830382,3.389964974326755,1.6000000000000003,0.18194494408357897,1.791935434825248,1.6772515669964325,157.50164618322103,12459840568.356194,0.009545033380921891,0.7209068034299313,0.00688107950327239
Iraq,14928.886399999998,16086.91806,14928.8864,14017.77379,36423395.0,0.08800000000000001,0.69471,3.0,0.2,1.5,0.06,0.8,0.05,1,1,0.5840924714508963,1.0,0.11759863028799995,1.495091298295476,76.19412987511778,2775248889.122716,9.576841978470146e-07,34.88210982343996,30.892274586618058,0.035840168000000006,74644.43199999997,76.1941298751178,113.91718055748399,113.91718055748399,76.19412987511778,9.576841978470146e-07,0.005410520204392186,0.9999999999999998,30.892274586618065,30.892274586618058,30.89227458661806,127795.57287321627,3.392951372035842,2.4000000000000004,0.11947359719999999,3.0999999999999988,2.8023999999999996,118.86526654436895,4329476555.125835,0.007962098669621397,0.6410125690222276,0.005103805323022473
Ireland,61543.205300000016,63301.15414,61543.2053,51899.19989,4640703.0,0.079,0.63241,3.0,0.2,1.5,0.06,0.8,0.05,1,1,0.31125054927451323,1.0,0.5617527717280001,1.2373473526406586,41.205392282098586,191221987.57971177,4.940263211741553e-08,0.2292629430751866,6.419343854968474,0.5254420200000002,307716.02650000004,41.205392282098586,50.98538305477451,50.98538305477451,41.205392282098586,4.940263211741553e-08,0.0007919873106841545,0.9999999999999998,6.419343854968474,6.419343854968474,6.419343854968474,988644.1235758404,3.3989588803842032,0.0,0.5966023244,1.3652174500000003,1.3652174500000003,51.32403127914978,238179585.92924422,0.0008339512222180239,0.8028479302022042,0.000669536012647339
Israel,32024.352769999998,32688.4081,32024.35277,31670.69432,8380400.0,0.047,0.9214,3.0,0.2,1.5,0.06,0.8,0.05,1,1,0.3584782813615938,1.0,0.23852608171548487,1.2819616916518886,37.45813951488787,313914192.3905663,1.3119040901773083e-07,1.0994281037321914,5.6700819736717945,0.5719240599999998,160121.76385,37.458139514887876,48.0198998986381,48.0198998986381,37.45813951488787,1.3119040901773083e-07,0.000756293424513824,0.9999999999999998,5.670081973671795,5.6700819736717945,5.6700819736717945,446670.75294440676,3.3989827638278736,0.0,0.2834144019522691,2.9000000000000004,2.9000000000000004,51.15403265513728,428691255.2631124,0.0015973479002847396,0.7322617117484683,0.0011696767077203252
Italy,34317.571860000004,34699.867360000004,34317.571860000004,33587.122639999994,60802085.0,0.062,0.6896399999999999,3.0,0.2,1.5,0.06,0.8,0.05,1,1,0.2046119687179293,1.0,0.45754809499000004,1.1366097229815528,194.6267290259831,11833710921.509796,4.979747248366585e-07,30.277901547370124,101.85242157878605,0.3928778,171587.8593,194.62672902598314,221.2146325630285,221.2146325630285,194.6267290259831,4.979747248366585e-07,0.004519406247958814,0.9999999999999998,101.85242157878605,102.94431273783132,101.85242157878605,838601.2821006816,3.3939436888951624,3.9999999999999996,0.456810574,1.528,1.2835199999999998,215.33161643920315,13092611245.923826,0.00627467518149762,0.9038465054245025,0.0056713432354704805
Japan,37818.09076000001,38252.30114,37818.09076,35804.2312,126958472.0,0.07400000000000001,0.93498,3.0,0.2,1.5,0.06,0.8,0.05,1,1,0.210442533555454,1.0,0.2732124316091097,1.1421176477705022,241.17488235451705,30619194548.50925,5.582405333854409e-07,70.87336512708058,55.31248214092866,0.6147284599999999,189090.45380000002,241.17488235451705,275.45008933606863,275.45008933606863,241.17488235451705,5.582405333854409e-07,0.006980529060381506,1.0,55.312482140928665,55.31248214092866,55.31248214092866,898537.2424732404,3.3906755011326126,3.2,0.32231825966226985,1.119753,0.9764246159999999,279.3435397930865,35465028975.20146,0.007386505616210184,0.8633630207920988,0.006377235801909028
Jordan,8491.050310999999,8389.604573999999,8491.050310999999,10239.66428,7594547.0,0.08199999999999999,0.8367899999999999,3.0,0.2,1.5,0.06,0.8,0.05,1,1,0.17572272222131016,1.0,0.21103353264999997,1.109319091396647,17.079188868095535,129708702.58062832,3.6267185203632146e-07,2.7543284258668894,6.2393982956765175,0.04409607199999999,42455.25155500001,17.07918886809554,18.94627027694747,18.94627027694747,17.079188868095535,3.6267185203632146e-07,0.0006310052576033717,0.9999999999999998,6.239398295676517,6.6211361796218915,6.2393982956765175,241603.65272244444,3.399154489668909,2.4000000000000004,0.21595723899999997,2.9000000000000004,2.621600000000001,19.30762831950523,146632690.73101348,0.002273879863188722,0.8845824347489406,0.0020114341857060676
Kazakhstan,23522.290520000002,23446.56506,23522.29052,24352.8462,17544126.0,0.1,0.53247,3.0,0.2,1.5,0.06,0.8,0.05,1,1,0.3305707553557686,1.0,0.05961528759999999,1.2555984560873927,65.62397790013412,1151315336.9011683,4.068876095692335e-07,7.138487490121438,69.99385881599235,0.09746399200000001,117611.45260000002,65.62397790013411,82.39736533372155,82.39736533372155,65.62397790013412,4.068876095692335e-07,0.006354258251379152,0.9999999999999998,69.99385881599235,71.12682052970975,69.99385881599235,355782.992580283,3.3916668251363733,3.2000000000000006,0.06057474019999999,0.9381249647231472,0.8180449692385843,99.86151971867422,1751983084.495905,0.004245399470505061,0.6571498018957382,0.0027898634210106726
"Korea, Rep.",34177.654469999994,34985.849330000005,34177.65447,34386.57488,50617045.0,0.073,0.8247399999999999,3.0,0.2,1.5,0.06,0.8,0.05,1,1,0.2367936221973808,1.0,0.23785756010439568,1.1670105729657712,195.43443616257647,9892313649.79076,5.359783194893386e-07,27.129638716616228,55.12874321908989,0.58502682,170888.2723499999,195.43443616257647,228.07405332333082,228.07405332333082,195.43443616257647,5.359783194893386e-07,0.008025787693198026,0.9999999999999997,55.12874321908989,55.41685433702623,55.12874321908989,721675.9926395104,3.3895251148765286,3.9999999999999996,0.27026457206121046,1.1362889999999999,0.95448276,230.4373995160716,11664060220.987974,0.006742340956087021,0.8481020727234257,0.0057181933398654464
Kyrgyz Republic,3237.602937,3293.700997,3237.602937,3224.877613,5957000.0,0.095,0.35707,3.0,0.2,1.5,0.06,0.8,0.05,1,1,0.5202256666410198,1.0,0.28039466617,1.4347586260405798,28.4806707872261,169659355.87950584,3.827919500572484e-06,22.802916464910297,30.665540837523245,0.052352737999999996,16188.014685,28.4806707872261,40.862888087394595,40.862888087394595,28.4806707872261,3.827919500572484e-06,0.02400513339898972,0.9999999999999998,30.665540837523242,32.34980542542651,30.665540837523245,31117.293365247388,3.369213295151542,3.200000000000001,0.2888084511999999,1.2990320004270242,1.1327559043723652,47.98123223641436,285824200.4323203,0.01481998662901953,0.593579394686977,0.008796838692522504
Lao PDR,5755.059505000001,6073.2236950000015,5755.059504999998,5341.30792,6802023.0,0.076,0.38614,3.0,0.2,1.5,0.06,0.8,0.05,1,1,0.2472988860728427,1.0,0.14921227557600003,1.1769345177166666,201.3093710672451,1369310972.1149356,8.19500517048888e-06,55.74261365478429,69.59948327082057,0.21732375999999998,28775.297524999994,201.3093710672451,236.92794754887362,236.92794754887368,201.3093710672451,8.19500517048888e-06,0.03132143905606918,0.9999999999999998,69.59948327082057,86.19742163929236,69.59948327082058,116358.37905280394,3.36089503015757,2.4000000000000004,0.1359698972,1.5999999999999992,1.4463999999999992,243.4419856344646,1655897985.4512978,0.04230051581968214,0.8269295476808883,0.03497954641343801
Latvia,23034.536719999993,23728.51364,23034.53672,22628.43727,1978440.0,0.071,0.67382,3.0,0.2,1.5,0.06,0.8,0.05,1,1,0.2393699080806075,1.0,0.28673239481,1.1694442975319261,143.4415963730422,283790591.92828166,7.52625635708335e-07,1.4890246627107984,59.59369959379294,0.27573411999999997,115172.68359999995,143.4415963730422,167.74695690733043,167.74695690733043,143.4415963730422,7.52625635708335e-07,0.010678675717100471,0.9999999999999998,59.59369959379295,65.50018203790593,59.59369959379294,481149.38307623734,3.3867550734739353,0.0,0.33506961199999996,0.9381249647231472,0.9381249647231472,179.00842527201164,354157428.8951587,0.007771305646298741,0.8013119838078907,0.006227240344213106
Lebanon,13352.713390000003,13267.8857,13352.71339,13117.25072,5850743.0,0.079,0.87792,3.0,0.2,1.5,0.06,0.8,0.05,1,1,0.1676576124167707,1.0,0.11787908817872468,1.1017002723875304,43.93278800152965,257039451.87043357,4.889092017123756e-07,2.860482089554269,16.422385657163364,0.21107620600000004,66763.56695000001,43.93278800152965,48.40076450802883,48.400764508028836,43.93278800152965,4.889092017123756e-07,0.0010763250021313371,0.9999999999999998,16.422385657163364,18.475399527542947,16.422385657163364,398213.7523468732,3.3985731720898085,2.4000000000000004,0.11801270911569799,2.6999999999999997,2.4408,51.33118775264859,300325587.42549443,0.0038442514456343453,0.8558693052892158,0.0032901768141321308
Lesotho,2708.1485390000003,2736.354895,2708.1485390000007,2517.010210000001,2135022.0,0.028,0.27312,3.0,0.2,1.5,0.06,0.8,0.05,1,1,0.1992120956582078,1.0,0.09297577183413126,1.1315086572166373,25.409985718378326,54250878.52842353,3.1131654045037715e-06,6.6466766282544505,3.1257304750355623,0.09669290799999997,13540.742694999999,25.40998571837833,28.751618820096198,28.75161882009619,25.409985718378326,3.1131654045037715e-06,0.003005282477798362,1.0,3.125730475035563,3.1257304750355623,3.1257304750355623,67971.48863004845,3.3959088312876506,1.6000000000000003,0.08792882277047559,3.266403415957444,3.0573535973361663,29.852658985139954,63736083.69177148,0.011023272377874526,0.8511799813553259,0.009382788777073919
Liberia,785.2468867,753.557379,785.2468867,786.916697,4503438.0,0.077,0.4970100000000001,3.0,0.2,1.5,0.06,0.8,0.05,1,1,0.4725120712732518,1.0,0.14354073346799998,1.38968530947189,2.4199504190379764,10898096.675211549,2.268630466940681e-06,10.216636652778405,0.8428077817184287,0.16959178000000003,3926.2344335,2.419950419037976,3.362969546987419,3.3629695469874195,2.4199504190379764,2.268630466940681e-06,0.002156127555155227,0.9999999999999998,0.8428077817184289,0.8428077817184287,0.8428077817184287,8309.278581857594,3.3971403345189075,0.0,0.13101331679999997,3.393739601658168,3.393739601658168,3.396615794093875,15296448.638522532,0.004325538695693723,0.7124592729168399,0.003081770154107606
Lithuania,26970.96093,27943.81512,26970.96093,26396.86808,2910199.0,0.061,0.66508,3.0,0.2,1.5,0.06,0.8,0.05,1,1,0.3129644244946807,1.0,0.3798362163900001,1.2389663888872968,73.15368179510178,212891771.60642338,3.191673429255592e-07,0.9288404822146193,9.334292977256403,0.32180108,134854.80465,73.15368179510178,90.6349529674876,90.63495296748762,73.15368179510178,3.191673429255592e-07,0.003247420165106843,0.9999999999999998,9.334292977256403,9.334292977256403,9.334292977256403,430894.99666851765,3.3958369558936643,0.0,0.44612350800000006,1.5235871999999997,1.5235871999999997,96.17945310594712,279901348.2494742,0.003566037315302548,0.7605957346681816,0.0027123127716866917
Luxembourg,94088.59222999998,94920.95872,94088.59223,93552.60435,569676.0,0.079,0.9016,3.0,0.2,1.5,0.06,0.8,0.05,1,1,0.24723066038615735,1.0,0.4525196234879999,1.1768700673655583,34.485366850728354,19645485.846055523,2.007403141559979e-08,0.011435693920713225,11.08101480895181,0.6311182399999998,470442.9611499999,34.48536685072835,40.584796008742664,40.584796008742664,34.485366850728354,2.007403141559979e-08,0.0003464383091136916,1.0,11.081014808951808,11.08101480895181,11.08101480895181,1902850.4005741049,3.3995353202461223,0.0,0.45981184239999984,1.339348,1.339348,39.39233133033501,22440865.742939927,0.00041867276783183536,0.8754335091655789,0.00036652017033508936
"Macedonia, FYR",12759.816600000002,13054.89081,12759.8166,12724.67528,2078453.0,0.056,0.57104,3.0,0.2,1.5,0.06,0.8,0.05,1,1,0.2639321665831752,1.0,0.2842697487548581,1.1926473792656516,41.651244041169406,86570153.13110068,5.362292757542706e-07,1.114527346879291,13.30624377202445,0.15856984200000002,63799.083,41.651244041169406,49.67524704885478,49.67524704885478,41.651244041169406,5.362292757542706e-07,0.004976646835028022,1.0,13.30624377202445,13.310378745936163,13.30624377202445,241725.30323201232,3.3933755536886183,2.4000000000000004,0.33167259155188833,1.1186880000000001,1.0112939520000002,52.5906351583642,109307163.41680755,0.004121582371204629,0.7919897509460874,0.0032642509956741384
Madagascar,1377.168213,1396.669615,1377.1682130000004,1373.344023,24235390.0,0.057,0.35105,3.0,0.2,1.5,0.06,0.8,0.05,1,1,0.2940729838426214,1.0,0.09733548598600002,1.2211203247123867,48.48345289317104,1175015389.4126284,1.8028797328785425e-05,436.93493449407293,17.044601433676558,0.039344661999999996,6885.841065,48.48345289317102,59.204129740086714,59.20412974008672,48.48345289317104,1.8028797328785425e-05,0.024454546957749686,0.9999999999999998,17.04460143367656,17.186872798205155,17.044601433676558,23415.41536738065,3.3676164468794463,1.6,0.0938702096,2.469788850858763,2.3117223644038014,62.69311867861126,1519392181.4924285,0.04552321066287294,0.7733456863378521,0.035205178594382096
Malawi,1088.7018050000004,1083.801421,1088.701805,1112.987302,17215232.0,0.055,0.16272,3.0,0.2,1.5,0.06,0.8,0.05,1,1,0.25307656921941635,1.0,0.031738885859999996,1.1823924870751237,10.718377829272802,184519360.99458766,5.618526201753092e-06,96.7242320612583,3.592863062743053,0.07857604799999998,5443.509025000002,10.718377829272802,12.673329418964734,12.673329418964734,10.718377829272802,5.618526201753092e-06,0.0063295603068511735,0.9999999999999998,3.592863062743053,3.641424574455926,3.592863062743053,21509.336252620455,3.3917109386476656,3.2000000000000006,0.030201574399999993,2.469788850858763,2.153655877948841,13.732808616567988,236413486.34581697,0.012613930236450728,0.7804942258018206,0.009845099714216786
Malaysia,25001.612669999995,25668.88436,25001.61267,25308.0193,30331007.0,0.046,0.74705,3.0,0.2,1.5,0.06,0.8,0.05,1,1,0.2505940745612133,1.0,0.100456095278,1.1800473637041682,75.27728231736188,2283235776.90888,3.58435193623077e-07,10.871700366827909,21.879843340746003,0.36505272,125008.06334999994,75.27728231736187,88.83075854541728,88.83075854541728,75.27728231736188,3.58435193623077e-07,0.004144822426187527,1.0,21.879843340746003,21.901876640846023,21.879843340746003,498846.84451891895,3.3946258810149783,3.9999999999999996,0.11211837559999997,1.2867681875253634,1.0808852775213051,96.43062153150306,2924837856.6863704,0.0038569760600768114,0.7806367015146681,0.0030108970693594026
Mali,1919.2284209999996,1971.08448,1919.228421,2285.307216,17599694.0,0.08,0.39916,3.0,0.2,1.5,0.06,0.8,0.05,1,1,0.6438448659589122,1.0,0.05470128307199997,1.5515372351953896,4.844602069024535,85263513.96659864,1.8913259787274605e-06,33.28675847985381,7.360208826796856,0.03568771579999999,9596.142104999995,4.844602069024535,7.516580499796189,7.516580499796189,4.844602069024535,1.8913259787274605e-06,0.013856474969533298,1.0,7.360208826796856,7.7594418439939,7.360208826796856,14904.432126996857,3.3816307155996532,2.4000000000000004,0.05089281917999997,1.0492645999999999,0.9485351983999999,10.820069323738128,190429909.15657797,0.005637718369187349,0.4477422393584828,0.002524244647492397
Malta,34272.74845,35705.095689999995,34272.74845,28821.65842,431333.0,0.086,0.95407,3.0,0.2,1.5,0.06,0.8,0.05,1,1,0.22391636903978407,1.0,0.42326758725,1.154845895296152,49.251875914529315,21243959.393841673,1.3197091661460747e-07,0.05692341137612847,25.579723732643057,0.4660582000000001,137090.9938,49.251875914529315,56.87832673552959,56.8783267355296,49.251875914529315,1.3197091661460747e-07,0.0012387385694242544,1.0,25.579723732643053,26.5060454663686,25.579723732643057,612241.9472407688,2.718348369146844,0.0,0.44327520000000004,1.2224,1.2224,56.98410075640355,24579123.131561812,0.001662665042447261,0.8643090837753489,0.0014370564994628937
Mauritania,3601.614349999999,3572.28055,3601.61435,3693.542041,4067564.0,0.075,0.59859,3.0,0.2,1.5,0.06,0.8,0.05,1,1,0.2381059708580064,1.0,0.10063609187423164,1.1682503015205559,19.63430422327398,79863789.02363719,2.4673412679744017e-06,10.03606851732703,19.129206375776672,0.12945436200000002,18008.071749999996,19.634304223273983,22.937781828986154,22.93778182898615,19.63430422327398,2.4673412679744017e-06,0.01059445263966817,0.9999999999999998,19.129206375776672,25.31123045851284,19.129206375776672,75630.49210865458,3.387180426718416,2.4000000000000004,0.0969044442410977,0.9864441499999997,0.8917455116,36.286773500025674,147598773.56485844,0.01007514130435028,0.5410870774515152,0.00545152876328194
Mauritius,18864.105659999997,19567.48966,18864.10566,18333.4202,1262605.0,0.07400000000000001,0.39671,3.0,0.2,1.5,0.06,0.8,0.05,1,1,0.29481279169257346,1.0,0.3754589973319999,1.2218191945662276,111.30550652967813,140534889.07190424,7.509868401337698e-07,0.9481997392870983,29.848429317263236,0.39581501999999996,75456.42264,111.30550652967813,135.99520433887733,135.9952043388773,111.30550652967813,7.509868401337698e-07,0.006941896456713984,0.9999999999999999,29.848429317263236,29.848429317263236,29.848429317263236,255946.90856794588,2.7108850747558533,2.4000000000000004,0.3818715176,1.1999999999999997,1.0559999999999996,132.39945403744733,167168212.66495118,0.0070185916270704,0.8406794978036459,0.0059003860843344184
Mexico,16671.91198,16832.463040000002,16671.91198,16501.9411,127017224.0,0.054000000000000006,0.79246,3.0,0.2,1.5,0.06,0.8,0.05,1,1,0.3682630449767729,1.0,0.296680282738,1.2912050057341198,23.474063585959623,2981610392.6880765,2.1953585366501757e-07,27.884834701000756,7.04563950721991,0.170548856,83359.5599,23.474063585959623,30.30982840711209,30.30982840711209,23.474063585959623,2.1953585366501757e-07,0.001667418306817569,1.0,7.04563950721991,7.04563950721991,7.04563950721991,226358.7428525652,3.3977258995587705,3.2,0.3316961704,1.9884844,1.7339583967999994,32.15812615905796,4084635913.765324,0.0019288805145825844,0.7299574443440542,0.0014080006908697474
Moldova,4746.784910999999,4944.399693,4746.784911,4741.824603,3554150.0,0.097,0.44995,3.0,0.2,1.5,0.06,0.8,0.05,1,1,0.25670477375728673,1.0,0.37818113661599995,1.1858199213409946,41.67575428658034,148121882.0976495,2.2585741489404493e-06,8.0273113114567,17.63452072471886,0.079483202,23733.924554999994,41.675754286580336,49.419939669939325,49.419939669939325,41.67575428658034,2.2585741489404493e-06,0.005723665944101546,0.9999999999999998,17.63452072471886,20.93506939422124,17.63452072471886,92456.10904548399,3.3924099122055362,2.4000000000000004,0.3902512665999999,2.3612332645454366,2.1345548711490743,50.25798555045626,178624419.34415412,0.010587795000778428,0.8292364652128799,0.008779785700844105
Mongolia,11411.942110000005,11361.00642,11411.94211,11470.90486,2959134.0,0.081,0.7204,3.0,0.2,1.5,0.06,0.8,0.05,1,1,0.20767487925071607,1.0,0.271284740458,1.139503144342944,43.572752449863486,128937613.24797434,6.45701090893378e-07,1.9107160518996857,29.782558910200557,0.37234157999999995,57059.71055000003,43.572752449863486,49.65128842429616,49.65128842429617,43.572752449863486,6.45701090893378e-07,0.006160372164111503,1.0,29.782558910200557,31.395395839562532,29.782558910200557,274754.99567337916,3.392194327391845,2.4000000000000004,0.2950244096,0.9381249647231472,0.848064968109725,53.56380903186848,158502488.4757091,0.004693662876622186,0.8134737472448852,0.0038181715285500566
Montenegro,15289.717400000003,15737.02113,15289.7174,15010.48497,622388.0,0.085,0.64026,3.0,0.2,1.5,0.06,0.8,0.05,1,1,0.3648966623915853,1.0,0.3402242997900001,1.288024905245277,35.47857921384711,22081441.95974788,3.605007780638532e-07,0.22437135825760546,18.588408968118777,0.06189889400000002,76448.58700000003,35.47857921384711,45.69729363015249,45.69729363015249,35.47857921384711,3.605007780638532e-07,0.001845134425430357,0.9999999999999997,18.588408968118785,18.600603858295422,18.588408968118777,209507.49864069722,3.397554877055641,0.0,0.33883157780000006,2.463929904599999,2.463929904599999,46.38055048579184,28866698.05575101,0.0030334472032682454,0.7649451945318239,0.0023204208610060452
Namibia,9964.222994,9852.035111,9964.222994,9800.779947,2458830.0,0.033,0.4666,3.0,0.2,1.5,0.06,0.8,0.05,1,1,0.2751726819797061,1.0,0.17059418946875185,1.2032658896704518,60.14676282687607,147890664.84160772,1.1682548014764416e-06,2.872539953514319,7.570855288065854,0.30774609999999997,49821.11497000001,60.14676282687607,72.3725480836787,72.3725480836787,60.14676282687607,1.1682548014764416e-06,0.0032898237434758715,0.9999999999999998,7.570855288065853,7.570855288065854,7.570855288065854,181054.0007516963,3.3958818096764296,3.2000000000000006,0.1950167406955276,3.266403415957444,2.8483037787148904,79.0645711714343,194406339.5334578,0.007934845619075705,0.7607296407952548,0.006036272257565263
Nepal,2314.2748809999994,2297.652539,2314.274881,2313.392778,28513700.0,0.083,0.18615,3.0,0.2,1.5,0.06,0.8,0.05,1,1,0.2701993002713125,1.0,0.366465024595,1.1985677149378307,23.50962135136986,670346290.3265548,3.858855618823649e-06,110.03025145845186,14.627179531468261,0.19528356400000005,11571.374404999995,23.50962135136986,28.177873142165005,28.177873142165005,23.50962135136986,3.858855618823649e-06,0.006905444165366276,0.9999999999999998,14.627179531468261,15.76606489057289,14.627179531468261,42825.33075911356,3.391205259201227,1.6000000000000003,0.345728233,2.2950635000000004,2.148179435999999,29.231795206194512,833506638.9708685,0.012631081746678008,0.8042482914763966,0.010158525914264489
Netherlands,46494.36426,47269.63295,46494.36426,46374.36827,16936520.0,0.087,0.90496,3.0,0.2,1.5,0.06,0.8,0.05,1,1,0.25251989485705195,1.0,0.40587191402500006,1.1818666168369425,37.90265272146415,641939035.870132,6.529564832045406e-08,1.1058810536923365,11.419355193935298,0.6307940400000001,232471.8213,37.90265272146415,44.79587994106237,44.79587994106237,37.90265272146415,6.529564832045406e-08,0.0009274277842838004,0.9999999999999998,11.419355193935298,12.953983147051357,11.419355193935298,920607.9443031575,3.39889640859252,3.9999999999999996,0.4158382400000001,1.3390288,1.1247841920000001,44.555372340138156,754612954.7461966,0.0009582961945878246,0.8506864768655331,0.0008152096135675638
Nicaragua,4960.912412,5136.841574,4960.912412,4884.150761,6082032.0,0.051,0.5877899999999999,3.0,0.2,1.5,0.06,0.8,0.05,1,1,0.29951711867347164,1.0,0.1445385750210001,1.2262632029797265,47.23178714537371,287265240.8353515,2.7179840002555228e-06,16.5308656650421,18.0278977266276,0.09783852600000004,24804.562059999997,47.23178714537371,57.91860258734262,57.91860258734263,47.23178714537371,2.7179840002555228e-06,0.008809240515331454,0.9999999999999997,18.0278977266276,18.10666961314048,18.0278977266276,82815.17320230871,3.3882685554990486,2.4000000000000004,0.15605872920000002,1.9841686693238032,1.7936884770687183,64.61865454653298,393012724.74895906,0.013025558441674214,0.7309311448346747,0.009520786343883895
Niger,904.5797813,914.4670358,904.5797813,897.3953205,19899120.0,0.078,0.18732,3.0,0.2,1.5,0.06,0.8,0.05,1,1,0.23359231685535525,1.0,0.06384019078200003,1.1639864150082335,5.227202602572577,104016731.85290402,4.689951148958635e-06,93.32590070726573,7.127885316606519,0.020549618000000002,4522.8989065000005,5.227202602572578,6.084392817890164,6.084392817890163,5.227202602572577,4.689951148958635e-06,0.011066546796425832,0.9999999999999997,7.127885316606519,8.258550311688595,7.127885316606519,19362.361602418045,3.3847503616971313,2.4000000000000004,0.06346459780000002,1.1159941999999994,1.0088587567999996,8.681841805958816,172761011.91779122,0.00959765184391129,0.602084525311768,0.0057785976545489445
Nigeria,5670.639443,5434.734795,5670.639443,5638.887379,182201962.0,0.054000000000000006,0.47776,3.0,0.2,1.5,0.06,0.8,0.05,1,1,0.8736444729486806,1.0,0.042629750652,1.7686206545724874,6.532032913095517,1190149212.6145785,4.145064098189157e-07,75.52388113058251,1.4686454578795556,0.2973971799999999,28353.197214999997,6.532032913095517,11.552688326448022,11.552688326448022,6.532032913095517,4.145064098189157e-07,0.0017565444928109154,0.9999999999999998,1.4686454578795556,1.4686454578795556,1.4686454578795556,32453.93073832851,3.397621029741405,3.2000000000000006,0.03940890859999999,3.393739601658168,2.9593409326459215,12.043683308407426,2194382728.498484,0.0021238668812340895,0.5423617298651195,0.001151904115709357
Norway,64008.28683000001,64139.54705,64008.28683,64450.53861,5195921.0,0.09,0.8047300000000001,3.0,0.2,1.5,0.06,0.8,0.05,1,1,0.3359516873480029,1.0,0.3951513231800001,1.2606816289074485,0.9871343155207929,5129071.919835114,1.1829418994431764e-09,0.006146472657096689,0.8484214162113459,0.79710486,256033.14732000002,0.9871343155207929,1.2444620968411921,1.2444620968411924,0.9871343155207929,1.1829418994431764e-09,3.48536141063523e-05,0.9999999999999998,0.8484214162113457,0.8484214162113459,0.8484214162113459,762112.9970833649,2.719955903271228,2.4000000000000004,0.4096280384000001,0.7504999717785178,0.6604399751650956,1.3025664297147277,6768032.266049777,2.034996551578113e-05,0.75783798277143,1.5421976815947736e-05
Pakistan,4695.699879000001,4854.632259,14982.40754,4744.8486170000015,188924874.0,0.092,0.38758,3.0,0.2,1.5,0.06,0.8,0.05,1,1,0.3767173581299691,1.0,0.13487566365999998,1.2991914911412175,27.63422409227602,5220792304.721012,1.6970996416778655e-06,320.6243359694359,14.209016021402123,0.038437394000000014,23478.499395000006,27.634224092276025,35.902148804974644,35.90214880497465,27.63422409227602,1.6970996416778655e-06,0.004573396485989374,1.0,14.209016021402125,14.209016021402123,14.209016021402123,62323.91178242393,3.3939267453099813,2.4000000000000004,0.12750143500000002,2.7835762,2.5163528848000003,37.15633113209061,7019755177.432495,0.007912841980864298,0.743728545050276,0.005885006453640948
Panama,20674.299730000002,21334.93968,3866.513529,20885.33945,3929141.0,0.034,0.66592,3.0,0.2,1.5,0.06,0.8,0.05,1,1,0.5402427160644628,1.0,0.1407495853540001,1.453668012316749,44.231615628610214,173792254.46261322,3.529434486889099e-07,1.3867645749249924,5.973151973703058,0.2219576,103371.49865000002,44.23161562861022,64.29808477240029,64.29808477240029,44.231615628610214,3.529434486889099e-07,0.0018285542135769953,0.9999999999999998,5.973151973703058,5.973151973703058,5.973151973703058,191342.69759902795,3.397644578334542,2.4000000000000004,0.15252197020000005,3.405685096709339,3.0787393274252426,71.39079200531023,280504487.89053667,0.0034531177808995723,0.6195703169299501,0.002139449277908394
Paraguay,8639.286849999999,8871.37954,11767.52174,8643.687633,6639123.0,0.043,0.5966600000000001,3.0,0.2,1.5,0.06,0.8,0.05,1,1,0.3682732130696673,1.0,0.16537705363799998,1.291214611165578,16.04222444118978,106506301.25866523,4.2370925055857054e-07,2.813057830696169,4.48311482524183,0.12248523399999997,43196.43424999999,16.04222444118978,20.713954594061793,20.713954594061793,16.04222444118978,4.2370925055857054e-07,0.002148270351733053,0.9999999999999998,4.48311482524183,4.48311482524183,4.48311482524183,117294.5322032651,3.3971949846035048,3.2000000000000006,0.18015980719999994,2.1879478999999997,1.9078905688,23.149542920405317,153692662.8423501,0.002679566418194034,0.6929823407895133,0.0018568922087810736
Peru,11767.521740000002,12071.59238,6874.582566,11672.14235,31376670.0,0.047,0.78609,3.0,0.2,1.5,0.06,0.8,0.05,1,1,0.27019867536419195,1.0,0.21626513525300006,1.1985671246105611,246.00286303702077,7718750652.5678,4.303309554907018e-06,135.02352381216434,161.16585786988625,0.145671992,58837.6087,246.00286303702077,294.85094419624767,294.8509441962477,246.00286303702077,4.303309554907018e-06,0.0345232676113537,1.0,161.16585786988625,168.9419732726566,161.16585786988625,217756.83622687907,3.3556236131931265,2.4000000000000004,0.20988348980000007,1.156692,1.0456495679999998,373.77788443469893,11727905333.205685,0.031763517645704294,0.6581525373259445,0.02090523973291769
Philippines,6874.582565999999,7236.467070999999,25299.97435,6925.5213239999985,100699395.0,0.066,0.44373,3.0,0.2,1.5,0.06,0.8,0.05,1,1,0.27365718828027585,1.0,0.24617701540199996,1.2018342573076888,298.10912122114,30019408150.95046,9.265191442877224e-06,932.9991728569134,104.39733447782152,0.182782594,34372.912829999994,298.10912122113996,358.27775429945655,358.27775429945655,298.10912122114,9.265191442877224e-06,0.05680748440997398,0.9999999999999998,104.39733447782152,107.50355299395002,104.39733447782152,125605.73703912992,3.326138086908333,2.4000000000000004,0.23855222739999996,1.1922743481144848,1.0778069912519852,359.34130838493087,36185452352.870964,0.05227100044767008,0.8295988083335017,0.04336395968178704
Poland,25299.974350000004,26035.8379,26607.83312,24835.89804,37999494.0,0.081,0.60539,3.0,0.2,1.5,0.06,0.8,0.05,1,1,0.4132026319993685,1.0,0.5235896282140001,1.3336578164419033,20.76625342787118,789107122.5348704,1.023947711814899e-07,3.890949493142399,16.12992232162261,0.245507388,126499.87175000003,20.766253427871185,27.695076202293873,27.695076202293873,20.76625342787118,1.023947711814899e-07,0.0027145918348473208,1.0,16.12992232162261,16.12992232162261,16.12992232162261,306144.88377749093,3.396380079549014,3.9999999999999996,0.5339679388,0.9381249647231473,0.788024970367444,28.04165724157161,1065568786.101157,0.0011083670225765113,0.7405501482660347,0.0008208013629022188
Portugal,26607.83312,27102.6637,40919.62815,26690.06482,10348648.0,0.067,0.63468,3.0,0.2,1.5,0.06,0.8,0.05,1,1,0.19024226740462852,1.0,0.49214697834000004,1.1230351832450347,11.703497086358587,121115371.71575059,4.279715153924066e-08,0.44289265668225974,2.6887558507749545,0.27893372000000005,133039.16559999998,11.703497086358585,13.143438994986441,13.143438994986443,11.703497086358587,4.279715153924066e-08,0.00099455948958114,0.9999999999999998,2.6887558507749545,2.6887558507749545,2.6887558507749545,699314.4447602564,3.398703848628995,3.2000000000000006,0.5049709739999999,0.505,0.4403600000000001,12.638769555714287,130794177.28520355,0.0004750018349376316,0.9259997213152097,0.0004398515667764601
Romania,20545.07714,21614.68624,24516.54995,19925.53855,19832389.0,0.08900000000000001,0.54564,3.0,0.2,1.5,0.06,0.8,0.05,1,1,0.2677480378213938,1.0,0.440646915337,1.1962520955101494,82.76999775301906,1641526792.967,4.911243915020542e-07,9.740169979657033,44.57368791080945,0.158555166,102725.38569999997,82.76999775301907,99.01378325741942,99.01378325741942,82.76999775301906,4.911243915020542e-07,0.0034423733175766445,0.9999999999999998,44.57368791080945,44.73102473541904,44.57368791080945,383664.38288718613,3.3954337015458385,3.2000000000000006,0.4562559166000001,2.0033451999999996,1.7469170143999997,98.41279762230091,1951760885.0237467,0.004790091414682365,0.8410491293081876,0.004028702213625227
Russian Federation,24516.549949999997,24416.623880000006,1715.8870739999998,23895.341,144096812.0,0.069,0.7400800000000001,3.0,0.2,1.5,0.06,0.8,0.05,1,1,0.3491630039272151,1.0,0.2809481248204583,1.2731618842701848,44.79869534578887,6455349181.087416,2.4085280034822036e-07,34.70612069145104,27.717195836172237,0.16870056000000003,122582.74974999996,44.79869534578887,57.03599137929053,57.03599137929052,44.79869534578887,2.4085280034822036e-07,0.003916557062508604,0.9999999999999998,27.717195836172234,27.717195836172237,27.717195836172237,351075.99708803353,3.3948106429869767,0.0,0.3208460114586862,1.1777387238923067,1.1777387238923067,62.917899182098935,9066268689.877865,0.0025663439313613106,0.7120182957179021,0.0018272838322338611
Rwanda,1715.8870739999993,1773.750484,5558.791879,1655.175355,11609666.0,0.052000000000000005,0.28811,3.0,0.2,1.5,0.06,0.8,0.05,1,1,0.7125778172498791,1.0,0.11410463509999999,1.6164667809225368,6.002057728058086,69681885.5354732,1.92438880834095e-06,22.34151131897645,1.186843006521392,0.325945766,8579.435369999996,6.002057728058086,9.702126934585289,9.702126934585289,6.002057728058086,1.92438880834095e-06,0.003771059638198587,0.9999999999999998,1.186843006521392,1.186843006521392,1.186843006521392,12039.99782523605,3.394585956795584,3.2000000000000006,0.108922552,3.4299999999999997,2.9909599999999994,9.306748337040196,108048239.7390921,0.0054238699492879325,0.6449145835576454,0.0034979328296158544
Senegal,2293.8535390000006,2379.4512640000007,13277.80012,2287.668448,15129273.0,0.061,0.43721,3.0,0.2,1.5,0.06,0.8,0.05,1,1,0.2262101120163632,1.0,0.22138621966650004,1.1570127117457127,3.8438872528711934,58155219.62990834,5.755701289656563e-07,8.707957611766624,1.0357779847415398,0.086628659,11469.267695000006,3.843887252871194,4.447426414089278,4.447426414089278,3.8438872528711934,5.755701289656563e-07,0.000600694262321303,0.9999999999999998,1.0357779847415398,1.0357779847415398,1.0357779847415396,50701.834647296215,3.3991545700609933,2.4000000000000004,0.20557206130000005,3.4399999999999995,3.109759999999999,4.302481295216097,65093414.09271793,0.0018756564977081111,0.8934117289818757,0.0016757335145934932
Serbia,13277.800119999998,13720.89089,25524.955,12863.07931,7098247.0,0.09,0.55553,3.0,0.2,1.5,0.06,0.8,0.05,1,1,0.2201204533701086,1.0,0.38204577688999997,1.1512600303591554,179.38069138541982,1273288454.4844823,2.0315746684344137e-06,14.420618795490576,69.80877486772592,0.10037339999999997,66389.00059999998,179.38069138541982,206.5138202102247,206.5138202102247,179.38069138541982,2.0315746684344137e-06,0.006952003220406056,0.9999999999999998,69.80877486772592,84.85666301295961,69.80877486772592,301603.0522541861,3.3911185079596486,1.6000000000000003,0.39189931520000004,2.4653948863,2.3076096135767994,211.49789458475647,1501264295.7425637,0.015928684923203717,0.8481440996734562,0.013509820133172772
Sierra Leone,1315.9735329999999,1368.8290980000004,80892.06483999999,1496.944168,6453184.0,0.079,0.39942,3.0,0.2,1.5,0.06,0.8,0.05,1,1,0.4068659912801502,1.0,0.044824061731000016,1.3276718199786748,7.021883099610009,45313503.66827371,2.9169755793462648e-06,18.82378013702805,2.310431901113695,0.13412029400000003,6579.867665,7.021883099610009,9.322756314536717,9.322756314536718,7.021883099610009,2.9169755793462648e-06,0.0038131340480427787,0.9999999999999998,2.310431901113695,2.310431901113695,2.310431901113695,16172.075833365456,3.3949636810964954,3.2000000000000006,0.042577501800000014,3.393739601658168,2.9593409326459215,9.474960156217106,61143661.28073773,0.007199962551387503,0.7410989580787333,0.005335884745039177
Slovak Republic,28308.879770000003,29212.3782,29037.741680000006,27394.19738,5424050.0,0.085,0.53598,3.0,0.2,1.5,0.06,0.8,0.05,1,1,0.305901886041796,1.0,0.44261201277000006,1.2322946629565266,90.22549741101172,489387609.232198,3.417670234291728e-07,1.853761423431005,42.36732652251734,0.47587735999999997,141544.39884999997,90.22549741101173,111.18439892218765,111.18439892218763,90.22549741101172,3.417670234291728e-07,0.0024138463453619364,0.9999999999999998,42.36732652251734,42.90248133557231,42.36732652251734,462711.75598656,3.3966957361183066,3.2000000000000006,0.4452396204000001,2.4657329058,2.1501190938575996,110.77235259900297,600834779.1146221,0.00391298961664999,0.8145127849512137,0.0031871800701427657
Slovenia,29037.741680000006,29930.03704,20544.62565,28941.86586,2063768.0,0.096,0.4965,3.0,0.2,1.5,0.06,0.8,0.05,1,1,0.2213378830398852,1.0,0.40083245855999994,1.152410092358948,155.05870999169997,320005203.8021507,5.362750118301721e-07,1.1067472086147305,61.88699236229251,0.35709152,145188.70840000006,155.05870999169997,178.6912223025943,178.6912223025943,155.05870999169997,5.362750118301721e-07,0.0033577198633701613,0.9999999999999998,61.88699236229252,67.6416958696584,61.88699236229251,655959.5962785862,3.3956081895695416,3.9999999999999996,0.42944019199999994,2.0721163523809945,1.7405777360000352,180.50582536969142,372522146.2115573,0.006216248748228804,0.859023301182255,0.005339902520673567
South Africa,12362.58381,12236.83195,5331.426266,12389.95681,54956920.37,0.024,0.6480100000000001,3.0,0.2,1.5,0.06,0.8,0.05,1,1,0.41221819094326817,1.0,0.20847707547199995,1.332727850401348,28.83966372011289,1584939102.5638218,5.116905385060211e-07,28.120936178757816,0.980591580773827,0.36869794,61812.91904999999,28.83966372011289,38.4354230360038,38.4354230360038,28.83966372011289,5.116905385060211e-07,0.0016244414774158268,0.9999999999999998,0.980591580773827,0.980591580773827,0.9805915807738271,149951.94391726164,3.3978169658303154,2.4000000000000004,0.30682138359999994,3.266403415957444,2.9528286880255292,47.85482958248832,2629954058.684731,0.003870940761087412,0.6026489692205755,0.002332818459583239
Spain,32291.1552,33320.035110000004,11196.39687,32814.45207,46418269.0,0.058,0.79579,3.0,0.2,1.5,0.06,0.8,0.05,1,1,0.18299929671374224,1.0,0.48948812153600013,1.1161930094718842,18.636971895339737,865095974.78332,5.041634056176414e-08,2.3402392581915787,3.8550014827594317,0.5245646000000002,161455.776,18.636971895339737,20.80245774730219,20.80245774730219,18.636971895339737,5.041634056176414e-08,0.0012516561795367217,0.9999999999999997,3.8550014827594308,3.8550014827594317,3.8550014827594317,882275.3906675293,3.3983511045599983,3.2000000000000006,0.5002379464000001,0.505,0.4403600000000001,19.90837462230118,924112288.5707496,0.0006165271728123614,0.9361372914121662,0.0005771540776385645
Sri Lanka,11196.396870000004,11639.30965,24169.85979,11047.66697,20966000.0,0.071,0.18356,3.0,0.2,1.5,0.06,0.8,0.05,1,1,0.33796080258900235,1.0,0.12642822372700002,1.2625795677775449,20.04576477445721,420279504.26126975,3.113141773316117e-07,6.5270130419345715,5.893828239280126,0.35907539999999993,55981.98435,20.045764774457208,25.309373024704513,25.309373024704517,20.04576477445721,3.113141773316117e-07,0.001045836957124631,0.9999999999999997,5.893828239280126,5.893828239280126,5.893828239280126,165646.38242405967,3.398554724996123,3.2000000000000006,0.12173225439999999,3.3955623065752243,2.960930331333596,25.09458408852334,526133049.9999804,0.002241308912134278,0.7988084083698705,0.0017903764047671885
Sudan,4290.372248999999,4386.3525770000015,14766.799180000002,3927.488294,40234882.0,0.068,0.33806,3.0,0.2,1.5,0.06,0.8,0.05,1,1,0.9487533644538988,1.0,0.06933482828315533,1.8395733215816272,7.085920011212453,285101155.5125718,6.856053451180003e-07,27.585250159392015,2.281163144902966,0.087520052,21451.861244999996,7.085920011212453,13.035069411487815,13.035069411487815,7.085920011212453,6.856053451180003e-07,0.002825330982019231,0.9999999999999998,2.2811631449029655,2.281163144902966,2.281163144902966,22610.577257185963,3.396067949542009,2.4000000000000004,0.06003507104991872,3.0999999999999988,2.8023999999999996,13.109548578935366,527461140.1467321,0.0030555736933994345,0.5405159429057858,0.0016515862960059097
Swaziland,7758.495562999999,7723.641059,45679.278,7930.358126,1286970.0,0.04,0.21308,3.0,0.2,1.5,0.06,0.8,0.05,1,1,0.19038060692098574,1.0,0.1324419134760058,1.1231658676079854,40.824138849577,52539441.97524011,1.0599557495405416e-06,1.3641312509861905,10.676782135056234,0.20623286199999996,38792.47781499999,40.824138849577,45.852279330334014,45.852279330334014,40.824138849577,1.0599557495405416e-06,0.0035154573480317,0.9999999999999998,10.676782135056232,10.711749393712275,10.676782135056234,203762.75946583232,3.3953613610729474,2.4000000000000004,0.14044408496824196,1.7379999999999995,1.5711519999999997,49.286214636931476,63429879.6512917,0.00635254789240014,0.8283074516943402,0.005261862756520211
Sweden,45679.27799999999,46568.17715,57264.1574,45296.45618,9798871.0,0.08199999999999999,0.85815,3.0,0.2,1.5,0.06,0.8,0.05,1,1,0.357367643802592,1.0,0.4365773516500001,1.2809125123162275,3.8979892438311934,38195893.75968942,7.378010979527306e-09,0.0722961778249717,1.2449638157445047,0.7809619200000002,228396.38999999993,3.8979892438311943,4.9929831952974455,4.9929831952974455,3.8979892438311934,7.378010979527306e-09,0.00013956078296031567,0.9999999999999998,1.2449638157445049,1.2449638157445047,1.2449638157445047,639107.6359620427,3.3998139211204483,3.2000000000000006,0.44775494000000016,1.34347575,1.171510854,4.900827064621622,48022572.19953594,0.00010728775232878293,0.795373758843732,8.533386284763944e-05
Tajikistan,2640.5895199999995,2762.585453,2490.957101,2616.191272,8481855.0,0.07400000000000001,0.26782,3.0,0.2,1.5,0.06,0.8,0.05,1,1,0.3854263244630784,1.0,0.2351369737399464,1.3074185382436765,32.12581411156712,272486497.0512661,5.140692956246223e-06,43.602612254401805,20.945074770490855,0.018271357400000004,13202.947599999998,32.12581411156711,42.001884925633156,42.00188492563315,32.12581411156712,5.140692956246223e-06,0.034439442937716724,0.9999999999999998,20.945074770490855,21.62391306364195,20.945074770490855,34255.43810063436,3.357062836084935,2.4000000000000004,0.2611664106890783,0.9381249647231473,0.848064968109725,47.46227450783457,402568130.3456492,0.01797412060767195,0.6768705133645486,0.012166152242991226
Tanzania,2490.957101,2583.589673,15236.70646,2510.235057,53470420.0,0.07400000000000001,0.31608,3.0,0.2,1.5,0.06,0.8,0.05,1,1,0.4132043671227497,1.0,0.08808614235200003,1.3336594555505232,6.84530199771196,366021172.84449756,1.1394115127366483e-06,60.92481213886394,2.8346399961767217,0.105878854,12454.785504999998,6.845301997711959,9.129301735347441,9.12930173534744,6.84530199771196,1.1394115127366483e-06,0.0027116551655833095,0.9999999999999998,2.8346399961767217,2.8346399961767217,2.8346399961767217,30141.950318013172,3.396296339471517,3.2000000000000006,0.09643316960000003,2.469788850858763,2.153655877948841,9.63834196878742,515366193.17469025,0.0038693327817320047,0.7102157217371644,0.0027480609742190657
Thailand,15236.706460000001,15683.03242,1920.150472,15345.35559,67959359.0,0.069,0.50374,3.0,0.2,1.5,0.06,0.8,0.05,1,1,0.24033636299972685,1.0,0.31771006001400015,1.1703572727161073,88.72228420758987,6029509563.76363,9.638736315241687e-07,65.50423415538471,90.13629304669062,0.4379695,76183.53229999999,88.72228420758988,103.83677057433823,103.83677057433823,88.72228420758987,9.638736315241687e-07,0.010404904734820093,0.9999999999999998,90.13629304669061,95.66102922520116,90.13629304669062,316987.1231682348,3.386576412442273,3.2000000000000006,0.32012234720000016,1.14685118,1.0000542289599998,123.33856876728208,8382010073.401911,0.008094831326643676,0.7193393363838445,0.005822930594647018
Togo,1349.371568,1382.109747,5189.842453,1373.84087,7304578.0,0.05,0.39964,3.0,0.2,1.5,0.06,0.8,0.05,1,1,0.3708920312086315,1.0,0.10278423945220501,1.2936885144232038,4.2896366614250825,31333985.585039116,1.6992680320884222e-06,12.412435883296384,0.877310198912036,0.07841074000000002,6746.857840000001,4.2896366614250825,5.549453679934326,5.549453679934326,4.2896366614250825,1.6992680320884222e-06,0.001791185799038481,1.0000000000000002,0.8773101989120361,0.877310198912036,0.877310198912036,18190.894579249685,3.397645906180256,0.8000000000000002,0.10168291531010154,3.48959543980949,3.377928385735587,5.731034932275928,41862791.683534235,0.004247188149050972,0.7484924995425858,0.0031789884737108104
Tunisia,10749.859170000002,10752.01683,23388.4813,10726.14232,11107800.0,0.067,0.66842,3.0,0.2,1.5,0.06,0.8,0.05,1,1,0.2492656432691207,1.0,0.1578231961766742,1.1787924424661704,25.756062567414983,286093191.7863322,5.241013969038275e-07,5.821613496528335,23.920788526654505,0.12184147199999999,53749.29584999998,25.75606256741498,30.361051902154614,30.361051902154614,25.756062567414983,5.241013969038275e-07,0.004855667547991969,0.9999999999999998,23.9207885266545,25.31445120008003,23.920788526654505,215630.582478506,3.3937137754324778,2.4000000000000004,0.1788690352683814,0.9644477000000001,0.8718607208000001,39.74644869580591,441495602.8232729,0.003697392502287628,0.6480091533343151,0.0023959441849520503
Turkey,23388.481300000003,23756.48429,14992.32314,18958.62498,78665830.0,0.056,0.73397,3.0,0.2,1.5,0.06,0.8,0.05,1,1,0.4121669094199699,1.0,0.220653259664,1.3326794065916554,67.98855791213937,5348376338.6615095,4.3630487132178967e-07,34.32228483557178,38.980185827546144,0.10740712399999999,116942.4065,67.98855791213936,90.60695101337228,90.60695101337228,67.98855791213937,4.3630487132178967e-07,0.004965817676056709,0.9999999999999998,38.980185827546144,38.980185827546144,38.980185827546144,283725.84947338334,3.393318954857217,3.2000000000000006,0.23219133080000004,1.5841541499999998,1.381382418799999,106.18440723613857,8353084528.288846,0.004540030020510077,0.6402875872437916,0.0029069248678467788
Uganda,1665.9499050000002,1687.0827359999996,7464.939834000002,1717.829206,39032383.0,0.064,0.16101,3.0,0.2,1.5,0.06,0.8,0.05,1,1,0.5735745521051661,1.0,0.12564948703200002,1.4851553983772257,2.932072799444418,114445788.4917967,1.1301731384745159e-06,44.11335079724934,1.4065896886516143,0.201026354,8329.749525000003,2.932072799444418,4.354583746529902,4.354583746529903,2.932072799444418,1.1301731384745159e-06,0.0027916290154068493,0.9999999999999998,1.4065896886516143,1.4065896886516143,1.406589688651614,14522.522825372354,3.396490758230364,2.4000000000000004,0.11829713160000002,2.2280823879343776,2.014186478692677,5.228883333125788,204095776.92088234,0.003138679811098994,0.5607455000705946,0.001760000580236185
Ukraine,7464.9398340000025,7668.055776,65975.37555,7449.767984999998,45198200.0,0.1,0.69695,3.0,0.2,1.5,0.06,0.8,0.05,1,1,0.2458541924399426,1.0,0.4150994305,1.175569767629012,44.07828339139186,1992259068.3808074,1.1721740487859414e-06,52.98015709183674,19.876493420483772,0.09367789,37324.69917000001,44.07828339139186,51.81709736390425,51.81709736390425,44.07828339139186,1.1721740487859414e-06,0.0033664091663226617,0.9999999999999998,19.876493420483772,20.086271515335728,19.876493420483772,151816.4030459546,3.3955502575232734,0.0,0.4340410279999999,2.3612332645454366,2.3612332645454366,51.43973309939811,2324983344.5732155,0.0068908436294569195,0.8568917592596843,0.005904707120428728
United Kingdom,38839.16695999998,39254.77217,53029.29336,38657.78827,65138232.0,0.075,0.8259200000000001,3.0,0.2,1.5,0.06,0.8,0.05,1,1,0.3031281747480405,1.0,0.49530214265000005,1.2296744377094044,21.72370504983575,1415043739.4357724,5.121632587651977e-08,3.336140917132348,4.174824318485638,0.57545042,194195.8347999999,21.72370504983575,26.713084792121723,26.713084792121723,21.72370504983575,5.121632587651977e-08,0.000709886992275725,0.9999999999999998,4.174824318485638,4.174824318485638,4.174824318485638,640639.3432791758,3.399048641400743,3.9999999999999996,0.5257576004,1.3465375999999998,1.131091584,26.681067221836937,1737957546.70361,0.0006869629116740703,0.8141992548205168,0.0005593246907743605
United States,53029.29335999999,53445.37059,15268.6872,52549.00652,321418820.0,0.051,0.81617,3.0,0.2,1.5,0.06,0.8,0.05,1,1,0.3187368533465751,1.0,0.18056135894,1.2444193947026463,128.33065283452078,41247887003.90133,2.1936056689826533e-07,70.5066145669715,11.680904302777572,0.5922363800000001,265146.4667999999,128.33065283452078,159.6971533221298,159.6971533221298,128.33065283452078,2.1936056689826533e-07,0.002652264544612358,1.0,11.68090430277757,15.42429770116335,11.680904302777572,831866.362537299,3.396972689210434,3.2000000000000006,0.257223638,1.5068294832172462,1.3139748968341605,182.27161759092408,58585528245.56606,0.0034371873740337566,0.7040627308335842,0.0024199955289489227
Uruguay,19831.445890000003,20046.92683,5700.236028,19952.25325,3431555.0,0.056,0.95311,3.0,0.2,1.5,0.06,0.8,0.05,1,1,0.29188665397069,1.0,0.40887887664799993,1.2190549775575228,11.275315553477364,38691865.46411302,7.368396554163226e-08,0.2528505803742159,2.6618003935189574,0.15115123999999996,99157.22945,11.275315553477368,13.745229548998335,13.745229548998335,11.275315553477364,7.368396554163226e-08,0.00046679982513233724,0.9999999999999998,2.6618003935189574,2.6618003935189574,2.6618003935189574,339711.4191454501,3.399380422339494,2.4000000000000004,0.44344455859999987,2.3002296500000003,2.0794076036,14.001817711243692,48048007.57610685,0.0007060411928060224,0.8052751282730312,0.0005685574121029136
West Bank and Gaza,4339.103693000001,4389.2267299999985,14765.35631,4714.924621,4422143.0,0.077,0.75252,3.0,0.2,1.5,0.06,0.8,0.05,1,1,0.2839136336093442,1.0,0.054058298991,1.2115231521315495,5.4270456044494075,23999171.730396714,3.5488484923985027e-07,1.569351551872059,1.62918695618629,0.06368535199999999,21695.51846500001,5.4270456044494075,6.574991397464216,6.574991397464216,5.4270456044494075,3.5488484923985027e-07,0.0006357788807621632,0.9999999999999998,1.62918695618629,1.6390897836864786,1.62918695618629,76415.90926504193,3.3991457257777578,1.6000000000000003,0.08089331760000003,2.9000000000000004,2.7143999999999995,6.901840803195683,30520926.994966168,0.0015906143967773765,0.7863185719868506,0.0012507296410557125
"Yemen, Rep.",2641.0458289999997,2325.0699600000007,3627.202041,3663.307829,26832215.0,0.073,0.34606,3.0,0.2,1.5,0.06,0.8,0.05,1,1,0.2191314756601725,1.0,0.0819253376304,1.1503257787049728,13.1906294843669,353933806.3098719,1.6222922265695685e-06,43.52969381614338,3.7213842695577934,0.011401377599999998,13205.229144999998,13.190629484366902,15.173521133213129,15.173521133213129,13.1906294843669,1.6222922265695685e-06,0.0037381876285493268,0.9999999999999998,3.7213842695577934,3.7438498853573323,3.7213842695577934,60261.67215465921,3.3950367989549908,0.8000000000000002,0.08574313095999998,1.5,1.4519999999999995,14.981913131073096,401997914.24427646,0.00567271986217135,0.880436922105028,0.004994472015414202
Zambia,3627.202041,3646.962322,1912.280264,3625.806426,16211767.0,0.029,0.40922,3.0,0.2,1.5,0.06,0.8,0.05,1,1,0.425750249346411,1.0,0.11274077568299999,1.3455110990232466,6.930865979355722,112361584.36554176,8.342591607096102e-07,13.524815131039755,1.330534171758521,0.207746102,18136.010205000002,6.930865979355723,9.325557101065748,9.325557101065748,6.930865979355722,8.342591607096102e-07,0.002295848574315678,1.0000000000000002,1.3305341717585208,1.330534171758521,1.330534171758521,42597.76766506053,3.3972481754710104,3.2000000000000006,0.11936995440000002,2.469788850858763,2.1536558779488404,12.400307750428144,201030899.97823521,0.003418697831072417,0.5589269330123214,0.0019108022936171814
