country,gdp_pc_pp,gdp_pc_pp_2015,gdp_pd_pp_2005,pop,urbanization_rate,T_rebuild_K,pi,income_elast,rho,shareable,max_increased_spending,prepare_scaleup,borrow_abi,avg_prod_k,protection,tau_tax,macro_multiplier,dK,dKtot,delta_W,delta_W_tot,average_aid_cost_pc,axfin,c,dc,dc_npv_post,dc_npv_pre,dk,dw,fa,gamma_SP,help_fee,help_needed,help_received,k,n,shew,social,v,v_shew,dWpc_currency,dWtot_currency,risk,resilience,risk_to_assets
Albania,11359.170400000003,10971.29252,10397.28739,2889167.0,0.57407,2,0.2,1.5,0.06,0.8,0.05,0.0,0.175,0.1852799860314327,1.0,0.18390796341149998,1.0804176835697958,109.305212323751,315801012.3737747,1.8651677925772716e-06,5.388781235777099,0.0,0.086087198,56795.85200000001,109.30521232375102,118.09528430093178,118.09528430093178,109.305212323751,1.8651677925772716e-06,0.004686977053913064,1.0,0.0,65.23753462865811,0.0,306540.67509679444,3.3905653622547867,0.0,0.19179090180000005,2.1059999999999994,2.1059999999999994,153.64860024939549,443916465.4367452,0.013526392759227861,0.7113973843323772,0.009622640428367107
Angola,5984.640421999998,6231.067992,6937.0062659999985,25021974.0,0.4405,2,0.2,1.5,0.06,0.8,0.05,0.0,0.175,0.43239739052511456,1.0,0.12736406291942387,1.239043253931658,8.795451716858093,220079564.1774785,8.177316516378999e-07,20.461260126260584,0.0,0.18571632000000005,29923.202109999987,8.795451716858091,10.897945115054636,10.897945115054636,8.795451716858093,8.177316516378999e-07,0.0015207068703416513,0.9999999999999998,0.0,3.0761257079959514,0.0,69203.01270472626,3.3975620991534314,0.0,0.13004843279721204,3.0999999999999988,3.0999999999999988,25.759703155356252,644558622.6010422,0.004304302571072041,0.3414422776463262,0.0014696708735457754
Argentina,18489.43489,19101.29739,18087.19626,43416755.0,0.91751,2,0.2,1.5,0.06,0.8,0.05,0.7333333333333333,0.375,0.2695495148851759,1.0,0.15407290650499994,1.1345106039205037,80.25214628520348,3484287773.488839,7.20368107717234e-07,31.276045642572758,6.740005750593138,0.050750804000000004,92447.17445,80.25214628520345,91.04691094794282,91.04691094794282,80.25214628520348,7.20368107717234e-07,0.003040221125954212,0.9999999999999998,6.740005750593138,24.50911182033869,6.740005750593139,342969.17391738243,3.3953601692104316,3.2000000000000006,0.16162662159999996,2.2890156499999996,1.9960216467999996,123.21494650531426,5349593144.7593355,0.006664073144385553,0.651318273970457,0.004340432618014075
Armenia,8190.239289,8195.93365,7899.284409999998,3017712.0,0.62673,2,0.2,1.5,0.06,0.8,0.05,0.4,0.425,0.3666957212217474,1.0,0.35482572718192007,1.1968691108828242,57.6245379791843,173894259.7542402,1.4671949873088064e-06,4.4275719195416325,1.70993488097395,0.020931459799999996,40951.19644499999,57.6245379791843,68.96902953617986,68.96902953617986,57.6245379791843,1.4671949873088064e-06,0.011008806578264241,0.9999999999999998,1.7099348809739499,10.058440476317351,1.70993488097395,111676.23202299677,3.3813112346018226,1.6000000000000003,0.40256331958,1.2499999999999998,1.1699999999999997,73.99808273838177,223304902.25660753,0.009034910962585158,0.778730148764993,0.007035757557972406
Australia,44260.57597,43719.50216,43654.58052,23781169.0,0.89423,2,0.2,1.5,0.06,0.8,0.05,0.8,0.9166666666666669,0.27360239086009513,1.0,0.22678751371399997,1.1371121599074026,88.40669124369752,2102414465.1971905,1.7004343979258206e-07,4.043831779048718,12.040207000598972,0.6593659199999999,221302.87985000008,88.40669124369754,100.52832363038775,100.52832363038775,88.40669124369752,1.7004343979258206e-07,0.0012708045199852393,0.9999999999999998,12.040207000598972,16.418464091725863,12.040207000598972,808848.4868656058,3.3981323636765723,3.9999999999999996,0.282336592,2.854399999999999,2.397696,107.78431697208585,2563237057.462742,0.002435221743276511,0.8202185042058877,0.001997413935679914
Austria,44438.72482,44288.92875,43892.72954,8611088.0,0.65968,2,0.2,1.5,0.06,0.8,0.05,0.8,0.8916666666666666,0.23227851820729006,1.0,0.48360059806000016,1.1105862141427054,97.8253854091438,842383002.3920534,1.7826236222262136e-07,1.535032888186868,38.672358655207134,0.6452541399999999,222193.62410000004,97.82538540914379,108.64352442859209,108.64352442859207,97.8253854091438,1.7826236222262136e-07,0.0021973804682322456,1.0,38.672358655207134,55.24045323697852,38.672358655207134,956582.7516675903,3.396832155683104,3.9999999999999996,0.4944901700000002,1.528,1.2835199999999998,113.6337307968835,978510055.6602739,0.0025570880185504723,0.8608833373956842,0.0022013544674242477
Azerbaijan,16001.323399999996,16698.86365,16695.38942,9651349.0,0.5462,2,0.2,1.5,0.06,0.8,0.05,0.0,0.25,0.5982212831852317,1.0,0.45487112046320005,1.3454862202080695,40.960629542245236,395325330.9719192,4.103003445751271e-07,3.9599518203148087,0.0,0.0571493,80006.61699999997,40.960629542245236,55.11196262013855,55.11196262013855,40.960629542245236,4.103003445751271e-07,0.006399322112339692,1.0,0.0,7.121340192216062,0.0,133740.84013528304,3.3872437418290504,0.0,0.48598335920000013,1.2499999999999998,1.2499999999999998,56.50851617549017,545383411.0818009,0.0035314901625880636,0.7248576376530548,0.002559827616648586
Bangladesh,3319.3535559999996,3132.56754,3136.5610690000008,160995642.0,0.34277,2,0.2,1.5,0.06,0.8,0.05,0.7333333333333333,0.6166666666666667,0.2897089076246591,1.0,0.14789555810770003,1.1474509922270306,74.49006134428282,11992575248.742199,7.640891452860985e-06,1230.1502249056668,18.77897334944336,0.08737927799999998,16596.767779999995,74.49006134428282,85.47369480054971,85.47369480054971,74.49006134428282,7.640891452860985e-06,0.017334924936100768,0.9999999999999998,18.778973349443362,45.50099734298885,18.77897334944336,57287.73725350009,3.3746000212091047,3.2000000000000006,0.1380460646,2.362140790448914,2.0597867692714527,99.42507591593055,16007003927.983976,0.02995314426093951,0.7492079906206793,0.022441135024509822
Belarus,16752.098769999997,17229.55519,16621.03344,9513000.0,0.76667,2,0.2,1.5,0.06,0.8,0.05,0.7333333333333333,0.5166666666666667,0.3864445367538237,1.0,0.43578723606099995,1.209545948170612,57.841029854593444,550241717.0067478,5.125107444594835e-07,4.875514712043065,9.323380688907804,0.172373852,83760.49384999998,57.84102985459343,69.9613832986389,69.9613832986389,57.841029854593444,5.125107444594835e-07,0.005079364424880539,0.9999999999999998,9.323380688907804,24.607163108554317,9.323380688907802,216746.48205301925,3.392419545436617,3.2000000000000006,0.4684550397999999,1.8799999999999992,1.6393599999999995,75.60246307799231,719206231.2609409,0.004513014405895383,0.7650680612736653,0.0034527631820185033
Belgium,42094.57904999999,41722.92186,41138.38336,11285721.0,0.97858,2,0.2,1.5,0.06,0.8,0.05,0.0,0.425,0.2166915174374668,1.0,0.48319516414699987,1.1005808610498713,24.837218191547407,280305914.9259286,5.213860002715453e-08,0.5884216932370585,0.0,0.5792287,210472.89524999997,24.837218191547407,27.335366983336776,27.335366983336776,24.837218191547407,5.213860002715453e-08,0.00045869702534638557,0.9999999999999998,0.0,8.55834316742039,0.0,971301.9583737908,3.39907686846634,0.0,0.5101755720000001,1.5400000000000003,1.5400000000000003,30.65422710886586,345955054.6212967,0.0007282226785652074,0.8102379519581477,0.0005900336516501502
Benin,2009.961384,1987.167146,1985.613853,10879829.0,0.4395,2,0.2,1.5,0.06,0.8,0.05,0.6666666666666667,0.25,0.3302533219458435,1.0,0.0818491499488,1.1734766008233284,5.11593427508216,55660490.088132866,1.4992847426613327e-06,16.31196162246431,0.25633329040367003,0.08237205599999999,10049.806919999997,5.115934275082161,6.003429163158974,6.003429163158973,5.11593427508216,1.4992847426613327e-06,0.0015740789657771451,0.9999999999999998,0.2563332904036701,1.5379997424220202,0.25633329040367003,30430.60054865402,3.3978551023466275,1.6000000000000003,0.07731285759999999,3.393739601658168,3.1765402671520446,9.192640375172695,100014355.34037477,0.004573540789564092,0.5565250098218979,0.002545289832833007
Bhutan,8253.293783,7743.337995999998,7601.368909999999,774830.0,0.38644,2,0.2,1.5,0.06,0.8,0.05,0.6,0.4166666666666667,0.185575394278482,1.0,0.044017987643799994,1.080607307209514,190.05801906204417,147262654.90984368,4.829471556057805e-06,3.7420194457802687,12.646677246805366,0.24155477999999997,41266.468915,190.05801906204414,205.37808419221003,205.37808419221003,190.05801906204417,4.829471556057805e-06,0.006964584497811662,0.9999999999999998,12.646677246805366,52.31449255578169,12.646677246805366,222370.36906452075,3.389045776115463,2.4000000000000004,0.0437383708,3.395562306575224,3.069588325144003,246.38919626460876,190909740.9417068,0.02985343824451242,0.7713731849586946,0.023028141740637244
Bolivia,6707.9561840000015,6531.519398,6475.741503,10724705.0,0.68512,2,0.2,1.5,0.06,0.8,0.05,0.5333333333333333,0.45,0.4218342004210295,1.0,0.1693398626614,1.2322627033729696,32.59873571497299,349611823.9160493,1.5073292705464955e-06,16.16566176447635,1.3046450833986578,0.27343408,33539.780920000005,32.59873571497299,40.17020619867358,40.17020619867359,32.59873571497299,1.5073292705464955e-06,0.0055170758939250015,1.0,1.3046450833986576,5.436021180827741,1.3046450833986578,79509.39228380298,3.3909223012307446,2.4000000000000004,0.21263727539999996,2.2554168467144113,2.0388968294298278,56.347022545406425,604305194.427833,0.008400028413990965,0.5785351956920842,0.004859712082307331
Bosnia and Herzegovina,11327.48741,10932.04871,10023.56017,3810416.0,0.39767,2,0.2,1.5,0.06,0.8,0.05,0.0,0.125,0.32393223235700314,1.0,0.1433642096968,1.1694190701795737,68.50583771735742,261035740.1316222,1.234664590970453e-06,4.704585712067269,0.0,0.09976816199999997,56637.43704999999,68.50583771735742,80.11203304530491,80.11203304530491,68.50583771735742,1.234664590970453e-06,0.004271980751463786,0.9999999999999998,0.0,28.05736978124964,0.0,174843.4746301514,3.3914554137363293,0.0,0.1547600722,2.468124285699999,2.468124285699999,101.28296888564805,385930245.1693755,0.008941344644200143,0.6763806242163267,0.006047752271777403
Botswana,15723.23706,15356.45762,14876.33174,2262485.0,0.57444,2,0.2,1.5,0.06,0.8,0.05,0.6,0.7083333333333333,0.2811780767140953,1.0,0.0831678032508,1.1419750205057293,44.3132680723311,100258104.314628,4.85750363408019e-07,1.099002910955192,1.9003027395716017,0.30619332,78616.18529999998,44.31326807233109,50.604645215576184,50.60464521557617,44.3132680723311,4.85750363408019e-07,0.001384196503115524,0.9999999999999998,1.900302739571602,4.471300563697888,1.900302739571602,279595.71464007744,3.3977668533368477,3.2000000000000006,0.11219832540000003,3.266403415957444,2.8483037787148904,65.16607553289953,147437268.4020522,0.00414457120275076,0.6800051669516181,0.002818329832669399
Brazil,14023.691619999994,14666.01817,14454.93732,207847528.0,0.85687,2,0.2,1.5,0.06,0.8,0.05,0.8666666666666666,0.5583333333333333,0.26557501018758395,1.0,0.21389151814559995,1.1319593547446185,25.988454783008887,5401636083.188173,3.1284815736934616e-07,65.02471614857359,1.865835736864315,0.14558476199999998,70118.45809999997,25.98845478300889,29.417874506984443,29.417874506984436,25.988454783008887,3.1284815736934616e-07,0.0008000046519291993,0.9999999999999998,1.8658357368643155,3.855917711085842,1.8658357368643153,264025.06037926197,3.3988596309176033,0.8000000000000002,0.20715625939999996,3.302651539985098,3.1969666907055743,35.351721112837375,7347767843.848658,0.0025208569947744895,0.735139731954143,0.0018531821354332446
Bulgaria,17794.52661,17000.16725,16956.409069999998,7177991.0,0.73948,2,0.2,1.5,0.06,0.8,0.05,0.6666666666666667,0.7166666666666667,0.3230784715072762,1.0,0.43948447519680006,1.1688710379516616,39.99471517338664,287081705.5621328,3.184216518683614e-07,2.2856277513162317,4.782829655043305,0.17148750599999998,88972.63304999999,39.994715173386645,46.74866423729752,46.74866423729752,39.99471517338664,3.184216518683614e-07,0.0019272252620622793,1.0,4.782829655043305,10.010573696602265,4.782829655043305,275390.16337087075,3.39693356518817,3.2000000000000006,0.4733378346,2.2431041456000003,1.9559868149632,51.42706231669536,369142990.46567845,0.0028900494766629457,0.7776978379028018,0.0022475852294328966
Burkina Faso,1642.185834,1596.334538,1561.521915,18105570.0,0.29859,2,0.2,1.5,0.06,0.8,0.05,0.8,0.4166666666666667,0.40566509188102295,1.0,0.32689123146200005,1.2218836931625943,3.7804908105330526,68447941.00446293,1.0693345547844277e-06,19.360911635068287,0.24530024193437713,0.098161232,8210.929170000001,3.7804908105330526,4.619320073541376,4.619320073541376,3.7804908105330526,1.0693345547844277e-06,0.0014897494203290405,0.9999999999999998,0.24530024193437716,0.7359007258031313,0.24530024193437713,20240.659929418267,3.3976795530543136,2.4000000000000004,0.3515854992000002,3.393739601658168,3.067940599898984,4.84192848736601,87665875.1629994,0.002948465628626297,0.7807820417830302,0.0023021090136459256
Burundi,721.1765615000002,748.4152713,692.6739312000002,11178921.0,0.12057,2,0.2,1.5,0.06,0.8,0.05,0.6666666666666667,0.25,0.4629793127178333,1.0,0.10244151508683055,1.2586739022080167,2.590476756442924,28958735.012611695,2.9623589034513465e-06,33.115976155329236,0.22475645474756695,0.04666023,3605.8828075000015,2.590476756442924,3.260565487611182,3.260565487611182,2.590476756442924,2.9623589034513465e-06,0.003783157378447453,0.9999999999999998,0.22475645474756695,1.3794792706913246,0.22475645474756697,7788.431812065946,3.3941860648465294,2.4000000000000004,0.1032671897007356,2.469788850858763,2.2326891211763216,3.9036694937920795,43638812.881211646,0.005412917865318171,0.6636004304571642,0.003592014625454413
Cambodia,3465.1255649999994,3290.952454,3278.221215,15577899.0,0.20723000000000005,2,0.2,1.5,0.06,0.8,0.05,0.0,0.15,0.4592944496539701,1.0,0.04037829395,1.2563085750615606,64.99666704137746,1012511514.5072067,8.027344912623219e-06,125.04916828700833,0.0,0.039280146,17325.627825000003,64.99666704137745,81.65587015450357,81.65587015450357,64.99666704137746,8.027344912623219e-06,0.03525538623355813,0.9999999999999998,0.0,67.06030059196813,0.0,37722.26692060623,3.33730276136333,0.0,0.040794602,1.5154131099999995,1.5154131099999995,111.40987552123877,1735531788.47243,0.032151757109915524,0.5834013074450186,0.01875737713457939
Cameroon,3346.8177930000015,3289.064546,2938.776214,23344179.0,0.54381,2,0.2,1.5,0.06,0.8,0.05,0.6666666666666667,0.5666666666666667,0.4197375746029477,1.0,0.0484162128328,1.2309168715530294,8.681151072973954,202654344.57354608,1.2338458070695446e-06,28.80311737863091,1.4122158664677016,0.09980292199999999,16734.088965000006,8.681151072973954,10.685775320224328,10.685775320224327,8.681151072973954,1.2338458070695446e-06,0.004210478344019831,1.0,1.4122158664677016,3.7382184700615633,1.4122158664677014,39867.97936979953,3.393883201652992,3.2000000000000006,0.0638548552,1.8343680960785826,1.599568979780524,16.254929112040514,379457974.8237848,0.004856831210243452,0.5340626841948861,0.002593852312824115
Canada,43113.68396999999,43002.40931,42890.8811,35851774.0,0.81828,2,0.2,1.5,0.06,0.8,0.05,0.8666666666666666,0.8333333333333333,0.3354838938558465,1.0,0.24351074284,1.1768341241602334,39.72869781839621,1424344295.499434,8.145071087648717e-08,2.920152478483159,5.1439960360252455,0.6630452800000001,215568.41985,39.728697818396206,46.754087301138874,46.75408730113888,39.72869781839621,8.145071087648717e-08,0.0012939514413040283,0.9999999999999998,5.1439960360252455,7.12245604988111,5.1439960360252455,642559.6691763306,3.398166034498495,3.2000000000000006,0.30450452799999994,1.506676456117858,1.3138218697347723,49.60397446280049,1778390481.9420946,0.0011505389912241475,0.8009176330858317,0.0009214869656242047
Central African Republic,647.8804448,626.4108725,562.1929716,4900274.0,0.40037,2,0.2,1.5,0.06,0.8,0.05,0.0,0.0,0.3147438330510679,1.0,0.00944962168088,1.1635210028880252,3.5148134736797,17223549.079922315,5.6216220942999644e-06,27.54748858652367,0.0,0.031053149199999998,3239.402224,3.5148134736796997,4.089559297860148,4.089559297860148,3.5148134736797,5.6216220942999644e-06,0.002776997682454785,0.9999999999999998,0.0,0.5320898680251988,0.0,10292.186482568506,3.3945555888966172,0.0,0.009220104719999999,3.239282221184365,3.239282221184365,6.307787504807183,30909887.107331514,0.009736036263225063,0.557218116653589,0.005425095790265316
Chad,1845.914679,2047.637179,2043.544231,14037472.0,0.22471,2,0.2,1.5,0.06,0.8,0.05,0.0,0.0,0.7532009944644721,1.0,0.06972524453322258,1.4449682665922803,4.431751238166845,62210583.916732416,1.4976632174667765e-06,21.02340548061979,0.0,0.052886108,9229.573394999998,4.431751238166845,6.403739904582139,6.403739904582139,4.431751238166845,1.4976632174667765e-06,0.002722649588433351,0.9999999999999998,0.0,0.9700271949348299,0.0,12253.798737430307,3.394574652934289,0.0,0.0590550527145029,3.393739601658168,3.393739601658168,8.08176029632854,113447483.87042357,0.004378187349756993,0.5483645982645815,0.002400842947176566
Chile,22706.720539999995,22536.61769,22145.09481,17948141.0,0.8953,2,0.2,1.5,0.06,0.8,0.05,0.8,0.925,0.3473941118185529,1.0,0.16676778194909997,1.1844793368531206,218.07691144655476,3914075155.4872785,1.3913267536610415e-06,24.971728751780645,64.1507202033475,0.16560281999999998,113533.60269999996,218.07691144655476,258.3075954531918,258.3075954531919,218.07691144655476,1.3913267536610415e-06,0.027696688979948272,0.9999999999999998,64.15072020334752,87.40462922908632,64.1507202033475,326814.9886181709,3.360903550919198,3.2000000000000006,0.1861468554,0.774316,0.6752035519999999,323.9068828812855,5813526404.823799,0.014264802454000062,0.6732703840890029,0.009604069027158373
China,14399.447659999996,13569.89153,13400.26697,1371220000.0,0.55614,2,0.2,1.5,0.06,0.8,0.05,0.8,0.8416666666666667,0.2292163791392399,1.0,0.19490442572626665,1.1086206158183298,45.57577898429005,62494419658.838196,4.986310117745231e-07,683.7328159654617,5.029684163640801,0.44824216000000006,71997.23829999997,45.57577898429005,50.52624816396373,50.52624816396373,45.57577898429005,4.986310117745231e-07,0.0015317549939861076,0.9999999999999998,5.029684163640801,8.633603933452923,5.029684163640801,314101.62995491916,3.3979114557550885,3.2,0.22259948206360686,2.8480322650000014,2.48348413508,58.62509956462905,80387909025.01065,0.004071343634067494,0.7774106879604824,0.003165106055483941
Colombia,13124.32484,12985.38313,12988.1677,48228704.0,0.76436,2,0.2,1.5,0.06,0.8,0.05,0.7333333333333333,1.0,0.2797792564799715,1.0,0.1048793536055,1.141077112655304,176.12088652498096,8494082104.430896,2.6859959271774093e-06,129.54210251704484,37.72927934347242,0.145318898,65621.6242,176.12088652498093,200.9675126742177,200.96751267421766,176.12088652498096,2.6859959271774093e-06,0.016674274589893328,0.9999999999999998,37.72927934347242,52.11309540060237,37.72927934347242,234547.85399609362,3.3757104516383802,3.2000000000000006,0.10893280159999996,1.4206400000000001,1.23879808,274.7677514311153,13251692552.516836,0.02093576277491127,0.6409809215516136,0.013419424516848593
Comoros,1411.1523389999998,1413.059277,1363.563075,788474.0,0.28296,2,0.2,1.5,0.06,0.8,0.05,0.26666666666666666,0.16666666666666666,0.197958724460889,1.0,0.04163073448040002,1.0885562123754138,3.4725170016228004,2737989.3703375356,1.6756938025455418e-06,1.3212409952682935,0.038127244049522724,0.125104594,5644.609355999998,3.4725170016228004,3.7800299546957437,3.7800299546957437,3.4725170016228004,1.6756938025455418e-06,0.001183902044641268,0.9999999999999998,0.038127244049522724,0.8578629911142615,0.038127244049522724,28514.07217020745,2.7178261356763698,1.8000000000000003,0.04138180280000001,1.9758310806870103,1.7980062834251793,6.044044164896286,4765571.678872434,0.004283055767869359,0.5745353453555361,0.0024607669247698432
"Congo, Dem. Rep.",743.8943424,750.497342,736.6802449,77266814.0,0.42494,2,0.2,1.5,0.06,0.8,0.05,0.4,0.375,0.2370560018580905,1.0,0.0355630492131,1.1136528984604508,6.256706885985903,483435807.211992,8.136377774583991e-06,628.671988142515,0.2723310081398294,0.05676833400000001,3719.4717119999996,6.256706885985903,6.967799758395663,6.967799758395663,6.256706885985903,8.136377774583991e-06,0.003973334615014893,1.0,0.2723310081398294,1.8155400542655293,0.2723310081398294,15690.265940731579,3.393758380321653,1.6000000000000005,0.032413281399999994,3.0999999999999988,2.9016,11.232359036426184,867888596.4487611,0.015099401079174256,0.5570251864007909,0.008410746700667344
"Congo, Rep.",5301.395941,5542.892982,5993.153101,4620330.0,0.6538,2,0.2,1.5,0.06,0.8,0.05,0.0,0.125,0.3727534239023239,1.0,0.1541857744334,1.2007575725019395,30.40167842120377,140465786.85984045,2.1119989565278937e-06,9.758132138814522,0.0,0.116462276,26506.979704999994,30.401678421203766,36.505045581029236,36.505045581029236,30.40167842120377,2.1119989565278937e-06,0.006783144964577048,0.9999999999999998,0.0,13.359653662982174,0.0,71111.29772464777,3.3874342098654235,0.0,0.15756214879999997,1.8343680960785826,1.8343680960785826,55.46929706153024,256286457.29230002,0.010463149268391958,0.5480811914288404,0.0057346553171180635
Costa Rica,15401.492500000002,14914.20675,14471.78641,4807850.0,0.7682100000000001,2,0.2,1.5,0.06,0.8,0.05,0.9333333333333332,0.75,0.4818967549173638,1.0,0.19604667933720002,1.2708170778974683,59.34106880896178,285302957.6731669,7.202133431944089e-07,3.4626777220772382,12.775284253314666,0.26912722000000006,77007.46250000001,59.34106880896177,75.41164366311742,75.4116436631174,59.34106880896178,7.202133431944089e-07,0.005709060098694536,1.0000000000000002,12.775284253314663,18.250406076163813,12.775284253314666,159800.74925635333,3.3921285740292744,4.0,0.20864231120000007,1.984168669323803,1.6667016822319942,93.66308241517757,450318050.7898115,0.006081428953406792,0.6335587862240364,0.003852942746228119
Cote d'Ivoire,3424.7642099999994,3241.612056,3289.988043,22701556.0,0.5418,2,0.2,1.5,0.06,0.8,0.05,0.4,0.45,0.5759764393620561,1.0,0.10938885599898801,1.331207173184686,6.577309966133866,149315170.52554604,7.477663461577334e-07,16.975459582215173,0.24512404167547935,0.10841568400000001,17123.82105,6.577309966133864,8.755762207176524,8.755762207176526,6.577309966133866,7.477663461577334e-07,0.0017744307847674674,0.9999999999999998,0.2451240416754793,1.3618002315304403,0.24512404167547935,29730.072065041604,3.3969020740372504,1.6000000000000003,0.11073971036073094,3.393739601658168,3.1765402671520446,10.197245232145844,231493333.68329188,0.0029775028605971816,0.645008511259445,0.001920514687384527
Croatia,21527.967669999998,20759.04815,20429.99271,4224404.0,0.5896399999999999,2,0.2,1.5,0.06,0.8,0.05,0.6666666666666667,0.5583333333333333,0.23052247153165525,1.0,0.31890141082100004,1.1094590013262897,121.3762439601299,512742290.49014854,7.074923440308092e-07,2.988733488093127,12.468141852625521,0.28301458,107639.83834999999,121.3762439601299,134.66196640874185,134.66196640874185,121.3762439601299,7.074923440308092e-07,0.0031122720097561743,0.9999999999999998,12.468141852625521,33.49650049959095,12.46814185262552,466938.5922977966,3.3951374491593493,3.2000000000000006,0.354580658,2.4648051243999998,2.1493100684767996,152.05260114266912,642331616.477496,0.007063026267665754,0.7982516776956946,0.0056380725677729485
Cyprus,31331.393000000015,30549.10097,30309.634830000006,1165300.0,0.6692100000000001,2,0.2,1.5,0.06,0.8,0.05,0.0,0.175,0.20174778291418224,1.0,0.37075710495700004,1.090988422925373,57.034581047000216,66462397.29406935,2.4059105823504236e-07,0.28036076016129485,0.0,0.24233095999999996,156656.96500000005,57.034581047000216,62.22406762867614,62.22406762867614,57.034581047000216,2.4059105823504236e-07,0.002982042756649748,0.9999999999999998,0.0,54.656126510765375,0.0,776499.0659978526,3.3941506313831717,0.0,0.3870059660000001,0.8646689476190478,0.8646689476190478,90.78557186560622,105792426.89499092,0.002897591302933967,0.6282339789788509,0.0018203653136967192
Czech Republic,31338.87521000001,30605.42052,29805.33278,10551219.0,0.72992,2,0.2,1.5,0.06,0.8,0.05,0.6666666666666667,0.9,0.23979983157078166,1.0,0.48708116280099994,1.1154141728394982,51.43952187062138,542749660.5122159,1.5971245142374098e-07,1.6851610519987528,19.938556754085564,0.40017238000000005,156694.37605000002,51.439521870621384,57.37637173857843,57.37637173857843,51.43952187062138,1.5971245142374098e-07,0.0010323529401134555,1.0,19.938556754085564,33.3947670508571,19.93855675408556,653438.2239703474,3.398394773404351,3.9999999999999996,0.48127090240000003,2.354,1.97736,60.29178011051034,636151775.8458388,0.0019238654771908236,0.8531763662697728,0.0016413965570215292
Denmark,45991.22478000002,45458.69715,43415.22942,5676002.0,0.87676,2,0.2,1.5,0.06,0.8,0.05,0.7333333333333333,0.9166666666666669,0.2301060640275852,1.0,0.4493290227456,1.1091917078186901,2.2758085907047927,12917494.112457586,3.844251299173898e-09,0.021819978062613644,0.32744252106256,0.6707697200000001,229956.1239000001,2.2758085907047927,2.5243080173922956,2.524308017392295,2.2758085907047927,3.844251299173898e-09,5.461344086676206e-05,1.0,0.32744252106256005,0.48710457678727925,0.32744252106256,999348.3868918503,3.3999170136021646,3.200000000000001,0.48524766240000006,1.3,1.1336,2.580174175630121,14645073.781224918,5.610144517725801e-05,0.882036806739608,4.948353955762584e-05
Dominican Republic,14098.87587,13371.52499,13374.90875,10528391.0,0.7898,2,0.2,1.5,0.06,0.8,0.05,0.6,1.0,0.3771503990888722,1.0,0.15623435178909997,1.203580007037711,160.8962121976865,1693978232.4362125,1.8493099117800558e-06,19.47025783139593,19.62764802410771,0.3039170199999999,70494.37934999999,160.89621219768645,193.65146420923253,193.65146420923253,160.8962121976865,1.8493099117800558e-06,0.015838090101924905,1.0000000000000002,19.627648024107707,32.71274670684618,19.62764802410771,186913.177131197,3.376372904114776,3.2,0.16835893340000002,1.5489973692170456,1.350725705957264,210.6627400932142,2217939696.8327355,0.01494181110860537,0.7637620783176609,0.01141198870613835
Ecuador,10424.264150000003,10749.12887,10717.59861,16144363.0,0.63742,2,0.2,1.5,0.06,0.8,0.05,0.8,0.4583333333333333,0.25747347179967145,1.0,0.20491041420959993,1.1267589474717103,198.37874989774733,3202698549.835446,3.6276357630289664e-06,58.5658685901216,12.23190167684096,0.15908827,52121.32075000002,198.37874989774735,223.52503143553943,223.52503143553943,198.37874989774733,3.6276357630289664e-06,0.007388698794421262,0.9999999999999998,12.231901676840964,33.45969669760186,12.23190167684096,202433.75127420222,3.3891837216846694,2.4000000000000004,0.2180445762,3.405685096709339,3.0787393274252426,262.7017055895343,4241151695.756571,0.025200983187818993,0.7551483133790908,0.019030479949776337
"Egypt, Arab Rep.",10319.256930000001,10095.61017,10249.95791,91508084.0,0.43135,2,0.2,1.5,0.06,0.8,0.05,0.6666666666666667,0.4583333333333333,0.4927783418827425,1.0,0.12264262004249998,1.2778020085718658,8.217184256364762,751938787.1749042,1.7318644958346225e-07,15.847960176145227,1.2089014691677604,0.04771350199999999,51596.284650000016,8.217184256364762,10.499934547588007,10.499934547588007,8.217184256364762,1.7318644958346225e-07,0.0007470771966384096,1.0,1.2089014691677604,3.9564048081853973,1.2089014691677604,104704.85462666184,3.3988761663312563,2.4000000000000004,0.12022109020000002,2.9000000000000004,2.6216000000000004,12.352905128439971,1130390680.1373158,0.0011970731237951617,0.6652025714539344,0.0007962961201669355
El Salvador,7989.9972560000015,7845.157575,8095.558984,6126583.0,0.6672600000000001,2,0.2,1.5,0.06,0.8,0.05,0.6666666666666667,0.5083333333333333,0.13424357530792413,1.0,0.21630055595840003,1.047657223913682,212.80015266090916,1303737797.6897306,6.008856037750804e-06,36.813755250331425,24.459589012580985,0.1740103,39949.98628,212.80015266090916,222.94161718513587,222.94161718513584,212.80015266090916,6.008856037750804e-06,0.007912011265968995,1.0,24.459589012580985,74.87528568903413,24.459589012580985,297593.28286932065,3.387710505191359,2.4000000000000004,0.20973778440000004,2.46,2.22384,292.004119908686,1788987476.9625173,0.03654621028679436,0.7287573638599857,0.02663331986767695
Estonia,28109.817039999998,27549.58137,26929.66404,1311998.0,0.67538,2,0.2,1.5,0.06,0.8,0.05,0.0,0.4,0.2800603915970392,1.0,0.39674203095000005,1.141257574320418,64.28879838113352,84346774.89845042,3.146407232837744e-07,0.41280799966686543,0.0,0.34059864000000006,140549.0852,64.28879838113353,73.37007809642685,73.37007809642685,64.28879838113352,3.146407232837744e-07,0.004497984464085118,0.9999999999999998,0.0,42.371132689858555,0.0,501852.7768190333,3.3911826471146753,0.0,0.41693689999999994,0.9381249647231473,0.9381249647231473,100.8911245380128,132368953.61162372,0.003589177560083216,0.6372096522416241,0.002287058584894067
Ethiopia,1608.2934759999996,1533.107632,1529.893783,99390750.0,0.19472,2,0.2,1.5,0.06,0.8,0.05,0.7333333333333333,0.5916666666666667,0.3781161653838428,1.0,0.11487916615796169,1.2041999359726632,4.777370756305391,474826462.4972601,1.457949816724245e-06,144.9067257465853,1.2412944438847529,0.15016708999999998,8041.46738,4.777370756305391,5.752909558860625,5.752909558860626,4.777370756305391,1.457949816724245e-06,0.0041061619634831055,1.0,1.2412944438847529,2.860857873229905,1.241294443884753,21267.187484133992,3.393477738109181,3.2000000000000006,0.11764644148738253,1.7902401369303214,1.5610893994032404,6.39825987734033,635927847.9037634,0.003978291258914695,0.7466671951266975,0.002970459575690894
France,38061.09426000002,37765.75087,37305.69062,66808385.0,0.7952,2,0.2,1.5,0.06,0.8,0.05,0.7333333333333333,0.95,0.2234491797478895,1.0,0.44383191244000003,1.1049186293284754,62.402029927654894,4168978840.1882906,1.4487979741895993e-07,9.67918528468788,24.05675111994732,0.5603165199999999,190305.47130000012,62.402029927654894,68.94916537497896,68.94916537497896,62.402029927654894,1.4487979741895993e-07,0.001698326384561435,1.0000000000000002,24.05675111994732,35.03423808297417,24.056751119947325,851672.27516662,3.397461155753591,3.9999999999999996,0.4561506160000001,1.528,1.2835199999999998,73.18907478065518,4889643885.739801,0.0019229366943759314,0.8526140016754052,0.0016395227499603387
Gabon,16786.00072,16836.60591,18831.90124,1725292.0,0.87156,2,0.2,1.5,0.06,0.8,0.05,0.5333333333333333,0.5916666666666667,0.3299123735952057,1.0,0.14963545579460003,1.1732577448237087,108.55987225838308,187297479.12841025,1.4824362184298392e-06,2.557635348167254,15.664237679082998,0.21147534399999998,83930.00359999998,108.55987225838308,127.36871090422046,127.36871090422049,108.55987225838308,1.4824362184298392e-06,0.007006579472979228,1.0,15.664237679082998,49.85751821655732,15.664237679082994,254400.89647252826,3.3900356806833942,0.8000000000000002,0.16140047460000007,2.007962056253177,1.9437072704530751,219.36254972633978,378464452.14245623,0.013068184220019489,0.49488790312573505,0.006467286286306264
Georgia,9276.766242999998,9025.133143,9109.256977,3679000.0,0.53641,2,0.2,1.5,0.06,0.8,0.05,0.6666666666666667,0.6166666666666667,0.3632651483124993,1.0,0.5683873165853403,1.1946670135214004,86.1801171653148,317056651.0511931,1.8964460671165923e-06,6.977025080921944,0.8270462255386286,0.008780484399999998,46383.831214999984,86.18011716531478,102.95654319881098,102.95654319881098,86.1801171653148,1.8964460671165923e-06,0.01713424140190906,0.9999999999999997,0.8270462255386286,2.011734062120989,0.8270462255386286,127685.88297135031,3.3743566917947043,2.4000000000000004,0.6317669984400001,1.3442463,1.2151986551999998,115.29203295348984,424159389.23588914,0.012428041187357302,0.7474941239008325,0.009289887759147108
Germany,44356.85772999998,43937.94713,44053.06812,81413145.0,0.7530100000000001,2,0.2,1.5,0.06,0.8,0.05,0.8,0.9166666666666669,0.2730174463967501,1.0,0.4657967021719,1.1367366819060931,41.183235451185084,3352856719.356472,7.459313740170125e-08,6.0728619112896265,7.50041642037235,0.596566,221784.28864999994,41.18323545118509,46.81449441693752,46.81449441693752,41.183235451185084,7.459313740170125e-08,0.001130359720004317,0.9999999999999998,7.50041642037235,10.22784057323502,7.50041642037235,812344.7478433377,3.3983410875933844,3.2000000000000006,0.4950705503999999,1.262906775,1.1012547078,47.41533180052194,3860231283.099004,0.0010689515494794262,0.8685636878899103,0.0009284524999914844
Ghana,3980.2021059999993,3929.681044,3953.21018,27409893.0,0.54042,2,0.2,1.5,0.06,0.8,0.05,0.8,0.5416666666666667,0.4079350165763704,1.0,0.19505694098119994,1.2233407661689075,6.9909708870645835,191621763.9805553,5.738428126243496e-07,15.728970092852473,0.2982229947577104,0.20917837999999994,19901.010529999992,6.990970887064584,8.552339681246114,8.552339681246112,6.9909708870645835,5.738428126243496e-07,0.0012653678476834517,1.0,0.2982229947577104,0.6882069109793316,0.2982229947577104,48784.75669242845,3.398173311681859,3.2000000000000006,0.26396411359999994,3.48959543980949,3.0429272235138747,9.804462525529262,268739268.7472668,0.002463307707603445,0.7130396866591318,0.0017564361559745847
Greece,24223.99229,24170.30184,24617.037330000006,10823732.0,0.7800699999999999,2,0.2,1.5,0.06,0.8,0.05,0.8,0.4666666666666667,0.2367917503163358,1.0,0.506090727036,1.1134832744243948,448.9871100173571,4859716150.28239,2.5463095688759164e-06,27.56057236254846,114.49763782426523,0.14366985999999998,121119.96145,448.9871100173571,499.9396374364728,499.9396374364728,448.9871100173571,2.5463095688759164e-06,0.027102536728434913,0.9999999999999998,114.49763782426524,330.93594241673935,114.49763782426523,511504.1435700058,3.362070548952006,3.9999999999999996,0.4885035384,1.01327721,0.8511528564000002,653.2360481663062,7070451918.091189,0.02696649009568795,0.6873275154941392,0.01853481063906651
Guatemala,7366.768479999997,7292.719104000002,7252.949965999999,16342897.0,0.51571,2,0.2,1.5,0.06,0.8,0.05,0.4666666666666667,0.5833333333333333,0.6475627728005022,1.0,0.05921508021470001,1.3771587037741808,48.570158760299876,793777101.8932285,4.000580866798017e-06,65.3810810462507,9.43118747429506,0.177810088,36833.84239999998,48.57015876029989,66.88881688044076,66.88881688044076,48.570158760299876,4.000580866798017e-06,0.036645770269665916,0.9999999999999998,9.431187474295058,34.64517847700226,9.431187474295058,56880.72870635441,3.3403078617191566,1.6000000000000003,0.06908316920000002,0.9837106449697208,0.9207531636916586,172.1151557219821,2812860262.103314,0.023363725382337816,0.2821957111014403,0.006593143098247591
Guinea,1823.338788,1753.063116,1135.48655,12608590.0,0.37161,2,0.2,1.5,0.06,0.8,0.05,0.6,0.3333333333333333,0.3510694892836516,1.0,0.07730358340462812,1.1868385751588602,7.983854842324047,100665152.32637855,2.1418833808963684e-06,27.00612937753614,0.5371778154931789,0.03659406579999999,9116.693940000001,7.983854842324047,9.475546905339039,9.47554690533904,7.983854842324047,2.1418833808963684e-06,0.0026178640307085495,0.9999999999999998,0.5371778154931787,2.6858890774658937,0.5371778154931789,25968.345920924043,3.395920605764808,2.4000000000000004,0.0695644249892488,3.4400000000000004,3.109759999999999,11.346717791485942,143066112.47855172,0.006223044157324174,0.7036268098881218,0.004378700708210923
Haiti,1653.9618480000001,1651.228445,1658.4132029999996,10711067.0,0.58645,2,0.2,1.5,0.06,0.8,0.05,0.5333333333333333,0.25,0.1333669537730951,1.0,0.0268473990406,1.0470945173279655,79.93915444385915,856233639.1715231,6.886814426977094e-05,737.6513074391828,3.143366561176948,0.11078163,8269.809240000004,79.93915444385914,83.70385033799839,83.70385033799839,79.93915444385915,6.886814426977094e-05,0.05870755143488285,1.0,3.143366561176948,26.675853571195127,3.143366561176948,62007.933794978235,3.318719593043049,2.4000000000000004,0.0246083234,0.8974656833674846,0.8113353345050337,315.19611066106165,3376086659.4300456,0.19057036354387638,0.25361719811898237,0.048331921646513794
Honduras,4392.265946999999,4311.176397,4785.0863009999985,8075060.0,0.5473,2,0.2,1.5,0.06,0.8,0.05,0.33333333333333337,0.5666666666666667,0.3635926941047578,1.0,0.158033158112,1.1948772663695277,121.02768896752396,977305850.074094,1.1030818488628818e-05,89.07452114478701,4.291771449801222,0.17042607599999998,21961.329734999996,121.027688967524,144.61323414853652,144.61323414853655,121.02768896752396,1.1030818488628818e-05,0.02547204040185032,1.0,4.291771449801222,22.72114296953588,4.291771449801222,60400.91038977953,3.3555495057138085,1.6000000000000003,0.17661632240000003,2.265503315887336,2.120511103670546,218.4817927477365,1764253585.3455372,0.04974238704670506,0.5539486263153515,0.027554726974168803
Hungary,25664.136000000002,25034.45073,24474.48885,9844686.0,0.71227,2,0.2,1.5,0.06,0.8,0.05,0.8666666666666666,0.6666666666666667,0.22126941170098394,1.0,0.5782193994400001,1.1035194282062177,231.0774998881234,2274885428.06361,9.678038474861388e-07,9.527724988092928,13.620139913261239,0.21281976,128320.68,231.07749988812336,254.99851054786424,254.99851054786424,231.0774998881234,9.678038474861388e-07,0.005777260860863133,0.9999999999999997,13.62013991326124,23.573319080644456,13.62013991326124,579929.5935825431,3.3923804712501138,3.9999999999999996,0.6243133759999999,2.4404199999999996,2.0499528,270.80466274658636,2665986872.0760403,0.010551871403213665,0.8532995611835575,0.00900390723802755
India,6092.648097,5754.064597,5730.137505,1311050527.0,0.32747,2,0.2,1.5,0.06,0.8,0.05,0.8666666666666666,0.775,0.4525301642355351,1.0,0.1368029545491883,1.2519665553855766,16.637163550666152,21812162040.88605,6.938510371727967e-07,909.6737679448918,4.377952424774937,0.165629104,30463.240485000006,16.637163550666155,20.829172341913974,20.829172341913974,16.637163550666152,6.938510371727967e-07,0.00274266637664782,1.0,4.377952424774937,6.518043312320006,4.377952424774937,67317.5909421683,3.396078767682761,3.2000000000000006,0.1460716606411645,2.789261795,2.43223628524,22.451697603549643,29435309975.1784,0.0036850474943078996,0.7410202936296361,0.0027306949762711946
Indonesia,10764.547999999999,10367.6953,10385.32332,257563815.0,0.53742,2,0.2,1.5,0.06,0.8,0.05,0.6666666666666667,0.6083333333333334,0.30997681866727844,1.0,0.1592214591153353,1.16046103883126,35.191828564882115,9064141621.997011,5.990405874838507e-07,154.29117905218183,5.605561953067003,0.30853852000000004,53822.73999999999,35.19182856488211,40.83874593477471,40.8387459347747,35.191828564882115,5.990405874838507e-07,0.005535763422584927,1.0,5.605561953067003,13.82193358290494,5.605561953067003,173634.72607857184,3.3913345907430723,3.2000000000000006,0.1707632207360449,1.0904061999999999,0.9508342064000002,45.52162265370915,11724722795.679752,0.0042288466411882,0.7730793964132701,0.0032692342088940585
"Iran, Islamic Rep.",18497.677009999996,16500.90051,16507.02425,79109272.0,0.73375,2,0.2,1.5,0.06,0.8,0.05,0.6,0.4166666666666667,0.31799517747918205,1.0,0.1642311450901888,1.1656080528285553,127.17172844306484,10060462856.11255,1.1697186010560332e-06,92.53558697440118,17.187923241535287,0.23857387999999996,92488.38504999992,127.17172844306484,148.23239076536262,148.2323907653626,127.17172844306484,1.1697186010560332e-06,0.0074152942024746805,0.9999999999999998,17.187923241535287,68.75169296614114,17.187923241535287,290848.3889069507,3.388028039020602,1.6000000000000003,0.18194494408357892,1.791935434825248,1.6772515669964325,200.26398995796575,15842738453.38998,0.010826439982150266,0.6350204471096249,0.006875010758070581
Iraq,16086.91806,14928.8864,14017.77379,36423395.0,0.69471,2,0.2,1.5,0.06,0.8,0.05,0.2,0.25,0.5840924714508963,1.0,0.11759863028799998,1.3364168840174995,82.10449802565432,2990524562.8651285,9.247714022012163e-07,33.68331406707878,1.6644292033796475,0.035840168000000006,80434.5903,82.10449802565432,109.72583741526591,109.72583741526594,82.10449802565432,9.247714022012163e-07,0.005410520204392187,0.9999999999999998,1.6644292033796475,33.28858406759294,1.6644292033796475,137708.65784350722,3.390042053144215,2.4000000000000004,0.11947359720000002,3.0999999999999988,2.8023999999999996,128.38471462257365,4676207172.660276,0.007980690530263922,0.6395192626086816,0.005103805323022472
Ireland,63301.15414,61543.2053,51899.19989,4640703.0,0.63241,2,0.2,1.5,0.06,0.8,0.05,0.0,0.35,0.31125054927451323,1.0,0.5612631499136,1.1612786511903488,42.38360860057438,196689739.5835113,4.924489953962329e-08,0.22853095302822846,0.0,0.5254420200000002,316505.7707,42.38360860057438,49.219179828254674,49.219179828254674,42.38360860057438,4.924489953962329e-08,0.0007921560185872049,0.9999999999999998,0.0,6.455238638352082,0.0,1016884.2157475257,3.3984305459454287,0.0,0.5966023244,1.3652174500000003,1.3652174500000003,53.376488860780974,247704431.98569286,0.00084321509751198,0.7940501427720594,0.0006695550685669437
Israel,32688.4081,32024.35277,31670.69432,8380400.0,0.9214,2,0.2,1.5,0.06,0.8,0.05,0.0,0.4,0.3584782813615938,1.0,0.23826203277291547,1.1915943060288243,38.238072319439276,320450341.26582885,1.4163308991083588e-07,1.1869419466887687,0.0,0.5719240599999998,163442.0405,38.238072319439276,45.56426924936223,45.56426924936223,38.238072319439276,1.4163308991083588e-07,0.0007564767552057776,0.9999999999999998,0.0,5.676263071427305,0.0,455932.8946769233,3.3984737181219713,0.0,0.28341440195226897,2.9000000000000004,2.9000000000000004,56.951672405872536,477277795.4301742,0.0017422589754645327,0.6714126329237766,0.0011697746859517235
Italy,34699.867360000004,34317.571860000004,33587.122639999994,60802085.0,0.6896399999999999,2,0.2,1.5,0.06,0.8,0.05,0.8666666666666666,0.7166666666666667,0.2046119687179293,1.0,0.45754649168350014,1.092826954321705,196.79343919260185,11965451417.230911,5.362057953716698e-07,32.60243034768087,64.4934894513725,0.39287779999999994,173499.3368,196.79343919260185,215.0611747833448,215.06117478334477,196.79343919260185,5.362057953716698e-07,0.004517683387137343,0.9999999999999998,64.49348945137251,104.5558939041014,64.49348945137248,847943.2453884452,3.393537121302343,4.0,0.456810574,1.528,1.2835199999999998,235.82580275681178,14338700504.412905,0.006796158622457966,0.8344864594632129,0.005671302346805334
Jamaica,8179.620340000003,8095.261867,8528.896333,2725941.0,0.54788,2,0.2,1.5,0.06,0.8,0.05,0.6,0.4083333333333333,0.3810091134726805,1.0,0.1882031430992,1.2060569299855268,114.14284248734126,311146654.1927855,3.5672403282080886e-06,9.724086667515886,8.070697177473296,0.32461760000000006,40898.10170000002,114.14284248734124,137.66276619010432,137.66276619010435,114.14284248734126,3.5672403282080886e-06,0.015360298843119275,1.0,8.070697177473296,36.176017110817924,8.070697177473296,107341.53135403291,3.3787054176542863,3.2,0.20371065780000003,2.265503315887336,1.9755188914537567,179.56211258364763,489475724.738381,0.021952377386704913,0.6356733101709788,0.013954540399529255
Japan,38252.301139999996,37818.09076,35804.2312,126958472.0,0.93498,2,0.2,1.5,0.06,0.8,0.05,0.8,0.8166666666666667,0.210442533555454,1.0,0.27309551297088785,1.0965696153243938,243.9562939865369,30972318319.313503,5.54642172051383e-07,70.4165226704047,36.40364899926212,0.6147284599999998,191261.50569999998,243.9562939865369,267.51505945278143,267.51505945278143,243.9562939865369,5.54642172051383e-07,0.00698146833731231,0.9999999999999998,36.40364899926212,55.71987091723792,36.40364899926212,908853.8446511357,3.3897271834391165,3.2000000000000006,0.32231825966226985,1.119753,0.9764246160000002,282.4065889626423,35853909017.42913,0.007382734647232318,0.8638477412395229,0.006377558649182404
Jordan,8389.604574,8491.050310999999,10239.66428,7594547.0,0.8367899999999999,2,0.2,1.5,0.06,0.8,0.05,0.4666666666666667,0.425,0.17572272222131016,1.0,0.21102936001750003,1.074282840797043,16.875150769873084,128159125.65388732,4.1233206863693434e-07,3.1314752748704233,1.2854356609243074,0.04409607199999999,41948.022870000015,16.87515076987308,18.128684907937664,18.128684907937664,16.875150769873084,4.1233206863693434e-07,0.0006310220908442799,1.0,1.2854356609243074,6.534190186734044,1.2854356609243076,238717.12399930542,3.3989273409908387,2.4000000000000004,0.21595723900000002,2.9000000000000004,2.621600000000001,21.558931336462567,163730317.30453777,0.002569719603147361,0.7827452347478923,0.0020114357740018416
Kazakhstan,23446.565059999994,23522.29052,24352.8462,17544126.0,0.53247,2,0.2,1.5,0.06,0.8,0.05,0.6,0.775,0.3305707553557686,1.0,0.059610490337,1.1736803624960621,65.40609731686077,1147492812.4952672,4.2283314655382377e-07,7.41823800011675,32.7178570009365,0.097463992,117232.82529999997,65.40609731686075,76.76585200830584,76.76585200830584,65.40609731686077,4.2283314655382377e-07,0.006360509936218264,0.9999999999999998,32.7178570009365,70.61206934828914,32.717857000936505,354637.6181215154,3.389942501512446,3.2000000000000006,0.06057474019999998,0.9381249647231472,0.8180449692385843,103.26850332210928,1811755634.1145039,0.004404419285206347,0.6333595938042189,0.00278958120942176
Kenya,2925.600917000001,2835.643662,2901.012941,46050302.0,0.25622,2,0.2,1.5,0.06,0.8,0.05,0.8,0.5083333333333333,0.4629602731517201,1.0,0.11136031305,1.2586616806405382,6.312039791134581,290671338.6177644,1.0485030036665755e-06,48.28387996675291,0.6319333676566529,0.35982758000000004,14628.004585000008,6.312039791134581,7.944722611779403,7.944722611779402,6.312039791134581,1.0485030036665755e-06,0.0019879173015490436,0.9999999999999998,0.6319333676566529,1.5539345106311138,0.6319333676566529,31596.673480029145,3.397322346859376,1.6000000000000003,0.10442404899999999,3.0999999999999988,2.9016,11.289313816531314,519876310.6240396,0.003858801708370981,0.5591163372473227,0.002157519077348094
Kyrgyz Republic,3293.700997,3237.602937,3224.877613,5957000.0,0.35707,2,0.2,1.5,0.06,0.8,0.05,0.6,0.4833333333333333,0.5202256666410198,1.0,0.28049082371319994,1.2954205472321014,28.96825543396439,172563897.6201259,3.841337882851185e-06,22.882849768144517,9.467230625914747,0.052352737999999996,16468.504985,28.968255433964394,37.52607330662544,37.526073306625435,28.96825543396439,3.841337882851185e-06,0.02393373133160635,0.9999999999999998,9.467230625914747,33.231425119243056,9.467230625914747,31656.463802206144,3.3629366883551937,3.2000000000000006,0.2888084512,1.2990320004270242,1.1327559043723652,49.40625682287206,294313071.89384884,0.015000225238378571,0.586327669748781,0.008795047109725361
Lao PDR,6073.223695000001,5755.059504999998,5341.30792,6802023.0,0.38614,2,0.2,1.5,0.06,0.8,0.05,0.4,0.16666666666666666,0.2472988860728427,1.0,0.149586052385,1.120227843491314,212.5784542764361,1445963535.2927668,8.520741519832207e-06,57.958279794953626,5.699477613097489,0.21732375999999998,30366.118475000003,212.57845427643616,238.13630340680896,238.13630340680902,212.5784542764361,8.520741519832207e-06,0.03135711848217048,0.9999999999999998,5.699477613097489,86.90603684321229,5.699477613097489,122791.16561024686,3.3488381690479883,2.4000000000000004,0.13596989719999997,1.5999999999999992,1.4463999999999997,274.3940531543557,1866434660.61915,0.0451809561008366,0.7747196115684538,0.035002572760731494
Latvia,23728.513640000005,23034.53672,22628.43727,1978440.0,0.67382,2,0.2,1.5,0.06,0.8,0.05,0.0,0.35,0.2393699080806075,1.0,0.283884620774,1.1151382033707327,149.12101513098847,295026981.1757528,8.70444450108864e-07,1.7221221178733808,0.0,0.27573411999999997,118642.56820000002,149.12101513098847,166.29054089799033,166.29054089799033,149.12101513098847,8.70444450108864e-07,0.010850582741067647,0.9999999999999998,0.0,60.97994862785077,0.0,495645.29289139924,3.380024540974763,0.0,0.33506961200000007,0.9381249647231471,0.9381249647231471,216.46235787724993,428257787.31866634,0.009122457527737918,0.6889004471417198,0.0062844650698899995
Lesotho,2736.354895,2708.1485390000007,2517.010210000001,2135022.0,0.27312,2,0.2,1.5,0.06,0.8,0.05,0.4,0.16666666666666666,0.1992120956582078,1.0,0.09296403474328552,1.0893607559544352,25.673818336917005,54814166.97332123,4.1158431311319045e-06,8.7874156335155,0.21355060323717623,0.09669290799999997,13681.774475000002,25.673818336917,27.968050151740744,27.96805015174074,25.673818336917005,4.1158431311319045e-06,0.0030051733423963603,0.9999999999999998,0.21355060323717623,3.2032590485576433,0.21355060323717623,68679.43650607488,3.3946901350174534,1.6000000000000003,0.08792882277047558,3.266403415957444,3.0573535973361663,40.0854418470012,85583300.2230682,0.014649211591759262,0.6404773691882771,0.009382488500972386
Liberia,753.5573790000002,785.2468867,786.916697,4503438.0,0.4970100000000001,2,0.2,1.5,0.06,0.8,0.05,0.0,0.0,0.4725120712732518,1.0,0.14476292046,1.2647930149676923,2.322075676242601,10457323.839266624,2.4681880146860402e-06,11.11533169648167,0.0,0.16959178000000003,3767.786895000001,2.3220756762426005,2.9369450955380207,2.9369450955380207,2.322075676242601,2.4681880146860402e-06,0.0021571455823744846,0.9999999999999998,0.0,0.6838804906420319,0.0,7973.948442940636,3.3957077288356605,0.0,0.1310133168,3.393739601658168,3.393739601658168,3.473969792113177,15644807.572654583,0.004610093257560916,0.6684213781922692,0.0030814848888137555
Lithuania,27943.81512,26970.96093,26396.86808,2910199.0,0.66508,2,0.2,1.5,0.06,0.8,0.05,0.0,0.35,0.3129644244946807,1.0,0.38179145304900003,1.1623787939944752,75.64751345938696,220149318.02199453,3.203568816323414e-07,0.932302276569558,0.0,0.32180107999999996,139719.07559999998,75.64751345938696,87.93106546360305,87.93106546360305,75.64751345938696,3.203568816323414e-07,0.0032372524178686094,1.0,0.0,10.3207408876886,0.0,446437.5649903133,3.3937420943753445,0.0,0.44612350800000006,1.5235871999999997,1.5235871999999997,101.81786399047189,296310245.9672073,0.0036436636713073093,0.7429689692416455,0.0027071290421344213
Luxembourg,94920.95871999998,94088.59223,93552.60435,569676.0,0.9016,2,0.2,1.5,0.06,0.8,0.05,0.0,0.5,0.24723066038615735,1.0,0.45201338680319997,1.1201840491722292,34.784864749334105,19816102.61094165,2.1996475408945075e-08,0.012530864125066193,0.0,0.6311182399999998,474604.7936,34.784864749334105,38.96545064481741,38.96545064481741,34.784864749334105,2.1996475408945075e-08,0.000346883264758932,0.9999999999999998,0.0,9.992879394411453,0.0,1919684.2044538478,3.3993009695111036,0.0,0.45981184239999984,1.339348,1.339348,43.73656443937718,24915671.083566636,0.0004607682542313158,0.7953268665523343,0.00036646137184458176
"Macedonia, FYR",13054.890809999999,12759.8166,12724.67528,2078453.0,0.57104,2,0.2,1.5,0.06,0.8,0.05,0.6666666666666667,0.3333333333333333,0.2639321665831752,1.0,0.2835784572974015,1.1309048073957637,42.66740120388356,88682188.0344154,6.152366990006385e-07,1.2787405627479742,2.919278755256294,0.158569842,65274.45405,42.66740120388356,48.252769140555706,48.252769140555706,42.66740120388356,6.152366990006385e-07,0.004992606411152488,0.9999999999999998,2.919278755256294,13.136754398653322,2.919278755256294,247315.2662482672,3.392230230016941,2.4000000000000004,0.3316725915518883,1.1186880000000001,1.0112939520000002,62.440107456088555,129778828.66242963,0.004782890057438064,0.6833332443236056,0.003268307780192269
Madagascar,1396.669615,1377.1682130000004,1373.344023,24235390.0,0.35105,2,0.2,1.5,0.06,0.8,0.05,0.6,0.25,0.2940729838426214,1.0,0.09714162436999996,1.1502523087939285,49.14375559371307,1191018082.8783174,2.0277668953989752e-05,491.4372153908338,2.9675600268161424,0.039344661999999996,6983.348075000001,49.14375559371307,56.527718334472986,56.52771833447299,49.14375559371307,2.0277668953989752e-05,0.024344817003880477,1.0,2.9675600268161424,19.783733512107617,2.9675600268161424,23746.989552557017,3.361222446372733,1.6,0.09387020959999998,2.469788850858763,2.3117223644038014,72.01664124372023,1745351387.0316448,0.051563118772165906,0.6823944402988712,0.03518638557459637
Malawi,1083.8014210000001,1088.701805,1112.987302,17215232.0,0.16272,2,0.2,1.5,0.06,0.8,0.05,0.8,0.3333333333333333,0.25307656921941635,1.0,0.031744186934,1.1239365595421853,10.67004274144036,183687261.24381185,6.575418883584187e-06,113.19736157808279,0.9555706286942621,0.07857604799999998,5419.007105000001,10.670042741440362,11.992451128982545,11.992451128982546,10.67004274144036,6.575418883584187e-06,0.006331345907739773,1.0,0.955570628694262,3.5931048557138787,0.955570628694262,21412.520019985513,3.3908537925042643,3.2000000000000006,0.030201574399999997,2.469788850858763,2.153655877948841,15.963265115380601,274811312.4387838,0.014728957543395396,0.6684122993835251,0.009845016379103233
Malaysia,25668.884360000004,25001.61267,25308.0193,30331007.0,0.74705,2,0.2,1.5,0.06,0.8,0.05,0.8,0.7666666666666666,0.2505940745612133,1.0,0.10042580364080002,1.122343037095296,77.28323290679003,2344078278.278479,3.8182674659440937e-07,11.58118972374225,13.67529417514152,0.36505271999999994,128344.42179999998,77.28323290679003,86.73829833714986,86.73829833714986,77.28323290679003,3.8182674659440937e-07,0.004146057147226218,0.9999999999999998,13.675294175141522,22.29667528555683,13.675294175141522,512160.64076825965,3.394064069395964,3.9999999999999996,0.11211837559999997,1.2867681875253634,1.0808852775213051,106.84031026298048,3240574198.4686327,0.004162249857242353,0.7233527562449265,0.003010774906416308
Mali,1971.0844800000004,1919.228421,2285.307216,17599694.0,0.39916,2,0.2,1.5,0.06,0.8,0.05,0.6,0.3333333333333333,0.6438448659589122,1.0,0.054710804231730005,1.374772165705331,4.977911409043795,87609717.55827962,1.785765148995774e-06,31.428920178190022,1.5810027864740037,0.03568771579999999,9855.4224,4.977911409043793,6.843494048500413,6.843494048500412,4.977911409043795,1.785765148995774e-06,0.01387235561152452,0.9999999999999998,1.5810027864740037,7.948382048625169,1.5810027864740037,15307.13828916194,3.3779619884794045,2.4000000000000004,0.05089281917999999,1.0492645999999999,0.9485351983999999,10.632923601156302,187136201.70572895,0.00539445351482667,0.46816017830716483,0.0025254683193709658
Mauritania,3572.2805499999995,3601.61435,3693.542041,4067564.0,0.59859,2,0.2,1.5,0.06,0.8,0.05,0.6666666666666667,0.3333333333333333,0.2381059708580064,1.0,0.10097044750216043,1.1143268774212414,19.388788542322104,78865138.27836187,3.232922873859193e-06,13.150120696486196,4.211694537095653,0.12945436200000002,17861.402749999997,19.388788542322104,21.605448193346536,21.605448193346536,19.388788542322104,3.232922873859193e-06,0.011034948432810453,0.9999999999999998,4.211694537095653,22.249003074286257,4.211694537095653,75014.51007564853,3.3842895869540577,2.4000000000000004,0.09690444424109768,0.9864441499999999,0.8917455116000002,46.96630780158324,191038462.82663915,0.013147429812471825,0.4128233503947803,0.005427566024264837
Mauritius,19567.489659999996,18864.10566,18333.4202,1262605.0,0.39671,2,0.2,1.5,0.06,0.8,0.05,0.7333333333333333,0.7416666666666667,0.29481279169257346,1.0,0.3754691759356,1.1507271941723873,115.45663401219853,145776123.38697192,7.324184052263648e-07,0.9247551405308343,16.88542694937108,0.39581502,78269.95864000003,115.45663401219853,132.85908850544547,132.85908850544547,115.45663401219853,7.324184052263648e-07,0.006941896456713984,0.9999999999999999,16.885426949371077,31.045728813961126,16.88542694937108,265490.37506357196,2.709635883970684,2.4000000000000004,0.38187151760000004,1.2,1.0559999999999998,136.41518845561413,172238499.02000067,0.006971522194514049,0.8463620167175523,0.005900431584140086
Mexico,16832.463040000002,16671.91198,16501.9411,127017224.0,0.79246,2,0.2,1.5,0.06,0.8,0.05,0.5333333333333333,0.7666666666666666,0.3682630449767729,1.0,0.2953851745642,1.1978751817627447,23.749565392735352,3016603867.391714,2.3523017134002616e-07,29.87828336465449,2.6284925826026355,0.170548856,84162.31520000001,23.749565392735352,28.44901496160905,28.449014961609045,23.749565392735352,2.3523017134002616e-07,0.0016774112102293146,0.9999999999999998,2.628492582602635,6.428378598756446,2.6284925826026355,228538.58498158096,3.397180639181511,3.2,0.33169617039999993,1.9884844,1.7339583967999996,34.95158403144968,4439453178.077467,0.002076439077774424,0.6794989712444887,0.0014109382171995759
Moldova,4944.399692999999,4746.784911,4741.824603,3554150.0,0.44995,2,0.2,1.5,0.06,0.8,0.05,0.6,0.375,0.25670477375728673,1.0,0.37752489653920007,1.1262655173725267,43.507604125964455,154632551.2042966,2.2516254092083505e-06,8.002614448137859,4.4496675226010085,0.079483202,24721.998465000004,43.507604125964455,49.00111427056844,49.00111427056844,43.507604125964455,2.2516254092083505e-06,0.005744342323224491,0.9999999999999998,4.449667522601008,20.599459425874755,4.4496675226010085,96305.17618801487,3.3908567362861195,2.4000000000000004,0.3902512666,2.3612332645454366,2.1345548711490743,53.26549890420837,189313572.93039218,0.010772895035087604,0.8168064698728849,0.008799370363921035
Mongolia,11361.00642,11411.94211,11470.90486,2959134.0,0.7204,2,0.2,1.5,0.06,0.8,0.05,0.5333333333333333,0.5666666666666667,0.20767487925071607,1.0,0.27038702187700003,1.0947930478521308,43.426405800145716,128504553.90100841,7.60744206591993e-07,2.251144047029391,8.979460979421631,0.37234157999999995,56805.0321,43.426405800145716,47.54292716320498,47.54292716320498,43.426405800145716,7.60744206591993e-07,0.00621750626457075,0.9999999999999998,8.97946097942163,29.754487396794474,8.979460979421631,273528.66319195967,3.3902048694428912,2.4000000000000004,0.2950244096,0.9381249647231471,0.848064968109725,62.67997302107507,185478439.28574595,0.005517114479464846,0.6928274488175725,0.0038224083496421193
Montenegro,15737.021129999996,15289.7174,15010.48497,622388.0,0.64026,2,0.2,1.5,0.06,0.8,0.05,0.0,0.175,0.3648966623915853,1.0,0.34039142642879994,1.1957142884063026,36.41416963666433,22663742.21182424,4.084891403003095e-07,0.254238739053229,0.0,0.06189889400000002,78685.10564999998,36.41416963666433,43.540942935010484,43.540942935010484,36.41416963666433,4.084891403003095e-07,0.0018594900493212711,0.9999999999999998,0.0,16.16397573234536,0.0,215636.68227132162,3.396280232644476,0.0,0.3388315777999999,2.463929904599999,2.463929904599999,54.866434239229584,34148210.27328562,0.003486456158760308,0.663687555817654,0.0023139175664730356
Morocco,7285.908321,7296.934401,7360.856456999999,34377511.0,0.60195,2,0.2,1.5,0.06,0.8,0.05,0.8666666666666666,0.75,0.26925696721882303,1.0,0.15119878825208655,1.1343228164980503,21.02942768498972,722939381.5644386,7.512722981681551e-07,25.826871694271027,8.97308179928412,0.14832190600000003,36429.541605,21.029427684989724,23.85415964097961,23.85415964097961,21.02942768498972,7.512722981681551e-07,0.0035909250357324986,1.0,8.97308179928412,13.80474122966788,8.97308179928412,135296.56068432945,3.394947766424377,3.2000000000000006,0.16851891608577446,1.5426112499999998,1.34515701,31.790187372769704,1092867516.0994515,0.004363242847997635,0.6615068806735863,0.00288631516600025
Namibia,9852.035111000001,9964.222994,9800.779947,2458830.0,0.4666,2,0.2,1.5,0.06,0.8,0.05,0.7333333333333333,0.6083333333333334,0.2751726819797061,1.0,0.1705503166222368,1.138120135549559,59.46269577762612,146208660.2589004,1.338257846976551e-06,3.2905485418813516,3.3089560102830946,0.30774609999999997,49260.175554999994,59.46269577762612,67.67569137857402,67.67569137857402,59.46269577762612,1.338257846976551e-06,0.00328991330979779,0.9999999999999997,3.308956010283095,7.417336013087881,3.308956010283094,179015.50110498586,3.395288306963685,3.2000000000000006,0.19501674069552766,3.266403415957444,2.8483037787148904,89.04450825100447,218945308.22281733,0.009038184217551605,0.6677862222565012,0.006035574894697117
Nepal,2297.6525390000006,2314.274881,2313.392778,28513700.0,0.18615,2,0.2,1.5,0.06,0.8,0.05,0.6,0.3333333333333333,0.2701993002713125,1.0,0.366394129581,1.1349277035485124,23.346486288922573,665694706.0964518,4.449683844557757e-06,126.87695023856651,3.0950749154348642,0.19528356400000002,11488.262694999998,23.346486288922573,26.49657406981373,26.49657406981373,23.346486288922573,4.449683844557757e-06,0.006903481239782151,0.9999999999999998,3.0950749154348642,15.722223071547981,3.095074915434864,42517.73666128818,3.3893499013812325,1.6000000000000003,0.345728233,2.2950635000000004,2.148179435999999,33.34486090097313,950785360.2720776,0.014512577656970579,0.700152457023482,0.01016101690427204
Netherlands,47269.63295000001,46494.36426,46374.36827,16936520.0,0.90496,2,0.2,1.5,0.06,0.8,0.05,0.8,0.9166666666666669,0.25251989485705195,1.0,0.40602184990250006,1.1235792282226176,38.538152370548474,652702188.3868417,6.294391355860489e-08,1.0660508508635829,8.880022691917937,0.6307940400000001,236348.16475000005,38.538152370548474,43.30066749762649,43.30066749762649,38.538152370548474,6.294391355860489e-08,0.0009271868368764063,0.9999999999999998,8.880022691917937,13.42752262324478,8.880022691917937,935958.5900500772,3.3987734782546695,3.9999999999999996,0.41583824000000014,1.3390288,1.1247841920000001,44.01773069064809,745507176.1967751,0.0009312052568127267,0.8755142931240708,0.0008152835121718133
Nicaragua,5136.841574,4960.912412,4884.150761,6082032.0,0.5877899999999999,2,0.2,1.5,0.06,0.8,0.05,0.6,0.4833333333333333,0.29951711867347164,1.0,0.14418291925440005,1.1537469189547944,48.91548416541227,297505539.98953074,3.2491920247050084e-06,19.761689868400655,4.969936910888718,0.09783852600000005,25684.207869999995,48.91548416541227,56.436089145026436,56.436089145026436,48.91548416541227,3.2491920247050084e-06,0.008854589454190303,1.0,4.969936910888718,17.13771348582317,4.969936910888717,85752.05311720591,3.3858162250040214,2.4000000000000004,0.15605872920000002,1.984168669323803,1.793688477068718,81.39199594914294,495028723.90655774,0.015844754948470003,0.6009864188117058,0.00952248253343004
Niger,914.4670358,904.5797813,897.3953205,19899120.0,0.18732,2,0.2,1.5,0.06,0.8,0.05,0.6666666666666667,0.3333333333333333,0.23359231685535525,1.0,0.06380540225170002,1.1114295463244956,5.187297651368776,103222658.44030541,4.703337266751059e-06,93.59227267155133,1.8347676877199897,0.020549618000000002,4572.335179,5.187297651368776,5.765315875310919,5.765315875310919,5.187297651368776,4.703337266751059e-06,0.010592494771638414,0.9999999999999998,1.8347676877199899,9.148579202011518,1.8347676877199894,19573.996441977477,3.383005426257429,2.4000000000000004,0.06346459780000002,1.1159941999999994,1.0088587567999996,8.849742830377911,176102094.5508297,0.009677486977576968,0.5861523606723001,0.005672481837282183
Nigeria,5434.734795,5670.639443,5638.887379,182201962.0,0.47776,2,0.2,1.5,0.06,0.8,0.05,0.8,0.5916666666666667,0.8736444729486806,1.0,0.0426363688206,1.5222813781882414,6.260367729947093,1140651283.2378464,3.840706038943264e-07,69.97841757607108,0.662547906337503,0.2973971799999999,27173.673975,6.260367729947094,9.530041215909057,9.530041215909055,6.260367729947093,3.840706038943264e-07,0.0017565652360818356,0.9999999999999998,0.662547906337503,1.3997490978961329,0.662547906337503,31103.81261073489,3.3973825654848953,3.2000000000000006,0.039408908599999994,3.393739601658168,2.9593409326459215,10.47002347739142,1907658819.7667794,0.0019265012686587625,0.5979325398329333,0.001151917796560502
Norway,64139.54704999999,64008.28683,64450.53861,5195921.0,0.8047300000000001,2,0.2,1.5,0.06,0.8,0.05,0.8,1.0,0.3359516873480029,1.0,0.395546142686,1.1771344025224837,0.9883363368018151,5135317.527451624,1.1358825506069353e-09,0.005901955998232138,0.699018443417932,0.79710486,256558.18819999992,0.988336336801815,1.1634047033124646,1.1634047033124644,0.9883363368018151,1.1358825506069353e-09,3.464520254720705e-05,0.9999999999999998,0.6990184434179318,0.8737730542724149,0.699018443417932,763675.8434680478,2.719951500861731,2.4000000000000004,0.40962803839999995,0.7504999717785178,0.6604399751650956,1.2553522040859,6522710.879606213,1.9572202515045672e-05,0.787298045588317,1.54091567879542e-05
Pakistan,4854.632259000001,14982.40754,4744.8486170000015,188924874.0,0.38758,2,0.2,1.5,0.06,0.8,0.05,0.7333333333333333,0.5416666666666667,0.3767173581299691,1.0,0.13460937206950005,1.2033020364543083,28.58394066294195,5400217388.169785,1.6770692521705218e-06,316.84009715559006,6.072847519020289,0.038437394000000014,24273.161295000005,28.583940662941945,34.39511400960715,34.395114009607155,28.58394066294195,1.6770692521705218e-06,0.004567459384881578,1.0,6.072847519020289,15.288287460470656,6.072847519020288,64433.34975455435,3.393108903194446,2.4000000000000004,0.12750143500000008,2.7835762000000006,2.5163528848000003,38.596971965912964,7291928065.441639,0.007950544944853043,0.7405746929625968,0.005887972381419869
Panama,21334.939679999996,3866.513529,20885.33945,3929141.0,0.66592,2,0.2,1.5,0.06,0.8,0.05,0.6666666666666667,1.0,0.5402427160644628,1.0,0.14073540175780003,1.3082695648408,45.6423337951702,179335165.05028886,3.3725814814192434e-07,1.3251348174485085,4.085129630554754,0.2219576,106674.69839999998,45.64233379517021,59.712476172525854,59.712476172525875,45.6423337951702,3.3725814814192434e-07,0.0018285669465414134,0.9999999999999998,4.085129630554754,6.127694445832131,4.085129630554754,197456.98595827314,3.3972308454553484,2.4000000000000004,0.15252197020000002,3.405685096709339,3.0787393274252426,71.51015396890932,280973477.8755543,0.003351786086179801,0.6382636767222492,0.002139323310951597
Paraguay,8871.379540000002,11767.52174,8643.687633,6639123.0,0.5966600000000001,2,0.2,1.5,0.06,0.8,0.05,0.8,0.6666666666666667,0.3682732130696673,1.0,0.1653393905716001,1.1978817086989522,16.47269758331539,109364265.39743362,4.4962939725709617e-07,2.985144872805724,2.4330932453235676,0.12248523399999997,44356.8977,16.47269758331539,19.73234312798294,19.732343127982936,16.47269758331539,4.4962939725709617e-07,0.002149000645084016,0.9999999999999998,2.433093245323567,4.562049834981688,2.4330932453235676,120445.62603473656,3.396903251912042,3.200000000000001,0.18015980720000002,2.1879478999999997,1.9078905687999999,25.564332608785243,169724748.6026361,0.0028816637247362363,0.6443625122313777,0.0018568360770770706
Peru,12071.59238,6874.582566,11672.14235,31376670.0,0.78609,2,0.2,1.5,0.06,0.8,0.05,0.6,1.0,0.27019867536419195,1.0,0.2163777525257,1.1349273024183344,252.33077337398007,7917299407.000159,4.980381139698589e-06,156.2677754945465,96.68769065681118,0.145671992,60357.961899999995,252.33077337398007,286.3770839424633,286.3770839424633,252.33077337398007,4.980381139698589e-06,0.03477360981737252,0.9999999999999998,96.68769065681118,164.55307851501817,96.6876906568112,223383.63361199113,3.3460789681758567,2.4000000000000004,0.20988348980000007,1.156692,1.0456495679999998,449.44680182165337,14102143983.313417,0.03723177420787409,0.5614252284169292,0.020902857339023244
Philippines,7236.467071,25299.97435,6925.5213239999985,100699395.0,0.44373,2,0.2,1.5,0.06,0.8,0.05,0.7333333333333333,1.0,0.27365718828027585,1.0,0.24656394494240003,1.137147334572855,313.78533479276814,31597993373.5042,8.959242050766173e-06,902.190254170713,72.9170292009095,0.182782594,36182.335354999996,313.78533479276814,356.8201570876473,356.8201570876473,313.78533479276814,8.959242050766173e-06,0.056937216362693735,0.9999999999999998,72.91702920090951,101.76704852711714,72.9170292009095,132217.7414098933,3.3157729602037582,2.4000000000000004,0.23855222740000004,1.1922743481144848,1.0778069912519854,375.2682213667468,37789282854.357475,0.051857932563616135,0.8361628214879088,0.04336167520892297
Poland,26035.83790000001,26607.83312,24835.89804,37999494.0,0.60539,2,0.2,1.5,0.06,0.8,0.05,0.6,0.7916666666666667,0.4132026319993685,1.0,0.5235285793282002,1.2267220678729782,21.37630338390824,812288712.1790009,1.034767355427063e-07,3.932063591394654,7.8264584330189,0.245507388,130179.18950000005,21.376303383908237,26.22278309058806,26.22278309058806,21.37630338390824,1.034767355427063e-07,0.002718477724532934,1.0,7.8264584330189,16.476754595829263,7.826458433018901,315049.2746624106,3.3956432747425183,3.9999999999999996,0.5339679388,0.9381249647231473,0.788024970367444,29.579040789060453,1123988582.9896579,0.001136089451112324,0.7226841308462604,0.0008210338175407149
Portugal,27102.6637,40919.62815,26690.06482,10348648.0,0.63468,2,0.2,1.5,0.06,0.8,0.05,0.8,0.6666666666666667,0.19024226740462852,1.0,0.4919059257899999,1.0836029902248734,11.918862023599381,123344107.64279771,4.3899255694587074e-08,0.45429794464527723,1.4056171562331572,0.27893372000000005,135513.31850000002,11.918862023599383,12.915314528849976,12.915314528849978,11.918862023599381,4.3899255694587074e-08,0.000994683409874392,0.9999999999999998,1.4056171562331576,2.6355321679371704,1.4056171562331576,712319.7192124245,3.3985691662910145,3.2000000000000006,0.5049709739999999,0.505,0.4403600000000001,13.326907420828073,137915473.82673758,0.0004917194696559687,0.8943456757996144,0.00043976718139329533
Romania,21614.68624,24516.54995,19925.53855,19832389.0,0.54564,2,0.2,1.5,0.06,0.8,0.05,0.6,0.6916666666666667,0.2677480378213938,1.0,0.44066097750030003,1.133354229170932,87.07821556062191,1726969044.4241068,5.02938923997132e-07,9.97448038395256,19.55024103008443,0.15855516599999997,108073.43119999998,87.0782155606219,98.6904638742889,98.69046387428891,87.07821556062191,5.02938923997132e-07,0.003442014714194199,0.9999999999999998,19.55024103008443,47.10901453032392,19.55024103008443,403638.55540966603,3.3945029215976463,3.2000000000000006,0.4562559166,2.0033451999999996,1.7469170143999997,108.73910469052338,2156556223.7341843,0.005030797277514558,0.8007994530436003,0.004028659708206892
Russian Federation,24416.623880000003,1715.8870739999998,23895.341,144096812.0,0.7400800000000001,2,0.2,1.5,0.06,0.8,0.05,0.0,0.25,0.3491630039272151,1.0,0.27790248461906675,1.185614795200217,44.98825647078736,6482664334.878831,3.161658243132327e-07,45.5584873468889,0.0,0.16870056000000003,122083.11940000005,44.988256470787356,53.338742482027385,53.338742482027385,44.98825647078736,3.161658243132327e-07,0.004021522331718066,0.9999999999999998,0.0,24.134202155245987,0.0,349645.0598341424,3.3920026563144754,0.0,0.3208460114586862,1.1777387238923065,1.1777387238923065,82.06825870687956,11825774446.052588,0.0033611632431338233,0.5481809554589235,0.0018425256780745134
Rwanda,1773.7504840000004,5558.791879,1655.175355,11609666.0,0.28811,2,0.2,1.5,0.06,0.8,0.05,0.8,0.4833333333333333,0.7125778172498791,1.0,0.11412914495250003,1.418892099805167,6.2067075004369,72057801.03976727,1.7176397041942415e-06,19.941223274033945,0.4680113511815378,0.325945766,8868.75242,6.2067075004369,8.806648238171395,8.806648238171393,6.2067075004369,1.7176397041942415e-06,0.003771127234968648,0.9999999999999998,0.4680113511815377,1.2103741840901843,0.4680113511815378,12446.01249899701,3.394075003412651,3.2000000000000006,0.108922552,3.4299999999999997,2.9909599999999994,8.730586471977196,101359192.9237736,0.0049221051950265144,0.7109152999467722,0.00349919989109184
Senegal,2379.451264000001,13277.80012,2287.668448,15129273.0,0.43721,2,0.2,1.5,0.06,0.8,0.05,0.6666666666666667,0.5083333333333333,0.2262101120163632,1.0,0.22143172803590014,1.1066908819009496,3.9878375091732727,60333082.355922446,5.975363011646595e-07,9.040289827730351,0.36174675252869865,0.08662865900000001,11897.256320000006,3.9878375091732727,4.413303409904654,4.413303409904655,3.9878375091732727,5.975363011646595e-07,0.0006006995169040157,0.9999999999999998,0.36174675252869865,1.0674494336912415,0.36174675252869865,52593.83063803708,3.3990187079550367,2.4000000000000004,0.2055720613000001,3.4399999999999995,3.109759999999999,4.719012841976475,71395233.57676795,0.0019832357625360775,0.8450575666378219,0.001675948387557843
Serbia,13720.890889999999,25524.955,12863.07931,7098247.0,0.55553,2,0.2,1.5,0.06,0.8,0.05,0.6,1.0,0.2201204533701086,1.0,0.38148143787770006,1.1027819076299938,185.31604717099015,1315419075.8833394,2.0169708891071387e-06,14.316957562692082,45.58345235615004,0.10037339999999997,68604.45444999998,185.31604717099015,204.36318401367447,204.36318401367447,185.31604717099015,2.0169708891071387e-06,0.006976470528151398,0.9999999999999998,45.58345235615005,81.75786274216196,45.58345235615005,311667.78643077327,3.389228393683552,1.6000000000000003,0.39189931520000004,2.4653948863,2.3076096135767994,220.58351978144847,1565756307.5381074,0.016076472114665178,0.8401173730231483,0.013506123520452407
Sierra Leone,1368.8290980000004,80892.06483999999,1496.944168,6453184.0,0.39942,2,0.2,1.5,0.06,0.8,0.05,0.7333333333333333,0.3333333333333333,0.4068659912801502,1.0,0.0448222050699,1.2226545549014671,7.303907148399462,47133456.74753705,2.8946584426210744e-06,18.679763547387235,0.5881970183390881,0.13412029400000003,6844.145490000001,7.303907148399463,8.930155343567991,8.930155343567991,7.303907148399462,2.8946584426210744e-06,0.003813119053097172,0.9999999999999998,0.5881970183390881,2.4062605295689967,0.5881970183390881,16821.62096779286,3.394277815285143,3.2000000000000006,0.04257750180000001,3.393739601658168,2.959340932645922,9.974546130579725,64367581.497118995,0.00728691853873764,0.7322545861016491,0.005335879518539764
Slovak Republic,29212.3782,29037.741680000006,27394.19738,5424050.0,0.53598,2,0.2,1.5,0.06,0.8,0.05,0.7333333333333333,0.625,0.305901886041796,1.0,0.4426394312843999,1.1578453245992832,93.07067745816506,504820008.0669603,3.334177725414671e-07,1.8084746691535447,20.486234123520916,0.47587735999999997,146061.891,93.07067745816505,107.7614487522243,107.7614487522243,93.07067745816506,3.334177725414671e-07,0.0024122312202078233,1.0,20.486234123520912,44.87034835884876,20.486234123520916,477479.53727896686,3.3962630659076734,3.200000000000001,0.4452396203999999,2.4657329058,2.1501190938575996,113.24133907816379,614226685.2269143,0.0038764847662476104,0.821878990621295,0.0031860013868424126
Slovenia,29930.03704,20544.62565,28941.86586,2063768.0,0.4965,2,0.2,1.5,0.06,0.8,0.05,0.8666666666666666,0.6916666666666667,0.2213378830398852,1.0,0.40036483214800006,1.1035633802103628,159.9121655764862,330021610.1274538,5.30396677759498e-07,1.0946156908663636,38.18490229433618,0.35709152,149650.18519999998,159.9121655764862,176.47320998034638,176.47320998034635,159.9121655764862,5.30396677759498e-07,0.0033631291557053144,0.9999999999999997,38.18490229433618,68.54292083872586,38.18490229433618,676116.4566349128,3.3952979072572633,3.9999999999999996,0.42944019200000005,2.0721163523809945,1.740577736000035,186.8356887224266,385585515.6433049,0.006242414216618911,0.8558973217052793,0.0053428656089790855
South Africa,12236.83195,5331.426266,12389.95681,54956920.37,0.6480100000000001,2,0.2,1.5,0.06,0.8,0.05,0.7333333333333333,0.7166666666666667,0.41221819094326817,1.0,0.20886821760660004,1.2260901515402074,28.545500084302404,1568772775.0548353,4.893981432220162e-07,26.895814786278205,0.5252137643387916,0.36869794,61184.15974999999,28.545500084302404,34.99935652415334,34.99935652415334,28.545500084302404,4.893981432220162e-07,0.0016243382087942795,1.0,0.5252137643387916,0.9993496573042547,0.5252137643387916,148426.63689827433,3.397522815232543,2.4000000000000004,0.3068213836,3.266403415957444,2.9528286880255292,45.07727365682554,2477308138.85486,0.0036837372484162896,0.6332570221886098,0.0023327524804573627
Spain,33320.03511000001,11196.39687,32814.45207,46418269.0,0.79579,2,0.2,1.5,0.06,0.8,0.05,0.8,0.7166666666666667,0.18299929671374224,1.0,0.4894578403392001,1.0789537007128291,19.230184148792574,892631860.7381895,5.171213483406366e-08,2.400387785291837,2.2647853970222913,0.5245646000000002,166600.17554999999,19.230184148792578,20.748478352728934,20.748478352728934,19.230184148792574,5.171213483406366e-08,0.0012516811407719554,0.9999999999999998,2.2647853970222913,3.9502070878295776,2.2647853970222913,910386.9716538058,3.39818144473412,3.2000000000000006,0.5002379464000001,0.505,0.4403600000000001,21.40539992364172,993601611.7081808,0.0006424182883654144,0.8983800451003638,0.0005771357708750195
Sri Lanka,11639.30965,24169.85979,11047.66697,20966000.0,0.18356,2,0.2,1.5,0.06,0.8,0.05,0.6666666666666667,0.5083333333333333,0.33796080258900235,1.0,0.12636633885989995,1.178424060981301,20.833161175537466,436788057.2063184,3.0957665662922906e-07,6.490584182888418,2.1258687936386385,0.35907539999999993,58196.54824999998,20.83316117553747,24.55029839555484,24.55029839555484,20.833161175537466,3.0957665662922906e-07,0.00104576826621931,0.9999999999999998,2.125868793638639,6.273055456638605,2.125868793638639,172199.1065359536,3.3983182057454453,3.2000000000000006,0.12173225439999998,3.395562306575224,2.9609303313335964,26.448056823257136,554509959.3564091,0.0022723045969704173,0.7877010139065413,0.0017898966349380926
Sudan,4386.352577000001,14766.799180000002,3927.488294,40234882.0,0.33806,2,0.2,1.5,0.06,0.8,0.05,0.6666666666666667,0.3333333333333333,0.9487533644538988,1.0,0.06932073774189287,1.570494051749917,7.243934893678254,291458865.66282713,6.084626564227359e-07,24.481423182575316,0.5197657059946501,0.087520052,21931.762884999996,7.2439348936782535,11.376556661785369,11.376556661785367,7.243934893678254,6.084626564227359e-07,0.0028252378627752375,0.9999999999999998,0.5197657059946502,2.338945676975926,0.5197657059946501,23116.400643937537,3.395431712771156,2.4000000000000004,0.060035071049918745,3.0999999999999988,2.8023999999999996,12.027177812211619,483912080.06735265,0.0027419541865550353,0.6022971479080679,0.001651471186256684
Swaziland,7723.641059,45679.278,7930.358126,1286970.0,0.21308,2,0.2,1.5,0.06,0.8,0.05,0.6,0.4166666666666667,0.19038060692098574,1.0,0.13244191347600576,1.083691790868967,40.64073923308242,52303412.170800075,1.398207838448482e-06,1.7994515418480428,2.665906900351554,0.20623286199999996,38618.20529499999,40.64073923308242,44.04203548173777,44.04203548173777,40.64073923308242,1.398207838448482e-06,0.0035154573480316994,0.9999999999999998,2.6659069003515543,10.663627601406217,2.665906900351554,202847.3693805789,3.394411752571275,2.4000000000000004,0.1404440849682419,1.7379999999999993,1.5711519999999997,64.5743557424303,83105258.60983552,0.008360610656185895,0.6293634487843344,0.005261862756520212
Sweden,46568.177149999996,57264.1574,45296.45618,9798871.0,0.85815,2,0.2,1.5,0.06,0.8,0.05,0.7333333333333333,0.9166666666666669,0.357367643802592,1.0,0.43705097827500006,1.1908813836969352,3.975520537822898,38955612.9079772,7.016210120732943e-09,0.0687509378819565,0.9052983389774742,0.7809619200000001,232840.88575,3.9755205378228977,4.734373398998117,4.734373398998118,3.975520537822898,7.016210120732943e-09,0.0001394574588466941,0.9999999999999998,0.9052983389774742,1.3467248017846725,0.905298338977474,651544.3963321426,3.399788799917719,3.2000000000000006,0.4477549400000001,1.34347575,1.171510854,4.798511964356262,47019999.73068361,0.00010304272698714088,0.8284902835198472,8.536989809623456e-05
Tajikistan,2762.5854530000006,2490.957101,2616.191272,8481855.0,0.26782,2,0.2,1.5,0.06,0.8,0.05,0.6,0.3333333333333333,0.3854263244630784,1.0,0.23709951065277776,1.2088923539581773,33.48974406522591,284055153.14835674,5.366939264899316e-06,45.5216006386826,4.973445434401459,0.018271357400000004,13812.927265000002,33.48974406522591,40.48549553646785,40.48549553646785,33.48974406522591,5.366939264899316e-06,0.03377472884981065,0.9999999999999998,4.973445434401458,25.099236349523856,4.973445434401458,35838.048385102455,3.3489248742222384,2.4000000000000004,0.2611664106890783,0.9381249647231473,0.848064968109725,53.024187595473514,449743470.677605,0.01919368233040265,0.6315937232404635,0.012122609285753705
Tanzania,2583.5896730000004,15236.70646,2510.235057,53470420.0,0.31608,2,0.2,1.5,0.06,0.8,0.05,0.6666666666666667,0.3333333333333333,0.4132043671227497,1.0,0.0880662684776,1.226723181655055,7.100141053136095,379647524.1704293,1.1627773964510182e-06,62.174195754742456,0.6507897596631675,0.105878854,12917.948365,7.100141053136095,8.709907622902783,8.709907622902783,7.100141053136095,1.1627773964510182e-06,0.002712109229741611,0.9999999999999998,0.6507897596631675,2.928553918484254,0.6507897596631675,31262.85536368132,3.3956822545865677,3.200000000000001,0.09643316960000003,2.469788850858763,2.153655877948841,10.389730369270653,555543246.531657,0.004021432070986085,0.6833806846552956,0.002748169001965234
Thailand,15683.03242,1920.150472,15345.35559,67959359.0,0.50374,2,0.2,1.5,0.06,0.8,0.05,0.6666666666666667,0.7416666666666667,0.24033636299972685,1.0,0.317664023999,1.1157585743360576,91.26996987969208,6202648648.973182,1.1396935412220917e-06,77.45284251789342,46.702692781529755,0.4379695,78415.16209999999,91.26996987969208,101.83525147266016,101.83525147266016,91.26996987969208,1.1396935412220917e-06,0.01049151889595427,0.9999999999999998,46.70269278152976,95.67447906375895,46.702692781529755,326272.5670026434,3.3841203700343847,3.2000000000000006,0.3201223472000001,1.14685118,1.0000542289599998,152.30633256867577,10350640733.008028,0.009711535912815244,0.5992526268632853,0.005819663406631668
Togo,1382.1097470000002,5189.842453,1373.84087,7304578.0,0.39964,2,0.2,1.5,0.06,0.8,0.05,0.2,0.25,0.3708920312086315,1.0,0.10279672112581556,1.1995627376892748,4.392844988944545,32087878.86365456,1.9155896969107694e-06,13.992574357081073,0.04340255966328539,0.07841074000000003,6910.548735000001,4.392844988944545,5.26949316118293,5.269493161182931,4.392844988944545,1.9155896969107694e-06,0.0017911971542134628,1.0,0.0434025596632854,0.8680511932657078,0.0434025596632854,18632.23836996576,3.396685424799899,0.8000000000000002,0.10168291531010157,3.48959543980949,3.377928385735587,6.697135506340081,48919748.68263062,0.004845588797037895,0.6559289392884319,0.0031783619198689755
Tunisia,10752.016829999999,23388.4813,10726.14232,11107800.0,0.66842,2,0.2,1.5,0.06,0.8,0.05,0.5333333333333333,0.5333333333333333,0.2492656432691207,1.0,0.15787066799417432,1.121490312165514,25.758881416760627,286124503.0010936,6.636256733592332e-07,7.3714212545396895,7.1138186517882716,0.12184147199999999,53760.084149999995,25.758881416760623,28.88833596111732,28.888335961117324,25.758881416760627,6.636256733592332e-07,0.004850513084722707,0.9999999999999998,7.113818651788271,25.40739927805134,7.113818651788273,215673.86281132087,3.392208989407349,2.4000000000000004,0.17886903526838144,0.9644477000000001,0.8718607208000001,50.3403121989917,559170119.8439599,0.004681941350624886,0.5116949079484766,0.0023957255484281675
Turkey,23756.48429,14992.32314,18958.62498,78665830.0,0.73397,2,0.2,1.5,0.06,0.8,0.05,0.8666666666666666,0.6916666666666667,0.4121669094199699,1.0,0.220813510652,1.2260572337418882,69.0375782582245,5430898394.873184,4.468944102079226e-07,35.1553197013667,24.492538470007062,0.10740712399999999,118782.42144999997,69.03757825822451,84.64402222351784,84.64402222351785,69.0375782582245,4.468944102079226e-07,0.0049466998276154325,0.9999999999999998,24.492538470007062,40.85872960705535,24.492538470007062,288190.0966216791,3.392896488894799,3.200000000000001,0.23219133080000004,1.5841541499999998,1.381382418799999,111.31822451805077,8756940525.838814,0.004685803806622548,0.6201821719410351,0.0029060519820807416
Uganda,1687.0827359999996,7464.939834000002,1717.829206,39032383.0,0.16101,2,0.2,1.5,0.06,0.8,0.05,0.6666666666666667,0.5916666666666667,0.5735745521051661,1.0,0.1258224836304,1.3296653929250166,2.9616076856913462,115598605.48364826,1.2011460551453218e-06,46.88359286337132,0.5351916582040863,0.201026354,8435.413679999998,2.9616076856913454,3.9379472470845327,3.9379472470845327,2.9616076856913462,1.2011460551453218e-06,0.002798706506837893,0.9999999999999998,0.5351916582040864,1.3568239222075427,0.5351916582040864,14706.743262998443,3.3958496742685567,2.4000000000000004,0.1182971316,2.228082387934378,2.014186478692677,5.6633401485277695,221053661.7366128,0.0033568834697196323,0.522943635384719,0.0017554608452180539
Ukraine,7668.055776000002,65975.37555,7449.767984999998,45198200.0,0.69695,2,0.2,1.5,0.06,0.8,0.05,0.0,0.05,0.2458541924399426,1.0,0.41561085363250005,1.119300489337581,45.27193474953711,2046209961.1965284,1.2562702516124903e-06,56.78115408643166,0.0,0.09367788999999999,38340.27888000001,45.2719347495371,50.67289871841593,50.67289871841593,45.27193474953711,1.2562702516124903e-06,0.003360588287068351,0.9999999999999998,0.0,21.17219086391893,0.0,155947.22424497927,3.3933026986299133,0.0,0.43404102800000005,2.3612332645454366,2.3612332645454366,57.39526489514228,2594162661.78362,0.007484982709017565,0.788774733111629,0.005903965238650488
United Kingdom,39254.77216999999,53029.29336,38657.78827,65138232.0,0.8259200000000001,2,0.2,1.5,0.06,0.8,0.05,0.8,0.8916666666666666,0.3031281747480405,1.0,0.49532650701619996,1.156064869123504,21.956089319549584,1430180839.9095428,4.900361352611938e-08,3.1920087467027023,3.0140217161768144,0.5754504199999999,196273.8608499999,21.956089319549584,25.382663525669052,25.382663525669056,21.956089319549584,4.900361352611938e-08,0.0007098766960079181,0.9999999999999998,3.014021716176815,4.225264088098338,3.0140217161768144,647494.6151513048,3.3989522666804217,3.9999999999999996,0.5257576004,1.3465375999999998,1.131091584,25.933332034787195,1689251398.6150005,0.0006606415118772858,0.8466358773372236,0.0005593228060136157
United States,53445.37059,15268.6872,52549.00652,321418820.0,0.81617,2,0.2,1.5,0.06,0.8,0.05,0.7333333333333333,0.9166666666666669,0.3187368533465751,1.0,0.18056135893999997,1.1660841372942767,129.33755787081827,41571525232.52013,2.0874509668942697e-07,67.09460265870152,8.240383511475263,0.5922363800000001,267226.85295000003,129.3375578708183,150.81847458954175,150.81847458954175,129.33755787081827,2.0874509668942697e-07,0.0026522645446123575,0.9999999999999998,8.240383511475263,15.545319473387012,8.240383511475265,838393.3333853733,3.3965116772677706,3.2,0.257223638,1.5068294832172462,1.3139748968341605,175.5563659506856,56427119987.357544,0.003284781525746094,0.736729523708355,0.002419995528948923
Uruguay,20046.926830000004,5700.236028,19952.25325,3431555.0,0.95311,2,0.2,1.5,0.06,0.8,0.05,0.6666666666666667,0.6333333333333333,0.29188665397069,1.0,0.40777469514120007,1.148848895612065,11.405834104549612,39139747.05063774,7.881710693931709e-08,0.27046523740314815,1.0442311883430322,0.15115123999999996,100234.63415000004,11.40583410454961,13.103579914546248,13.103579914546247,11.405834104549612,7.881710693931709e-08,0.00046835000579974667,0.9999999999999998,1.0442311883430322,2.4731791302861286,1.0442311883430322,343402.5940770321,3.3992725414221834,2.4000000000000004,0.4434445586000001,2.3002296500000003,2.0794076036,15.221299032689922,52232724.802122265,0.0007592834134512536,0.7493338170450464,0.00056895673842042
Uzbekistan,6038.928299000002,2806.789686,5642.823578,31299500.0,0.36365,2,0.2,1.5,0.06,0.8,0.05,0.0,0.0,0.730183656731034,1.0,0.2461750132957628,1.4301933528881685,14.628729830020239,457871929.3147185,9.118729430452103e-07,28.54116718084356,0.0,0.021807919600000003,30194.641495,14.628729830020237,20.92191216409181,20.92191216409181,14.628729830020239,9.118729430452103e-07,0.012457658813355518,0.9999999999999997,0.0,9.373375404328458,0.0,41352.119041089856,3.375695101599736,0.0,0.276177589925303,0.9381249647231471,0.9381249647231471,29.11734718170481,911358408.1137698,0.004821608361623769,0.5024059966291109,0.002422404954276844
West Bank and Gaza,4389.226729999999,14765.35631,4714.924621,4422143.0,0.75252,2,0.2,1.5,0.06,0.8,0.05,0.4666666666666667,0.16666666666666666,0.2839136336093442,1.0,0.05408011607929998,1.1437309845328494,5.489708806077475,24276277.36883387,3.8413077503786247e-07,1.6986812179182578,0.1291244649408451,0.06368535199999999,21946.133649999992,5.489708806077476,6.278750057573644,6.278750057573645,5.489708806077475,3.8413077503786247e-07,0.0006357618984302667,1.0,0.1291244649408451,1.6601716920965799,0.1291244649408451,77298.62553975535,3.3989165827518244,1.6000000000000003,0.08089331760000001,2.9000000000000004,2.7144,7.600260149907992,33609437.22009458,0.0017315715540418195,0.7223053813682855,0.0012507234517086512
"Yemen, Rep.",2325.0699600000003,3627.202041,3663.307829,26832215.0,0.34606,2,0.2,1.5,0.06,0.8,0.05,0.33333333333333337,0.16666666666666666,0.2191314756601725,1.0,0.08208165672736004,1.1021470792024486,11.614204471284594,311634831.4274696,1.8909222541603152e-06,50.737632471914225,0.19618553629740382,0.011401377599999998,11625.349800000005,11.614204471284594,12.800561535286338,12.800561535286338,11.614204471284594,1.8909222541603152e-06,0.003738187628549327,0.9999999999999998,0.19618553629740382,3.5313396533532684,0.19618553629740385,53051.93954896971,3.3933643568543137,0.8000000000000002,0.08574313096000002,1.5,1.4519999999999995,14.424534637391128,387042214.6654258,0.0062039142415272214,0.8051701329191152,0.004995206454469265
Zambia,3646.9623220000003,1912.280264,3625.806426,16211767.0,0.40922,2,0.2,1.5,0.06,0.8,0.05,0.8666666666666666,0.5416666666666667,0.425750249346411,1.0,0.1130935565387,1.2347764295737864,7.042929221825327,114178327.54172352,9.298120038661231e-07,15.07389556048069,0.8212798371638761,0.207746102,18234.811610000004,7.042929221825327,8.696442998266361,8.696442998266361,7.042929221825327,9.298120038661231e-07,0.0022839508820018373,0.9999999999999998,0.8212798371638761,1.749471842479263,0.8212798371638761,42829.831897909884,3.3970553227898868,3.2000000000000006,0.11936995440000002,2.469788850858763,2.153655877948841,13.933488592463727,225886470.5581799,0.003820573771330486,0.5054677566991134,0.001931176853497892
