country,gdp_pc_pp,pop,urbanization_rate,gdp_pc_cd,T_rebuild_K,pi,income_elast,rho,shareable,max_increased_spending,prepare_scaleup,borrow_abi,avg_prod_k,protection,tau_tax,macro_multiplier,dK,dKtot,delta_W,delta_W_tot,average_aid_cost_pc,axfin,c,dc,dc_npv_post,dc_npv_pre,dk,dw,fa,gamma_SP,help_fee,help_received,k,n,shew,social,v,v_shew,dWpc_currency,dWtot_currency,risk,resilience,risk_to_assets
Albania,11424.6283187,2876101.0,0.58376,4146.89625046,3.0,0.2,1.5,0.06,0.8,0.05,0.0,0.175,0.185279986031,1.0,0.183943312586,1.1183474946,55.2173005267,158810533.262,8.62371691301e-07,2.48026808372,0.0,0.43043599,57123.1415934,55.2173005267,61.7521297025,61.7521297025,55.2173005267,8.62371691301e-07,0.0044676867198,5.0,0.0,0.0,308307.134608,3.39099980367,0.0,0.958954507668,1.053,1.053,71.649789274,206072030.581,0.00627152037471,0.770655449041,0.00483318135054
Algeria,13974.6662247,40606052.0,0.71304,3843.75232202,3.0,0.2,1.5,0.06,0.8,0.05,0.8,0.5,0.288910450329,1.0,0.145444582109,1.21624346508,29.5564225706,1200169631.84,5.06036948735e-07,20.5481626542,0.0,0.7609223,69873.3311234,29.5564225706,35.9478058025,35.9478058025,29.5564225706,5.06036948735e-07,0.00886564477349,5.0,0.0,0.0,241851.172375,3.38701467529,0.0,0.781313482301,0.4751962,0.4751962,56.8822616687,2309764075.2,0.00407038427639,0.519607021654,0.00211500025084
Angola,6024.72613816,28813463.0,0.44819,3110.80818263,3.0,0.2,1.5,0.06,0.8,0.05,0.0,0.175,0.432397390525,1.0,0.127358535734,1.3517904141,3.9011047414,112404337.126,2.4261445358e-07,6.99056258149,0.0,0.9285816,30123.6306908,3.9011047414,5.27347599382,5.27347599382,3.9011047414,2.4261445358e-07,0.00135713673424,5.0,0.0,0.0,69666.5413596,3.39782268509,0.0,0.650242163989,1.55,1.55,7.71964365364,222429666.787,0.00128132689796,0.505347774643,0.000647515696472
Antigua and Barbuda,20777.613083,100963.0,0.23393,14353.3788139,3.0,0.2,1.5,0.06,0.8,0.05,0.666666666667,0.416666666667,0.400510641609,1.0,0.139014907013,1.32166814984,1101.81943167,111242995.279,1.35735376619e-05,1.37042508296,0.0,0.612,83110.4523321,1101.81943167,1456.23964971,1456.23964971,1101.81943167,1.35735376619e-05,0.0557421055739,4.0,0.0,0.0,207511.221171,2.64974680723,0.0,0.655619839887,1.61837960206,1.61837960206,2766.05335549,279269044.931,0.13312661779,0.398336290035,0.0530291630354
Argentina,10405.0,43847430.0,0.91893,12449.2168521,3.0,0.2,1.5,0.06,0.8,0.05,0.733333333333,0.375,0.269549514885,1.0,0.154097673055,1.19795388607,23.9806100334,1051488119.8,5.67260234194e-07,24.8729034106,0.0,0.25375402,52024.9999999,23.9806100334,28.7276649797,28.7276649797,23.9806100334,5.67260234194e-07,0.00303831805133,5.0,0.0,0.0,193007.21065,3.39536372916,0.0,0.80813310877,1.144731475,1.144731475,40.9671741395,1796305300.38,0.00393725844686,0.585361586125,0.00230471984944
Armenia,8174.36673173,2924816.0,0.62558,3606.15205715,3.0,0.2,1.5,0.06,0.8,0.05,0.4,0.425,0.366695721222,1.0,0.353665438477,1.28972441138,29.4404660504,86107946.1516,8.17864614446e-07,2.39210351017,0.0,0.104657299,40871.8336587,29.4404660504,37.9700877477,37.9700877477,29.4404660504,8.17864614446e-07,0.0110167469849,5.0,0.0,0.0,111459.80521,3.38129832025,0.0,2.01281659769,0.625,0.625,41.1270072896,120288928.953,0.00503121631796,0.715842654026,0.00360155924203
Australia,44414.029479,24127159.0,0.89554,49927.8195095,3.0,0.2,1.5,0.06,0.8,0.05,0.8,0.916666666667,0.27360239086,1.0,0.22769110058,1.20178249216,56.7610324975,1369482456.07,1.13267775728e-07,2.73282963456,0.0,3.2968296,222070.147395,56.7610324975,68.2144150922,68.2144150922,56.7610324975,1.13267775728e-07,0.00113865080466,5.0,0.0,0.0,811652.802803,3.3983264356,0.0,1.41168296,1.4272,1.4272,72.1007367577,1739585939.77,0.00162337751389,0.787246220357,0.00127799781203
Austria,44143.7001647,8747358.0,0.66032,44176.515216,3.0,0.2,1.5,0.06,0.8,0.05,0.8,0.891666666667,0.232278518207,1.0,0.4838857587,1.1627453167,54.9608281245,480762039.581,1.08867372718e-07,0.952301883681,0.0,3.2262707,220718.500823,54.9608281245,63.9054455038,63.9054455038,54.9608281245,1.08867372718e-07,0.00190179793424,5.0,0.0,0.0,950232.085718,3.39724770935,0.0,2.47245085,0.764,0.764,68.7168968752,601091297.616,0.00155666372821,0.799815338349,0.00124504352647
Azerbaijan,15994.0097416,9762274.0,0.54895,3876.93643264,3.0,0.2,1.5,0.06,0.8,0.05,0.0,0.25,0.598221283185,1.0,0.4315486726,1.50843827831,20.6539001635,201629032.565,2.42008359141e-07,2.36255191223,0.0,0.2857465,79970.048708,20.6539001635,31.1551336032,31.1551336032,20.6539001635,2.42008359141e-07,0.00648120839168,5.0,0.0,0.0,133679.711765,3.38708457338,0.0,2.42991679424,0.625,0.625,33.3050803987,325133320.445,0.00208234713726,0.620142630381,0.00129135223107
Bangladesh,3319.35355607,162951560.0,0.35035,1358.77975225,3.0,0.2,1.5,0.06,0.8,0.05,0.733333333333,0.616666666667,0.289708907625,1.0,0.147886692351,1.21699773895,43.6473400854,7112402156.76,4.08260060293e-06,665.266137105,0.0,0.43689639,16596.7677804,43.6473400854,53.1187141951,53.1187141951,43.6473400854,4.08260060293e-06,0.0154348257708,5.0,0.0,0.0,57287.7372547,3.37725451234,0.0,0.690230321622,1.17830214513,1.17830214513,53.1237588422,8656599376.39,0.016004248401,0.821616185238,0.0131493495188
Belarus,16742.2554956,9507120.0,0.77046,4989.25461056,3.0,0.2,1.5,0.06,0.8,0.05,0.733333333333,0.516666666667,0.386444536754,1.0,0.435313789819,1.30838040675,36.8824466876,350645846.552,3.40576319092e-07,3.23789993476,0.0,0.86186926,83711.277478,36.8824466876,48.2562705992,48.2562705992,36.8824466876,3.40576319092e-07,0.00439646807559,5.0,0.0,0.0,216619.125169,3.39341559618,0.0,2.34227519986,0.94,0.94,50.1986379889,477244475.197,0.00299831990989,0.734730027848,0.00220295567089
Belgium,41945.6921229,11348159.0,0.97897,41096.1573022,3.0,0.2,1.5,0.06,0.8,0.05,0.0,0.425,0.216691517437,1.0,0.48314774691,1.14802083797,12.6555093416,143616732.235,2.63911202351e-08,0.299490628616,0.0,2.8961435,209728.460615,12.6555093416,14.5287884393,14.5287884393,12.6555093416,2.63911202351e-08,0.000424923131024,5.0,0.0,0.0,967866.500246,3.39914428672,0.0,2.55087786,0.77,0.77,15.4257026939,175053326.857,0.000367754158132,0.820417039841,0.000301711777804
Belize,7831.45448606,366954.0,0.43845,4810.56590199,3.0,0.2,1.5,0.06,0.8,0.05,0.0,0.075,0.961548126505,1.0,0.150881730148,1.85166007287,54.5282189819,20009348.0683,2.67520034188e-06,0.981675466255,0.0,1.272667,39157.2724303,54.5282189819,100.967725934,100.967725934,54.5282189819,2.67520034188e-06,0.0373110945579,5.0,0.0,0.0,40723.1539961,3.33504106118,0.0,0.999139735417,0.903115763478,0.903115763478,126.150790669,46291537.2392,0.0161082198579,0.432246351313,0.00696271925974
Benin,2009.96138386,10872298.0,0.44395,789.440410686,3.0,0.2,1.5,0.06,0.8,0.05,0.666666666667,0.25,0.330253321946,1.0,0.0827798384973,1.25529858817,2.6544811247,28860309.8231,9.3547614086e-07,10.1707753753,0.0,0.41186028,10049.8069193,2.6544811247,3.33216640816,3.33216640816,2.6544811247,9.3547614086e-07,0.00152537215379,5.0,0.0,0.0,30430.6005465,3.39792032986,0.0,0.386564288883,1.69686980083,1.69686980083,5.73573217801,62360589.4875,0.00285365292292,0.462797258017,0.00132066274806
Bhutan,8105.79696745,797765.0,0.39377,2804.00022299,3.0,0.2,1.5,0.06,0.8,0.05,0.6,0.416666666667,0.185575394278,1.0,0.0440194671464,1.11862655614,104.18400551,83114353.1559,2.71779035413e-06,2.16815802186,0.0,1.2077739,40528.9848373,104.18400551,116.542995289,116.542995289,104.18400551,2.71779035413e-06,0.0069210585576,5.0,0.0,0.0,218396.328861,3.38911082494,0.0,0.218691854431,1.69778115329,1.69778115329,134.948617708,107657284.006,0.0166484083243,0.772027215096,0.0128530243144
Bolivia,6707.95618416,10887882.0,0.68911,3104.95608914,3.0,0.2,1.5,0.06,0.8,0.05,0.533333333333,0.45,0.421834200421,1.0,0.170332203809,1.34181174852,17.4428189088,189915354.026,7.0430710366e-07,7.66841263641,0.0,1.3671704,33539.7809208,17.4428189088,23.4049793392,23.4049793392,17.4428189088,7.0430710366e-07,0.0045757696314,5.0,0.0,0.0,79509.3922857,3.39245373776,0.0,1.0631863771,1.12770842336,1.12770842336,26.3284267242,286660803.419,0.00392495508339,0.662508971445,0.00260031795527
Bosnia and Herzegovina,11179.3499097,3516816.0,0.3994,4708.71826066,3.0,0.2,1.5,0.06,0.8,0.05,0.0,0.125,0.323932232357,1.0,0.143200371171,1.2493272823,34.0328327154,119687210.619,5.37861677838e-07,1.89156055441,0.0,0.49884081,55896.7495485,34.0328327154,42.5181464052,42.5181464052,34.0328327154,5.37861677838e-07,0.00375847931083,5.0,0.0,0.0,172556.923841,3.39246593662,0.0,0.773800359916,1.234047187,1.234047187,43.2594633786,152135572.961,0.003869586669,0.786714167429,0.0030442586546
Botswana,15513.4419328,2250260.0,0.5771,6788.04274538,3.0,0.2,1.5,0.06,0.8,0.05,0.6,0.708333333333,0.281178076714,1.0,0.0831001334421,1.20893896997,24.293129201,54665856.9159,2.7019543886e-07,0.60800998825,0.0,1.5309666,77567.209664,24.293129201,29.3689105937,29.3689105937,24.293129201,2.7019543886e-07,0.00128399374478,5.0,0.0,0.0,275865.069462,3.39792845402,0.0,0.560991628245,1.63320170798,1.63320170798,35.5233419287,79936755.4085,0.00228984271077,0.683863845067,0.00156594064078
Brazil,14023.6916227,207652865.0,0.85933,8649.94849175,3.0,0.2,1.5,0.06,0.8,0.05,0.866666666667,0.558333333333,0.265575010188,1.0,0.213762613761,1.1941993145,13.5081347076,2805002872.84,1.6834108248e-07,34.9565080742,0.0,0.72792381,70118.4581136,13.5081347076,16.131405208,16.131405208,13.5081347076,1.6834108248e-07,0.000753112095286,5.0,0.0,0.0,264025.06043,3.39892672772,0.0,1.03578129715,1.65132576999,1.65132576999,19.0224773887,3950071929.17,0.00135645291557,0.710114378457,0.000963236719048
Bulgaria,17709.075186,7127822.0,0.74266,7350.7958009,3.0,0.2,1.5,0.06,0.8,0.05,0.666666666667,0.716666666667,0.323078471507,1.0,0.43909310688,1.24852076515,21.8885822141,156017917.855,1.82684766692e-07,1.30214449909,0.0,0.85743753,88545.37593,21.8885822141,27.3283494139,27.3283494139,21.8885822141,1.82684766692e-07,0.00164648529932,5.0,0.0,0.0,274067.707195,3.39737797707,0.0,2.366689173,1.1206612276,1.1206612276,29.2893929228,208769579.242,0.00165391995997,0.747321129934,0.00123600933331
Burkina Faso,1594.57677663,18646433.0,0.30688,649.730483656,3.0,0.2,1.5,0.06,0.8,0.05,0.8,0.416666666667,0.405665091881,1.0,0.0372065918619,1.32653737353,2.07216367256,38638461.0854,6.37147222239e-07,11.8805229906,0.0,0.49080616,7972.88388314,2.07216367256,2.74880255572,2.74880255572,2.07216367256,6.37147222239e-07,0.00145533759266,5.0,0.0,0.0,19653.8574374,3.39773280392,0.0,0.181018396331,1.69686980083,1.69686980083,2.76045925882,51472718.6188,0.00173115481128,0.750659031079,0.00129950699329
Burundi,721.176561507,10524117.0,0.12359,285.727442065,3.0,0.2,1.5,0.06,0.8,0.05,0.666666666667,0.25,0.462979312718,1.0,0.10226863015,1.3806800555,1.36104151293,14323760.1239,1.43914801004e-06,15.145762038,0.0,0.23330115,3605.88280754,1.36104151293,1.87916287161,1.87916287161,1.36104151293,1.43914801004e-06,0.00334461959471,5.0,0.0,0.0,7788.43181214,3.39484502247,0.0,0.516335948504,1.23489442543,1.23489442543,1.89644751597,19958435.5424,0.00262965772487,0.717679504163,0.0018872514521
Cameroon,3045.91916487,23439189.0,0.54938,1032.64872204,3.0,0.2,1.5,0.06,0.8,0.05,0.666666666667,0.566666666667,0.419737574603,1.0,0.018028650423,1.33983114156,4.51082146023,105729996.752,6.6176636965e-07,15.5112670121,0.0,0.49901461,15229.5958243,4.51082146023,6.04373906643,6.04373906643,4.51082146023,6.6176636965e-07,0.00354163646963,5.0,0.0,0.0,36283.6132523,3.39482933858,0.0,0.0807097064271,0.91718404804,0.91718404804,7.56928626952,177417931.466,0.00248505815808,0.595937489957,0.00148093932113
Canada,43087.7573653,36286425.0,0.82006,42157.927991,3.0,0.2,1.5,0.06,0.8,0.05,0.866666666667,0.833333333333,0.335483893856,1.0,0.24114664264,1.26023972123,23.4394432972,850533601.246,5.3735958736e-08,1.94988583648,0.0,3.3152264,215438.786827,23.4394432972,29.5393174867,29.5393174867,23.4394432972,5.3735958736e-08,0.00122976245077,5.0,0.0,0.0,642173.263075,3.39825665257,0.0,1.52252264,0.75333822806,0.75333822806,32.7034113162,1186689881.97,0.000758995438981,0.71672777713,0.000543993113833
Central African Republic,647.880444823,4594621.0,0.40332,382.213174318,3.0,0.2,1.5,0.06,0.8,0.05,0.0,0.0,0.314743833051,1.0,0.00945003463381,1.24064733212,1.75667170888,8071240.72374,2.77863585156e-06,12.7667786349,0.0,0.155265746,3239.40222411,1.75667170888,2.17941006903,2.17941006903,1.75667170888,2.77863585156e-06,0.00275438123247,5.0,0.0,0.0,10292.1864829,3.39459906097,0.0,0.0461005231262,1.61964111059,1.61964111059,3.11779130843,14325069.4193,0.00481229420234,0.563434667399,0.00271141338332
Chad,1845.91467919,14452543.0,0.22618,664.295651899,3.0,0.2,1.5,0.06,0.8,0.05,0.0,0.0,0.753200994464,1.0,0.0357168332084,1.65484203461,2.21153008845,31962233.6991,7.83378547101e-07,11.3218121372,0.0,0.26443054,9229.57339594,2.21153008845,3.65973295117,3.65973295117,2.21153008845,7.83378547101e-07,0.00264401301257,5.0,0.0,0.0,12253.7987387,3.39473086501,0.0,0.172884459244,1.69686980083,1.69686980083,4.22730395266,61095292.1499,0.0022900863189,0.523153790977,0.0011980673394
Chile,22706.720537,17909754.0,0.89697,13792.9260544,3.0,0.2,1.5,0.06,0.8,0.05,0.8,0.925,0.347394111819,1.0,0.166982123967,1.27149087555,111.396434263,1995082734.12,9.3193126323e-07,16.6906596694,0.0,0.8280141,113533.602685,111.396434263,141.639549734,141.639549734,111.396434263,9.3193126323e-07,0.0271039195418,5.0,0.0,0.0,326814.988575,3.36169230298,0.0,0.93073427567,0.3869242,0.3869242,216.957626767,3885657723.83,0.00955477592697,0.513447883453,0.00490587947657
China,14400.8860587,1378665000.0,0.56778,8123.18087255,3.0,0.2,1.5,0.06,0.8,0.05,0.8,0.841666666667,0.229216379139,1.0,0.19586191952,1.15985262412,25.8820655681,35682697926.4,3.05353341281e-07,420.979964258,0.0,2.2412108,72004.4302934,25.8820655681,30.0193816667,30.0193816667,25.8820655681,3.05353341281e-07,0.00147210807041,5.0,0.0,0.0,314133.006393,3.39798661903,0.0,1.11299741032,1.4199115775,1.4199115775,35.9057230812,49501963711.8,0.00249329957441,0.720833988206,0.00179725507601
Colombia,13124.3248436,48653419.0,0.76708,5805.60533452,3.0,0.2,1.5,0.06,0.8,0.05,0.733333333333,0.716666666667,0.27977925648,1.0,0.104940216041,1.20761755483,90.2594763794,4391432123.01,1.36482493091e-06,66.4033992253,0.0,0.72659449,65621.624218,90.2594763794,108.998928166,108.998928166,90.2594763794,1.36482493091e-06,0.0138590107569,5.0,0.0,0.0,234547.854061,3.37963826453,0.0,0.54466400711,0.70896,0.70896,139.632554527,6793601181.45,0.0106392181077,0.646407112476,0.00687726625598
Comoros,1411.15233854,795601.0,0.28412,775.080084705,3.0,0.2,1.5,0.06,0.8,0.05,0.266666666667,0.166666666667,0.197958724461,1.0,0.0416231060007,1.13032464255,1.8966266532,1508958.06191,6.31644078163e-07,0.502536660231,0.0,0.500418376,5644.60935416,1.8966266532,2.14380384383,2.14380384383,1.8966266532,6.31644078163e-07,0.00100847401681,4.0,0.0,0.0,28514.0721609,2.71814632437,0.0,0.165527210688,0.987915540342,0.987915540342,2.27827106546,1812594.73795,0.00161447563331,0.832485072542,0.00134402686471
"Congo, Dem. Rep.",742.307904932,78736153.0,0.43015,444.505316816,3.0,0.2,1.5,0.06,0.8,0.05,0.4,0.375,0.237056001858,1.0,0.0834408819573,1.16725843359,3.25289947105,256120790.446,3.10783668088e-06,244.699104405,0.0,0.28384167,3711.53952466,3.25289947105,3.7969743412,3.7969743412,3.25289947105,3.10783668088e-06,0.00354863319975,5.0,0.0,0.0,15656.8047026,3.3944072379,0.0,0.395744109312,1.55,1.55,4.27668360498,336729614.655,0.00576133377614,0.760612608157,0.00438214310993
"Congo, Rep.",5301.39727121,5125821.0,0.65798,1528.24483012,3.0,0.2,1.5,0.06,0.8,0.05,0.0,0.125,0.372753423902,1.0,0.153842015674,1.29544690512,15.103411255,77417382.5827,8.57126806042e-07,4.39347858207,0.0,0.58231138,26506.986356,15.103411255,19.5656673671,19.5656673671,15.103411255,8.57126806042e-07,0.0056917214795,5.0,0.0,0.0,71111.3155677,3.38930574372,0.0,0.787810745794,0.91718404804,0.91718404804,22.5114795994,115389814.871,0.00424632949536,0.670920415887,0.00284894915102
Costa Rica,15401.4925047,4857274.0,0.77675,11824.638102,3.0,0.2,1.5,0.06,0.8,0.05,0.933333333333,0.75,0.481896754917,1.0,0.196189451166,1.3985506824,30.754498649,149383026.671,3.63970986909e-07,1.76790681147,0.0,1.3456361,77007.4625234,30.754498649,43.0117250725,43.0117250725,30.754498649,3.63970986909e-07,0.00462196318273,5.0,0.0,0.0,159800.749305,3.39360403347,0.0,1.04321155668,0.99208433466,0.99208433466,47.3340918572,229914653.692,0.00307334447248,0.649732517141,0.00199685184015
Cote d'Ivoire,3448.14401279,23695919.0,0.54869,1526.19717484,3.0,0.2,1.5,0.06,0.8,0.05,0.4,0.45,0.575976439362,1.0,0.109442382129,1.48742437484,3.59827753318,85264492.9657,4.26830976675e-07,10.11415225,0.0,0.54207842,17240.7200639,3.59827753318,5.35216571028,5.35216571028,3.59827753318,4.26830976675e-07,0.00172546173919,5.0,0.0,0.0,29933.0300438,3.39698628672,0.0,0.553698551804,1.69686980083,1.69686980083,5.88040755443,139341661.097,0.00170538339832,0.611909548764,0.00104354038574
Croatia,21408.5515146,4170600.0,0.59284,12090.6665636,3.0,0.2,1.5,0.06,0.8,0.05,0.666666666667,0.558333333333,0.230522471532,1.0,0.319203080089,1.1610864426,66.5811843446,277683487.427,3.82386510198e-07,1.59478117943,0.0,1.4150729,107042.757573,66.5811843446,77.3065104747,77.3065104747,66.5811843446,3.82386510198e-07,0.00272760929662,5.0,0.0,0.0,464348.472673,3.3957341281,0.0,1.77290329,1.2323748982,1.2323748982,81.5009817719,339907994.578,0.00380693582732,0.816937206118,0.00311002751864
Cyprus,31195.5062212,1170125.0,0.6684,23324.2017354,3.0,0.2,1.5,0.06,0.8,0.05,0.0,0.175,0.201747782914,1.0,0.37022945668,1.13390402972,28.4411819622,33279738.0435,1.26065239312e-07,0.14751208815,0.0,1.2116548,155977.531106,28.4411819622,32.2495708369,32.2495708369,28.4411819622,1.26065239312e-07,0.0030148343471,5.0,0.0,0.0,773131.326913,3.39408891145,0.0,1.93502983,0.432450380952,0.432450380952,47.253213882,55292166.8936,0.00151474425665,0.601888837302,0.000911707659445
Czech Republic,31071.7483717,10561633.0,0.7298,18266.5496886,3.0,0.2,1.5,0.06,0.8,0.05,0.666666666667,0.9,0.239799831571,1.0,0.486997761933,1.16985043078,29.2527523428,308956834.485,9.73611171483e-08,1.02829238779,0.0,2.0008619,155358.741858,29.2527523428,34.2213449298,34.2213449298,29.2527523428,9.73611171483e-08,0.000962282232317,5.0,0.0,0.0,647868.436106,3.39850296432,0.0,2.406354512,1.177,1.177,36.2826223342,383203741.372,0.00116770456236,0.806246915488,0.000941458201607
Denmark,45686.4845315,5731118.0,0.87847,53417.6642756,3.0,0.2,1.5,0.06,0.8,0.05,0.733333333333,0.916666666667,0.230106064028,1.0,0.451262143978,1.16069307742,1.34490917706,7707833.193,2.51840749317e-09,0.0144332905154,0.0,3.3538486,228432.422658,1.34490917706,1.56102677156,1.56102677156,1.34490917706,2.51840749317e-09,5.45469306854e-05,5.0,0.0,0.0,992726.652479,3.39991714751,0.0,2.426238312,0.65,0.65,1.67284646723,9587280.49956,3.66157843918e-05,0.803964502067,2.94377908664e-05
Djibouti,3139.27353523,942333.0,0.7743,1862.16727373,3.0,0.2,1.5,0.06,0.8,0.05,0.6,0.25,0.260598620673,1.0,0.0997042200049,1.1894982984,3.69751626747,3484291.59687,4.11870907852e-07,0.388119548209,0.0,0.19268074,15696.3676762,3.69751626747,4.39818930846,4.39818930846,3.69751626747,4.11870907852e-07,0.00166256776913,5.0,0.0,0.0,60231.9675968,3.39739881262,0.0,0.647745423723,0.895120068464,0.895120068464,4.92918515885,4644933.83829,0.00157016746184,0.750127282362,0.00117782545101
Dominica,10174.0385414,73543.0,0.6982,7144.45467278,3.0,0.2,1.5,0.06,0.8,0.05,0.0,0.0,1.47170826203,1.0,0.145975100282,2.33358999477,113.352957685,8336316.567,4.5915235145e-06,0.337674413827,0.0,1.76,40696.1541656,113.352957685,264.519327931,264.519327931,113.352957685,4.5915235145e-06,0.051552163808,4.0,0.0,0.0,27652.3243197,2.63312594781,0.0,0.906929903566,1.28868019713,1.28868019713,320.595094403,23577525.0277,0.0315110949401,0.353570468368,0.0111413925968
Dominican Republic,14098.8758698,10648791.0,0.79841,6722.22353581,3.0,0.2,1.5,0.06,0.8,0.05,0.6,0.508333333333,0.377150399089,1.0,0.156371125704,1.29960056935,89.6174613018,954317615.353,1.16626778175e-06,12.4193418579,0.0,1.5195851,70494.379349,89.6174613018,116.466903732,116.466903732,89.6174613018,1.16626778175e-06,0.0153700466953,5.0,0.0,0.0,186913.177129,3.3770069872,0.0,0.841794668456,0.774498684608,0.774498684608,132.837712375,1414561036.0,0.00942186551623,0.674638697847,0.00635635508315
Ecuador,10462.4413269,16385068.0,0.63976,5968.98413849,3.0,0.2,1.5,0.06,0.8,0.05,0.8,0.458333333333,0.2574734718,1.0,0.204859374659,1.18654608272,101.14082919,1657199363.85,1.94098714666e-06,31.8032063852,0.0,0.79544135,52312.2066346,101.14082919,120.008254678,120.008254678,101.14082919,1.94098714666e-06,0.00719479032177,5.0,0.0,0.0,203175.132059,3.38946288687,0.0,1.09022288084,1.70284254836,1.70284254836,141.332724178,2315746296.29,0.0135085798584,0.71562215883,0.00966703908099
"Egypt, Arab Rep.",10319.2569275,95688681.0,0.43222,3514.49009689,3.0,0.2,1.5,0.06,0.8,0.05,0.666666666667,0.458333333333,0.492778341883,1.0,0.122676409209,1.40883012603,4.15823258702,397895791.543,8.29215127744e-08,7.93465018391,0.0,0.23856751,51596.2846375,4.15823258702,5.85824333966,5.85824333966,4.15823258702,8.29215127744e-08,0.000681482090519,5.0,0.0,0.0,104704.854601,3.39897408856,0.0,0.601105452802,1.45,1.45,5.91409128247,565911594.134,0.000573112126583,0.703105919137,0.00040295852853
El Salvador,7989.99725603,6344722.0,0.67189,4223.58457943,3.0,0.2,1.5,0.06,0.8,0.05,0.666666666667,0.508333333333,0.134243575308,1.0,0.216037682101,1.07013523394,106.595150568,676316596.904,2.46744843053e-06,15.655274341,0.0,0.8700515,39949.9862802,106.595150568,114.07122639,114.07122639,106.595150568,2.46744843053e-06,0.00684261866666,5.0,0.0,0.0,297593.28287,3.38934356053,0.0,1.0486889202,1.23,1.23,119.90720078,760777854.747,0.0150071642001,0.888980393796,0.0133410747404
Estonia,27735.1385141,1316481.0,0.67468,17574.6873553,3.0,0.2,1.5,0.06,0.8,0.05,0.0,0.4,0.280060391597,1.0,0.396474445,1.20788313306,32.3506828756,42589059.3428,1.49365578861e-07,0.196636946624,0.0,1.7029932,138675.69257,32.3506828756,39.0758441885,39.0758441885,32.3506828756,1.49365578861e-07,0.00393267260781,5.0,0.0,0.0,495163.531622,3.39225578808,0.0,2.0846845,0.469062482362,0.469062482362,46.9422725261,61798609.8774,0.00169251985175,0.689158856927,0.00116641504636
Ethiopia,1608.29347612,102403196.0,0.19922,706.757754078,3.0,0.2,1.5,0.06,0.8,0.05,0.733333333333,0.591666666667,0.378116165384,1.0,0.114872230631,1.30051289402,2.93427433906,300479070.26,8.53142538952e-07,87.3645226323,0.0,0.75083545,8041.4673806,2.93427433906,3.81606161253,3.81606161253,2.93427433906,8.53142538952e-07,0.00356569202517,5.0,0.0,0.0,21267.1874857,3.39432234685,0.0,0.588232207438,0.895120068464,0.895120068464,3.7440618394,383403898.376,0.0023279717881,0.78371417592,0.00182446449148
Fiji,8862.74044256,898760.0,0.54099,5153.35154432,3.0,0.2,1.5,0.06,0.8,0.05,1.0,0.675,0.336139019412,1.0,0.191434908248,1.26085859477,149.203192714,134097861.483,3.61514695315e-06,3.24914947561,0.0,2.4,35450.9617702,149.203192714,188.1241279,188.1241279,149.203192714,3.61514695315e-06,0.0400073824825,4.0,0.0,0.0,105465.178759,2.67178387898,0.0,0.798942536808,0.568,0.568,205.233511548,184455670.839,0.0231568906793,0.726992349292,0.0168348823573
France,38058.8730457,66896109.0,0.7975,36854.9682805,3.0,0.2,1.5,0.06,0.8,0.05,0.733333333333,0.95,0.223449179748,1.0,0.444033858401,1.15440455838,37.9933800127,2541609290.61,9.3769311593e-08,6.27280208918,0.0,2.8015826,190294.365228,37.9933800127,43.8597310751,43.8597310751,37.9933800127,9.3769311593e-08,0.00146965707023,5.0,0.0,0.0,851622.572268,3.39779701144,0.0,2.28075308,0.764,0.764,47.3961208473,3170616066.38,0.00124533694916,0.80161370453,0.000998279165207
Gabon,16785.9980144,1979786.0,0.87366,7179.34066115,3.0,0.2,1.5,0.06,0.8,0.05,0.533333333333,0.591666666667,0.329912373595,1.0,0.149618862052,1.25497650653,53.2183740395,105360991.866,5.63557286066e-07,1.11572282515,0.0,1.05737672,83929.9900719,53.2183740395,66.7878091353,66.7878091353,53.2183740395,5.63557286066e-07,0.00582232123676,5.0,0.0,0.0,254400.855468,3.3916372063,0.0,0.80700237359,1.00398102813,1.00398102813,83.3920283729,165098370.284,0.00496795175964,0.638170998809,0.00317040273649
Georgia,9267.29900371,3719300.0,0.53826,3853.64990353,3.0,0.2,1.5,0.06,0.8,0.05,0.666666666667,0.616666666667,0.363265148312,1.0,0.570502910751,1.2864836726,47.6261381985,177135895.802,1.1158373208e-06,4.15013374726,0.0,0.043902422,46336.4950186,47.6261381985,61.2702491816,61.2702491816,47.6261381985,1.1158373208e-06,0.0143404746951,5.0,0.0,0.0,127555.575408,3.3783318981,0.0,3.15883499158,0.6715959,0.6715959,67.7307708359,251911055.97,0.00730857726817,0.703168406482,0.00513916063131
Germany,44072.3921575,82667685.0,0.7551,41936.0585755,3.0,0.2,1.5,0.06,0.8,0.05,0.8,0.916666666667,0.273017446397,1.0,0.465117085747,1.20122991617,22.0788506106,1825207467.44,4.58401595948e-08,3.78949987373,0.0,2.98283,220361.960788,22.0788506106,26.5217758682,26.5217758682,22.0788506106,4.58401595948e-08,0.00113125690027,5.0,0.0,0.0,807135.088603,3.39834009011,0.0,2.475352752,0.631377625,0.631377625,28.8533508972,2385239723.17,0.000654680844055,0.765209236503,0.000500967828832
Ghana,3980.20210606,28206728.0,0.54682,1513.46103433,3.0,0.2,1.5,0.06,0.8,0.05,0.8,0.541666666667,0.407935016576,1.0,0.195803901997,1.32868168971,4.16381720315,117447659.291,3.79706308995e-07,10.7102725777,0.0,1.0458919,19901.0105303,4.16381720315,5.53238767712,5.53238767712,4.16381720315,3.79706308995e-07,0.00126192510227,5.0,0.0,0.0,48784.7566932,3.39817822701,0.0,1.31982056717,1.7447977199,1.7447977199,6.4875192219,182991690.087,0.00162994718585,0.641819632549,0.0010461321039
Greece,24263.8781263,10746740.0,0.78329,18103.9693224,3.0,0.2,1.5,0.06,0.8,0.05,0.8,0.466666666667,0.236791750316,1.0,0.505664739767,1.16700880467,222.128543613,2387157704.79,1.24967066456e-06,13.4298857177,0.0,0.7183493,121319.390632,222.128543613,259.225966165,259.225966165,222.128543613,1.24967066456e-06,0.0232721969694,5.0,0.0,0.0,512346.356956,3.36711424045,0.0,2.442517692,0.505194435,0.505194435,321.325511805,3453201730.73,0.0132429577058,0.691288227834,0.00915470076371
Guatemala,7366.76847955,16582469.0,0.5203,4146.74412863,3.0,0.2,1.5,0.06,0.8,0.05,0.466666666667,0.583333333333,0.647562772801,1.0,0.0595393265553,1.555049408,24.4222177634,404980668.972,2.3209322643e-06,38.4867873238,0.0,0.88905044,36833.8423977,24.4222177634,37.977755275,37.977755275,24.4222177634,2.3209322643e-06,0.0358828945617,5.0,0.0,0.0,56880.7287028,3.34148707555,0.0,0.345415847743,0.491404527991,0.491404527991,99.8476351019,1655720313.8,0.0135537902921,0.244594854334,0.00331518736216
Guinea,1215.0253768,12395924.0,0.37651,508.145078427,3.0,0.2,1.5,0.06,0.8,0.05,0.6,0.333333333333,0.351069489284,1.0,0.0772786986508,1.27496287238,3.01637453077,37390749.4389,1.59868770842e-06,19.8172113334,0.0,0.182970329,6075.126884,3.01637453077,3.84576553593,3.84576553593,3.01637453077,1.59868770842e-06,0.00261784113861,5.0,0.0,0.0,17304.627914,3.39592064085,0.0,0.347822124946,1.72,1.72,4.60697482936,57107709.8546,0.00379166963696,0.654740831564,0.00248256093112
Guinea-Bissau,1466.26769456,1815698.0,0.50094,620.214764744,3.0,0.2,1.5,0.06,0.8,0.05,0.2,0.166666666667,0.423188762937,1.0,0.0902700065654,1.34309135499,0.879290617169,1596526.21501,3.7973114345e-07,0.6894770777,0.0,0.001,7331.3384728,0.879290617169,1.18096762644,1.18096762644,0.879290617169,3.7973114345e-07,0.000754464446837,5.0,0.0,0.0,17324.0386203,3.39859108267,0.0,0.435393639491,1.701,1.701,1.45067482941,2633987.3864,0.000989365608196,0.60612523175,0.000599679458554
Guyana,7248.23018348,773303.0,0.28661,4456.55369735,3.0,0.2,1.5,0.06,0.8,0.05,0.0,0.0,0.380848192174,1.0,0.195105207402,1.30309374141,35.9960067457,27835820.0045,1.478875345e-06,1.14361874092,0.0,3.4,36241.1509174,35.9960067457,46.9061711062,46.9061711062,35.9960067457,1.478875345e-06,0.013968783972,5.0,0.0,0.0,95159.0467334,3.37639653977,0.0,1.07180554995,0.741,0.741,62.0945595066,48017909.1501,0.0085668581067,0.579696627719,0.0049661787546
Haiti,1653.96184811,10847334.0,0.59794,739.595436254,3.0,0.2,1.5,0.06,0.8,0.05,0.533333333333,0.25,0.133366953773,1.0,0.0263975960001,1.06930712112,42.27517482,458572941.181,2.10371584771e-05,228.197084412,0.0,0.55390815,8269.80924055,42.27517482,45.2051454815,45.2051454815,42.27517482,2.10371584771e-05,0.025803551575,5.0,0.0,0.0,62007.9337991,3.36109560104,0.0,0.123041617825,0.875040840697,0.875040840697,96.2824961926,1044408394.56,0.0582132509904,0.439074354029,0.0255599455745
Honduras,4392.26594677,9112867.0,0.55315,2361.15761951,3.0,0.2,1.5,0.06,0.8,0.05,0.333333333333,0.566666666667,0.363592694105,1.0,0.158582955394,1.28679309333,61.5650211349,561033849.455,4.42948098755e-06,40.3652711186,0.0,0.85213038,21961.3297338,61.5650211349,79.221443987,79.221443987,61.5650211349,4.42948098755e-06,0.0210797309526,5.0,0.0,0.0,60400.9103865,3.36298139118,0.0,0.883081609986,1.13275165794,1.13275165794,87.7324695443,799494326.539,0.01997430725,0.701735873328,0.0140166879422
Hungary,25381.2879152,9817958.0,0.71672,12664.8474351,3.0,0.2,1.5,0.06,0.8,0.05,0.866666666667,0.666666666667,0.221269411701,1.0,0.57746376048,1.15234540995,148.672036589,1459655811.01,6.68896929578e-07,6.56720196092,0.0,1.0640988,126906.439576,148.672036589,171.321538951,171.321538951,148.672036589,6.68896929578e-07,0.00509067149349,5.0,0.0,0.0,573538.107235,3.3932318037,0.0,3.12156688,1.22021,1.22021,184.022233524,1806722559.81,0.00725031110081,0.807902576454,0.00585754501844
India,6092.64809657,1324171354.0,0.33136,1709.3879212,3.0,0.2,1.5,0.06,0.8,0.05,0.866666666667,0.775,0.452530164236,1.0,0.136881502906,1.37080912094,9.82489937832,13009850312.7,4.1545651039e-07,550.135609891,0.0,0.82814552,30463.2404829,9.82489937832,13.4680616802,13.4680616802,9.82489937832,4.1545651039e-07,0.00247282185842,5.0,0.0,0.0,67317.5909374,3.3964632097,0.0,0.730358303207,1.39443348,1.39443348,13.4433811279,17801340190.5,0.00220649230266,0.730835441236,0.0016125827756
Indonesia,10764.5479973,261115456.0,0.54466,3570.29488812,3.0,0.2,1.5,0.06,0.8,0.05,0.666666666667,0.608333333333,0.309976818667,1.0,0.15882024994,1.23614410517,19.7022201969,5144554210.94,3.81020493059e-07,99.4903397904,0.0,1.5426926,53822.7399865,19.7022201969,24.3547833552,24.3547833552,19.7022201969,3.81020493059e-07,0.00556544155796,5.0,0.0,0.0,173634.726035,3.39128889293,0.0,0.853816103678,0.5437913,0.5437913,28.9540833639,7560358680.62,0.00268976304171,0.680464304442,0.00183028773729
"Iran, Islamic Rep.",16010.1114418,80277428.0,0.73879,4957.58127646,3.0,0.2,1.5,0.06,0.8,0.05,0.6,0.416666666667,0.317995177479,1.0,0.163546229435,1.2437187602,56.3935147039,4527126316.31,5.49653693148e-07,44.1247847766,0.0,1.1928694,80050.557209,56.3935147039,70.1376721909,70.1376721909,56.3935147039,5.49653693148e-07,0.00609815583231,5.0,0.0,0.0,251735.129582,3.3901382998,0.0,0.909724720415,0.893663336348,0.893663336348,75.7704367201,6082655778.32,0.0047326614181,0.744268043647,0.00352236865489
Iraq,16086.9180587,37202572.0,0.69592,4609.60069352,3.0,0.2,1.5,0.06,0.8,0.05,0.2,0.25,0.584092471451,1.0,0.117598630105,1.4950912983,43.9499619078,1635051622.27,4.67259318449e-07,17.3832484373,0.0,0.17920084,80434.5902936,43.9499619078,65.7092056088,65.7092056088,43.9499619078,4.67259318449e-07,0.00495476037972,5.0,0.0,0.0,137708.657833,3.39087027416,0.0,0.597367985478,1.55,1.55,64.8689547611,2413291960.07,0.0040324041264,0.67751919342,0.00273203119127
Ireland,62828.3391657,4773095.0,0.63535,61606.4829394,3.0,0.2,1.5,0.06,0.8,0.05,0.0,0.35,0.311250549275,1.0,0.561752771729,1.23734735264,21.0226767657,100343233.357,2.61521916265e-08,0.124826895092,0.0,2.6272101,314141.695828,21.0226767657,26.0123534415,26.0123534415,21.0226767657,2.61521916265e-08,0.000792096956005,5.0,0.0,0.0,1009288.80788,3.39843108233,0.0,2.983011622,0.682527875,0.682527875,28.0092747834,133690929.422,0.000445806385388,0.750561266877,0.000334605005399
Israel,32612.6885765,8547100.0,0.92205,37292.6122173,3.0,0.2,1.5,0.06,0.8,0.05,0.0,0.4,0.358478281362,1.0,0.238526081715,1.28196169165,19.3407667707,165307467.666,6.64730427653e-08,0.568151743819,0.0,2.8596203,163063.442882,19.3407667707,24.7941220872,24.7941220872,19.3407667707,6.64730427653e-08,0.000664972381226,5.0,0.0,0.0,454876.770394,3.39865655517,0.0,1.41707200976,1.45,1.45,26.6460142971,227746148.799,0.000817044391621,0.72584089144,0.00059304422956
Italy,34620.1293634,60600590.0,0.69116,30527.268203,3.0,0.2,1.5,0.06,0.8,0.05,0.866666666667,0.716666666667,0.204611968718,1.0,0.45754809499,1.13660972298,99.3326488027,6019617123.7,2.86303713371e-07,17.3501739495,0.0,1.964389,173100.646817,99.3326488027,112.902454439,112.902454439,99.3326488027,2.86303713371e-07,0.00383279603679,5.0,0.0,0.0,845994.727979,3.39450592985,0.0,2.28405287,0.764,0.764,125.488788015,7604694592.09,0.00362473480956,0.791565926917,0.00286921656936
Jamaica,8190.00090509,2881355.0,0.5503,4868.24826261,3.0,0.2,1.5,0.06,0.8,0.05,0.6,0.408333333333,0.381009113473,1.0,0.188224212856,1.30324575797,67.1923168679,193604918.169,1.84048068663e-06,5.30307822882,0.0,1.623088,40950.0045255,67.1923168679,87.5681019266,87.5681019266,67.1923168679,1.84048068663e-06,0.013012308809,5.0,0.0,0.0,107477.755984,3.38148324143,0.0,1.0185532883,1.13275165794,1.13275165794,92.8143792002,267431175.581,0.0113326457806,0.723942964947,0.0082041891871
Japan,38239.7712871,126994511.0,0.93928,38894.4677292,3.0,0.2,1.5,0.06,0.8,0.05,0.8,0.816666666667,0.210442533555,1.0,0.273212431609,1.14211764777,131.647283695,16718482417.4,3.34498583832e-07,42.4794840839,0.0,3.0736423,191198.856436,131.647283695,150.356685989,150.356685989,131.647283695,3.34498583832e-07,0.00698544973791,5.0,0.0,0.0,908556.142172,3.38972281061,0.0,1.61159129831,0.559554,0.559554,170.220078814,21617015671.3,0.00445138851735,0.773394564336,0.00344267968307
Jordan,8389.54333612,9455802.0,0.83905,4087.93751672,3.0,0.2,1.5,0.06,0.8,0.05,0.466666666667,0.425,0.175722722221,1.0,0.211033532479,1.1093190914,8.48423658795,80225261.2968,1.83167520155e-07,1.73199580342,0.0,0.22048036,41947.7166806,8.48423658795,9.41172562294,9.41172562294,8.48423658795,1.83167520155e-07,0.000571083625222,5.0,0.0,0.0,238715.381542,3.39902803853,0.0,1.07978619411,1.45,1.45,9.57698003734,90558026.9911,0.00114153770398,0.885898952996,0.00101128705676
Kazakhstan,23419.9055774,17797032.0,0.53229,7510.07720866,3.0,0.2,1.5,0.06,0.8,0.05,0.6,0.775,0.330570755356,1.0,0.0596152879132,1.25559845609,35.1245842729,625113350.292,2.21691271856e-07,3.94544665934,0.0,0.48731996,117099.527887,35.1245842729,44.1023737838,44.1023737838,35.1245842729,2.21691271856e-07,0.00574010090578,5.0,0.0,0.0,354234.383985,3.39090728646,0.0,0.302873702387,0.469062482362,0.469062482362,54.0703346506,962291476.027,0.00230873410108,0.649609152596,0.00149977480297
Kenya,2925.60091711,48461567.0,0.26055,1455.35976536,3.0,0.2,1.5,0.06,0.8,0.05,0.8,0.508333333333,0.462960273152,1.0,0.111351257914,1.38066206951,3.30204667647,160022356.249,4.72013959376e-07,22.8745361173,0.0,1.7991379,14628.0045856,3.30204667647,4.55901059795,4.55901059795,3.30204667647,4.72013959376e-07,0.00176461220479,5.0,0.0,0.0,31596.6734812,3.39762127921,0.0,0.522120244839,1.55,1.55,5.0822112045,246291918.795,0.00173715122072,0.649726377673,0.00112867297011
Kiribati,1897.81234732,114395.0,0.44447,1449.05823117,3.0,0.2,1.5,0.06,0.8,0.05,0.0,0.0,0.283949579832,1.0,0.0879932419562,1.21155710923,0.0482130009282,5515.32624118,1.05132999397e-08,0.0012026689466,0.0,0.0,7591.24938928,0.0482130009282,0.0584128040321,0.0584128040321,0.0482130009282,1.05132999397e-08,2.73027885223e-05,4.0,0.0,0.0,26734.4977012,2.71994608169,0.0,0.353658710513,0.9912,0.9912,0.0591413699866,6765.47701961,3.11629176984e-05,0.815216166605,2.54045143063e-05
"Korea, Rep.",34985.8493334,51245707.0,0.82592,27538.8061282,3.0,0.2,1.5,0.06,0.8,0.05,0.866666666667,0.95,0.236793622197,1.0,0.237857560103,1.16701057297,124.832825031,6397146375.54,3.82606233254e-07,19.6069269257,0.0,2.9251341,174929.246667,124.832825031,145.681226665,145.681226665,124.832825031,3.82606233254e-07,0.00802731417996,5.0,0.0,0.0,738741.377592,3.38880240281,0.0,1.3513228603,0.568056,0.568056,170.351486852,8729782382.25,0.00486915396077,0.732795629424,0.00356809474144
Kyrgyz Republic,3291.96824336,6082700.0,0.3585,1077.03617433,3.0,0.2,1.5,0.06,0.8,0.05,0.6,0.483333333333,0.520225666641,1.0,0.280394665936,1.43475862604,15.6147877414,94980069.3948,1.87723316181e-06,11.4186461533,0.0,0.26176369,16459.8412168,15.6147877414,22.4034514058,22.4034514058,15.6147877414,1.87723316181e-06,0.0194445831937,5.0,0.0,0.0,31639.8099369,3.36958561983,0.0,1.44404225503,0.649108830172,0.649108830172,24.1255216963,146748310.822,0.00732860098056,0.647231091539,0.00474329841211
Lao PDR,5734.58657173,6758353.0,0.39654,2353.15287465,3.0,0.2,1.5,0.06,0.8,0.05,0.4,0.166666666667,0.247298886073,1.0,0.149212275347,1.17693451772,113.826163417,769277393.006,4.7448643166e-06,32.0674679887,0.0,1.0866188,28672.9328587,113.826163417,133.965940745,133.965940745,113.826163417,4.7448643166e-06,0.0298188630568,5.0,0.0,0.0,115944.448089,3.35110380017,0.0,0.679849485005,0.8,0.8,140.202533662,947538213.984,0.0244485861201,0.811869517929,0.0198490618274
Latvia,23712.0907802,1960424.0,0.67361,14118.0639068,3.0,0.2,1.5,0.06,0.8,0.05,0.0,0.35,0.239369908081,1.0,0.284858859261,1.16944429753,78.2196852978,153343748.33,4.24232951592e-07,0.831676459891,0.0,1.3786706,118560.453901,78.2196852978,91.4735649262,91.4735649262,78.2196852978,4.24232951592e-07,0.00935399551539,5.0,0.0,0.0,495302.249358,3.38247503105,0.0,1.67534806,0.469062482362,0.469062482362,105.411054494,206650361.096,0.00444545592674,0.742044424782,0.00329872578605
Lebanon,12974.1654544,6006668.0,0.87914,7914.00467748,3.0,0.2,1.5,0.06,0.8,0.05,0.533333333333,0.4,0.167657612417,1.0,0.117877983874,1.10170027239,21.4885630738,129074664.182,2.40815668409e-07,1.44649976933,0.0,1.05538103,64870.8272721,21.4885630738,23.6739557917,23.6739557917,21.4885630738,2.40815668409e-07,0.000962831141345,5.0,0.0,0.0,386924.436874,3.39841782521,0.0,0.59006354558,1.35,1.35,24.2138279641,145444425.589,0.00186631102009,0.887450059763,0.00165625782632
Lesotho,2808.23632967,2203821.0,0.2784,998.134371558,3.0,0.2,1.5,0.06,0.8,0.05,0.4,0.166666666667,0.199212095658,1.0,0.0929757718344,1.13150865722,13.8136691498,30442854.1594,1.78778249428e-06,3.93995260434,0.0,0.48346454,14041.1816484,13.8136691498,15.6302862309,15.6302862309,13.8136691498,1.78778249428e-06,0.00278762716487,5.0,0.0,0.0,70483.5798348,3.39507128887,0.0,0.439644113853,1.63320170798,1.63320170798,18.1025172001,39894707.5584,0.00644622285126,0.763080017941,0.00491898384899
Liberia,753.557379047,4613823.0,0.501,455.370741357,3.0,0.2,1.5,0.06,0.8,0.05,0.0,0.0,0.472512071273,1.0,0.143438884307,1.38968530947,1.15949802324,5349718.64807,1.22536672093e-06,5.65362516048,0.0,0.8479589,3767.78689523,1.15949802324,1.61133736926,1.61133736926,1.15949802324,1.22536672093e-06,0.00210553320831,5.0,0.0,0.0,7973.94844344,3.39580793553,0.0,0.655066582882,1.69686980083,1.69686980083,1.72469856247,7957453.89557,0.0022887421853,0.672290247393,0.00153869904997
Lithuania,27904.0962509,2872298.0,0.66512,14879.680299,3.0,0.2,1.5,0.06,0.8,0.05,0.0,0.35,0.312964424495,1.0,0.3793593294,1.23896638889,39.0909503554,112280858.524,1.70575777995e-07,0.489944465982,0.0,1.6090054,139520.481254,39.0909503554,48.4323736,48.4323736,39.0909503554,1.70575777995e-07,0.00292698819199,5.0,0.0,0.0,445803.006139,3.3943192721,0.0,2.23061754,0.7617904,0.7617904,54.0989443813,155388289.749,0.00193874561982,0.722582497726,0.00140090365242
Luxembourg,97018.6636397,582972.0,0.90432,102831.321483,3.0,0.2,1.5,0.06,0.8,0.05,0.0,0.5,0.247230660386,1.0,0.452519623488,1.17687006737,17.7774572582,10363759.8127,1.11586825971e-08,0.00650519951099,0.0,3.1555912,485093.318198,17.7774572582,20.921757321,20.921757321,17.7774572582,1.11586825971e-08,0.000346516696152,5.0,0.0,0.0,1962108.2492,3.39930176479,0.0,2.299059212,0.6695448,0.6695448,22.9471409982,13377540.682,0.000236522954836,0.7747133841,0.000183237498758
"Macedonia, FYR",13054.7769673,2081206.0,0.57204,5237.14767046,3.0,0.2,1.5,0.06,0.8,0.05,0.666666666667,0.333333333333,0.263932166583,1.0,0.284269748755,1.19264737927,22.2764472536,46361875.6828,3.11373953377e-07,0.648033340011,0.0,0.79284921,65273.8848364,22.2764472536,26.5679464363,26.5679464363,22.2764472536,3.11373953377e-07,0.00435017915487,5.0,0.0,0.0,247313.109582,3.39321515664,0.0,1.65836295776,0.559194,0.559194,31.601208347,65768624.4191,0.00242066244611,0.704923906989,0.00170638282901
Madagascar,1396.0917342,24894551.0,0.35741,401.318870069,3.0,0.2,1.5,0.06,0.8,0.05,0.6,0.25,0.294072983843,1.0,0.0973354859307,1.22112032471,26.7505139993,665942035.033,9.28777873535e-06,231.215081404,0.0,0.19672331,6980.45867101,26.7505139993,32.6655963411,32.6655963411,26.7505139993,9.28777873535e-06,0.0211469260441,5.0,0.0,0.0,23737.1640869,3.3661797007,0.0,0.469351047809,1.23489442543,1.23489442543,32.9652381078,820654801.301,0.0236125157826,0.811476438055,0.0191610002008
Malawi,1083.97019632,18091575.0,0.16454,300.794825113,3.0,0.2,1.5,0.06,0.8,0.05,0.8,0.333333333333,0.253076569219,1.0,0.0317494880412,1.18239248707,6.1787461016,111783248.503,3.09029309076e-06,55.9082692235,0.0,0.39288024,5419.85098159,6.1787461016,7.30570297007,7.30570297007,6.1787461016,3.09029309076e-06,0.00545977037097,5.0,0.0,0.0,21415.8544915,3.39207557241,0.0,0.15100787239,1.23489442543,1.23489442543,7.50410068343,135761000.322,0.00692279244292,0.823382622683,0.00570010699794
Malaysia,25660.4598532,31187265.0,0.7537,9502.56839625,3.0,0.2,1.5,0.06,0.8,0.05,0.8,0.766666666667,0.250594074561,1.0,0.100456095357,1.1800473637,48.1465575303,1501559448.53,2.6116130198e-07,8.1449067326,0.0,1.8252636,128302.299266,48.1465575303,56.815218285,56.815218285,48.1465575303,2.6116130198e-07,0.00384100466739,5.0,0.0,0.0,511992.550066,3.39449061138,0.0,0.560591878347,0.643384093764,0.643384093764,73.0537852349,2278347759.37,0.00284693983089,0.659056301812,0.00187629363642
Maldives,12235.5464664,417492.0,0.4654,8601.63248838,3.0,0.2,1.5,0.06,0.8,0.05,0.6,0.333333333333,0.326357971697,1.0,0.0724408634475,1.25161879096,0.108113975058,45136.7196748,1.48439892676e-09,0.00061972467673,0.0,2.2,48942.1858655,0.108113975058,0.135317482748,0.135317482748,0.108113975058,1.48439892676e-09,1.09010753752e-05,4.0,0.0,0.0,149964.732318,2.71998248944,0.0,0.297728371799,0.9912,0.9912,0.136696420681,57069.662063,1.11720731932e-05,0.790905676382,8.83605610546e-06
Mali,1962.69087403,17994837.0,0.40683,780.507110878,3.0,0.2,1.5,0.06,0.8,0.05,0.6,0.333333333333,0.643844865959,1.0,0.0547012832503,1.5515372352,2.8161729468,50676573.1414,1.16719563467e-06,21.003495193,0.0,0.178438579,9813.45437015,2.8161729468,4.36939718771,4.36939718771,2.8161729468,1.16719563467e-06,0.0138751064431,5.0,0.0,0.0,15241.9548388,3.37795799439,0.0,0.2544640965,0.523424275,0.523424275,6.9055152951,124263622.136,0.00351839170726,0.407815032832,0.00143485302961
Mauritania,3572.28055033,4301018.0,0.60446,1077.55613626,3.0,0.2,1.5,0.06,0.8,0.05,0.666666666667,0.333333333333,0.238105970858,1.0,0.100606238693,1.16825030152,11.0554872969,47549849.8629,1.81352835614e-06,7.80001810327,0.0,0.64727181,17861.4027516,11.0554872969,12.9155763681,12.9155763681,11.0554872969,1.81352835614e-06,0.0105676689294,5.0,0.0,0.0,75014.5100825,3.38489616791,0.0,0.484522221206,0.49229755,0.49229755,26.3460448346,113314813.062,0.00737513318548,0.419626071631,0.00309479816638
Mauritius,19548.6385168,1263473.0,0.39548,9627.59578522,3.0,0.2,1.5,0.06,0.8,0.05,0.733333333333,0.741666666667,0.294812791693,1.0,0.375458997085,1.22181919457,68.6461073932,86732503.2464,4.92883053882e-07,0.622744430737,0.0,1.58326008,78194.5540673,68.6461073932,83.8731316453,83.8731316453,68.6461073932,4.92883053882e-07,0.00694189645671,4.0,0.0,0.0,265234.604029,2.70963749657,0.0,1.52748606942,0.6,0.6,91.649378109,115796514.708,0.00468827422586,0.749007890829,0.00351155438953
Mexico,16831.1247258,127540423.0,0.79517,8201.30625288,3.0,0.2,1.5,0.06,0.8,0.05,0.533333333333,0.766666666667,0.368263044977,1.0,0.295960778467,1.29120500573,13.2036821073,1684003201.12,1.25530479018e-07,16.0102103934,0.0,0.85274428,84155.623629,13.2036821073,17.048660431,17.048660431,13.2036821073,1.25530479018e-07,0.00137510250102,5.0,0.0,0.0,228520.414353,3.39768779829,0.0,1.65848085307,0.9930769,0.9930769,18.6488213271,2378478560.51,0.00110799614589,0.708016977357,0.000784480082133
Moldova,4944.33566121,3552000.0,0.45089,1900.20147935,3.0,0.2,1.5,0.06,0.8,0.05,0.6,0.375,0.256704773757,1.0,0.378181136261,1.18581992134,24.6983413772,87728508.5719,1.3350104242e-06,4.74195702674,0.0,0.39741601,24721.678306,24.6983413772,29.2877852292,29.2877852292,24.6983413772,1.3350104242e-06,0.00563899815872,5.0,0.0,0.0,96303.9290007,3.3910154727,0.0,1.95125633153,1.18061663227,1.18061663227,31.5799692673,112172050.837,0.00638710059979,0.782088835116,0.00499528006786
Mongolia,11328.4757358,3027398.0,0.72823,3686.45169811,3.0,0.2,1.5,0.06,0.8,0.05,0.533333333333,0.566666666667,0.207674879251,1.0,0.271284740898,1.13950314434,24.6900960283,74746747.3358,4.13308072375e-07,1.25124803169,0.0,1.8617079,56642.3786791,24.6900960283,28.1344420584,28.1344420584,24.6900960283,4.13308072375e-07,0.00544076048239,5.0,0.0,0.0,272745.451368,3.3913744268,0.0,1.47512204978,0.469062482362,0.469062482362,33.9078983648,102652703.694,0.00299315628647,0.728151764601,0.00217947203172
Montenegro,15658.1132131,622781.0,0.64223,6701.00008024,3.0,0.2,1.5,0.06,0.8,0.05,0.0,0.175,0.364896662392,1.0,0.340224299345,1.28802490525,17.9527572188,11180636.0935,1.76380324305e-07,0.109846314751,0.0,0.30949447,78290.5660656,17.9527572188,23.1235984156,23.1235984156,17.9527572188,1.76380324305e-07,0.00164132529605,5.0,0.0,0.0,214555.445787,3.39671397936,0.0,1.69415788685,1.23194792165,1.23194792165,23.5152860514,14644873.3624,0.00150179563344,0.763450513829,0.00114654664802
Morocco,7265.84707894,35276786.0,0.60685,2832.42977714,3.0,0.2,1.5,0.06,0.8,0.05,0.866666666667,0.75,0.269256967219,1.0,0.151147316847,1.19767752681,11.4907108293,405355346.912,3.72941193899e-07,13.1561666878,0.0,0.74160953,36329.2353947,11.4907108293,13.7621661273,13.7621661273,11.4907108293,3.72941193899e-07,0.00282398097357,5.0,0.0,0.0,134924.03101,3.39601856536,0.0,0.84259458043,0.768304375,0.768304375,15.7160832963,554412907.202,0.00216300771618,0.731143416118,0.00158146885069
Myanmar,5351.5548029,52885223.0,0.3465,1275.01760815,3.0,0.2,1.5,0.06,0.8,0.05,0.466666666667,0.25,0.721910597968,1.0,0.0932172056469,1.62528312303,37.6212739429,1989609462.02,2.53332321529e-06,133.975363172,0.0,0.73970565,26757.7740145,37.6212739429,61.1452216062,61.1452216062,37.6212739429,2.53332321529e-06,0.0326883689256,5.0,0.0,0.0,37065.2184493,3.35137442233,0.0,0.428503634774,0.782,0.782,67.4813597232,3568766757.31,0.0126096736759,0.557506163143,0.00702997078952
Namibia,9812.40862857,2479713.0,0.47625,4140.46193249,3.0,0.2,1.5,0.06,0.8,0.05,0.733333333333,0.608333333333,0.27517268198,1.0,0.170594189469,1.20326588967,34.9193020296,86589847.1938,8.02767714575e-07,1.99063353781,0.0,1.5387305,49062.0431429,34.9193020296,42.0172050234,42.0172050234,34.9193020296,8.02767714575e-07,0.00305809670001,5.0,0.0,0.0,178295.471737,3.39561425049,0.0,0.975083703478,1.63320170798,1.63320170798,53.0926555581,131654548.192,0.00541076687363,0.657704943605,0.00355868812148
Nepal,2287.72326468,28982771.0,0.18995,729.532501133,3.0,0.2,1.5,0.06,0.8,0.05,0.6,0.333333333333,0.270199300271,1.0,0.305409409324,1.19856771494,11.8719149739,344080993.019,1.9915294724e-06,57.7200426383,0.0,0.97641782,11438.6163234,11.8719149739,14.2292940022,14.2292940022,11.8719149739,1.9915294724e-06,0.00607339663206,5.0,0.0,0.0,42333.9968383,3.39060250289,0.0,1.46231350923,1.14656275,1.14656275,14.8274516896,429740636.834,0.00648131350437,0.800671296888,0.00518940168908
Netherlands,47128.3107893,17018408.0,0.91032,45294.7799954,3.0,0.2,1.5,0.06,0.8,0.05,0.8,0.916666666667,0.252519894857,1.0,0.405960111599,1.18186661684,22.5248777612,383337559.891,4.17388615012e-08,0.710328974484,0.0,3.1539702,235641.553946,22.5248777612,26.6214010743,26.6214010743,22.5248777612,4.17388615012e-08,0.000927695088749,5.0,0.0,0.0,933160.3519,3.39877317719,0.0,2.0791912,0.6692598,0.6692598,29.0533417471,494441623.616,0.000616473225128,0.775293870058,0.000477947912497
Nicaragua,5136.84157371,6149928.0,0.59107,2151.38204656,3.0,0.2,1.5,0.06,0.8,0.05,0.6,0.483333333333,0.299517118673,1.0,0.144461258355,1.22626320298,25.5955166206,157410584.34,1.3670392892e-06,8.40719320175,0.0,0.48919263,25684.2078685,25.5955166206,31.3868401931,31.3868401931,25.5955166206,1.3670392892e-06,0.00722521532302,5.0,0.0,0.0,85752.0531125,3.38839625077,0.0,0.780293644972,0.99208433466,0.99208433466,34.2451754002,210605363.058,0.00666658196652,0.747419638577,0.00498273428396
Niger,906.992520616,20672987.0,0.1901,363.22697389,3.0,0.2,1.5,0.06,0.8,0.05,0.666666666667,0.333333333333,0.233592316855,1.0,0.0638401905509,1.16398641501,2.97715811525,61546751.0134,3.07712043339e-06,63.613270717,0.0,0.10274809,4534.96260308,2.97715811525,3.46537160148,3.46537160148,2.97715811525,3.07712043339e-06,0.0110814103723,5.0,0.0,0.0,19414.0058378,3.3822597782,0.0,0.317322987791,0.55755925,0.55755925,5.71903920187,118229623.073,0.006305497644,0.520569628946,0.00328245056886
Nigeria,5438.92271095,185989640.0,0.48597,2177.98516982,3.0,0.2,1.5,0.06,0.8,0.05,0.8,0.591666666667,0.873644472949,1.0,0.0426297506211,1.76862065457,3.711605597,690320188.808,2.63152083208e-07,48.943561221,0.0,1.4869859,27194.6135548,3.711605597,6.56442232048,6.56442232048,3.711605597,2.63152083208e-07,0.00170747968448,5.0,0.0,0.0,31127.7806897,3.39745507096,0.0,0.197044542793,1.69686980083,1.69686980083,7.1821806186,1335811187.67,0.00132051529325,0.516779762874,0.000682415580116
Norway,63810.7864262,5232929.0,0.80734,70812.4774226,3.0,0.2,1.5,0.06,0.8,0.05,0.8,1.0,0.335951687348,1.0,0.395282929682,1.26068162891,0.501929210008,2626559.919,6.55217521849e-10,0.00342870677139,0.0,3.18841944,255243.145705,0.501929210008,0.63277293407,0.63277293407,0.501929210008,6.55217521849e-10,3.10924426917e-05,4.0,0.0,0.0,759761.463679,2.71995616783,0.0,1.6385121536,0.375249985889,0.375249985889,0.718839802009,3761637.64629,1.12651769751e-05,0.698249051604,7.86589913899e-06
Pakistan,4866.16345609,193203476.0,0.39224,1468.19294648,3.0,0.2,1.5,0.06,0.8,0.05,0.733333333333,0.541666666667,0.37671735813,1.0,0.134875663226,1.29919149114,15.6129652344,3016479153.95,8.6747877244e-07,167.599914192,0.0,0.19218697,24330.8172804,15.6129652344,20.284231584,20.284231584,15.6129652344,8.6747877244e-07,0.00416032491642,5.0,0.0,0.0,64586.3981453,3.3937189929,0.0,0.637507173177,1.3903668,1.3903668,20.036295491,3871081935.02,0.00411747276305,0.779234127457,0.00320847529584
Panama,21334.9396784,4034119.0,0.66895,13680.2360069,3.0,0.2,1.5,0.06,0.8,0.05,0.666666666667,0.716666666667,0.540242716064,1.0,0.14082050298,1.45366801232,23.0556899655,93009396.9479,2.06324602501e-07,0.832337999118,0.0,1.109788,106674.698392,23.0556899655,33.5153190047,33.5153190047,23.0556899655,2.06324602501e-07,0.00177743748554,5.0,0.0,0.0,197456.985943,3.39730786765,0.0,0.762609849609,1.70284254836,1.70284254836,43.7478061649,176483856.058,0.0020505240148,0.527013626206,0.00108065409666
Papua New Guinea,2620.88240256,8084991.0,0.13039,2182.71656543,3.0,0.2,1.5,0.06,0.8,0.05,0.4,0.4,0.325181207197,1.0,0.0159186206319,1.25050714388,13.5718483252,109728271.563,1.87337288086e-06,15.1462028814,0.0,0.719,13104.4120128,13.5718483252,16.9716932864,16.9716932864,13.5718483252,1.87337288086e-06,0.00547717049255,5.0,0.0,0.0,40298.798709,3.39049583897,0.0,0.0818773769555,1.4272,1.4272,17.1028499775,138276388.143,0.00652560754379,0.793543084518,0.00517835073866
Paraguay,8877.60664527,6725308.0,0.59924,4080.20464394,3.0,0.2,1.5,0.06,0.8,0.05,0.8,0.666666666667,0.36827321307,1.0,0.165188738084,1.29121461117,9.80667801128,65952930.0827,3.40285378753e-07,2.28852398001,0.0,0.61242617,44388.0332263,9.80667801128,12.6625259352,12.6625259352,9.80667801128,3.40285378753e-07,0.00215083950103,5.0,0.0,0.0,120530.170675,3.39690190163,0.0,0.900799035132,1.0943803,1.0943803,19.3669797163,130248903.622,0.00218155416096,0.506360731251,0.00110465336021
Peru,12071.5923766,31773839.0,0.78924,6045.65007662,3.0,0.2,1.5,0.06,0.8,0.05,0.6,0.766666666667,0.270198675364,1.0,0.216306844925,1.19856712461,127.031624187,4036282374.83,2.17319872684e-06,69.0508664616,0.0,0.72835996,60357.961883,127.031624187,152.255928537,152.255928537,127.031624187,2.17319872684e-06,0.0261139218338,5.0,0.0,0.0,223383.633549,3.3589607107,0.0,1.04941744707,0.576456,0.576456,196.116961755,6231388767.98,0.0162461550752,0.647734000416,0.0105231870183
Philippines,7236.4670713,103320222.0,0.44289,2951.07192904,3.0,0.2,1.5,0.06,0.8,0.05,0.733333333333,0.633333333333,0.27365718828,1.0,0.246032833993,1.20183425731,90.7247858371,9373705013.59,3.02398528964e-06,312.438831451,0.0,0.91391297,36182.3353565,90.7247858371,109.036155606,109.036155606,90.7247858371,3.02398528964e-06,0.00692617244784,5.0,0.0,0.0,132217.741416,3.38992911812,0.0,1.19208451859,2.475,2.475,126.663123359,13086862024.7,0.0175034477614,0.716268345757,0.0125371655731
Poland,26003.0133946,37948016.0,0.60531,12372.4170564,3.0,0.2,1.5,0.06,0.8,0.05,0.6,0.791666666667,0.413202631999,1.0,0.523502415519,1.33365781644,12.7802577004,484985423.698,6.79536656565e-08,2.57870679159,0.0,1.22753694,130015.066973,12.7802577004,17.0444905782,17.0444905782,12.7802577004,6.79536656565e-08,0.00239946426071,5.0,0.0,0.0,314652.078434,3.39614371556,0.0,2.669839694,0.469062482362,0.469062482362,19.3877797484,735727776.099,0.000745597421893,0.659191401294,0.000491491409339
Portugal,27006.8742814,10324611.0,0.64017,19813.3082485,3.0,0.2,1.5,0.06,0.8,0.05,0.8,0.666666666667,0.190242267405,1.0,0.4919541363,1.12303518325,6.97255897419,71988959.083,2.8904688842e-08,0.29842966837,0.0,1.3946686,135034.371407,6.97255897419,7.83042904526,7.83042904526,6.97255897419,2.8904688842e-08,0.000994658623346,5.0,0.0,0.0,709802.155161,3.39856973894,0.0,2.52485487,0.2525,0.2525,8.72780059659,90111146.0454,0.000323169593996,0.798890728199,0.000258177192279
Romania,21647.8089324,19705301.0,0.54749,9474.13060441,3.0,0.2,1.5,0.06,0.8,0.05,0.6,0.691666666667,0.267748037821,1.0,0.440646915337,1.19625209551,49.6841906836,979041932.362,2.85539479527e-07,5.62664139146,0.0,0.79277583,108239.044662,49.6841906836,59.434817219,59.434817219,49.6841906836,2.85539479527e-07,0.00298636891841,5.0,0.0,0.0,404257.097616,3.39522296651,0.0,2.281279583,1.00022035,1.00022035,61.8842874685,1219448511.74,0.00285868596041,0.802856309994,0.00229511406161
Russian Federation,24026.0049164,144342396.0,0.74101,8748.36450405,3.0,0.2,1.5,0.06,0.8,0.05,0.0,0.25,0.349163003927,1.0,0.232627675412,1.27316188427,23.5252044018,3395684369.75,1.38301598806e-07,19.9627841422,0.0,0.8435028,120130.024582,23.5252044018,29.9513935641,29.9513935641,23.5252044018,1.38301598806e-07,0.00305823816226,5.0,0.0,0.0,344051.41218,3.39388422593,0.0,1.21270954061,0.588440690056,0.588440690056,35.0509301545,5059335240.53,0.00145887467669,0.671172043027,0.000979155897274
Rwanda,1773.75048395,11917508.0,0.29775,702.835601586,3.0,0.2,1.5,0.06,0.8,0.05,0.8,0.483333333333,0.71257781725,1.0,0.114104635571,1.61646678092,3.49247789482,41621633.2513,1.08487003972e-06,12.9289473773,0.0,1.62972883,8868.75241974,3.49247789482,5.64547450008,5.64547450008,3.49247789482,1.08487003972e-06,0.00370093036266,5.0,0.0,0.0,12446.0124986,3.3941827824,0.0,0.544612762174,1.715,1.715,5.51428315818,65716513.6518,0.00310882686605,0.633351207153,0.00196897924845
Senegal,2380.38691749,15411614.0,0.44065,958.073737853,3.0,0.2,1.5,0.06,0.8,0.05,0.666666666667,0.508333333333,0.226210112016,1.0,0.22138621958,1.15701271175,2.25203932422,34707560.7777,3.58953778685e-07,5.53205708093,0.0,0.433143295,11901.9345874,2.25203932422,2.60563812548,2.60563812548,2.25203932422,3.58953778685e-07,0.000600694262321,5.0,0.0,0.0,52614.5117093,3.39901871649,0.0,1.02786030612,1.72,1.72,2.83651056978,43715206.0083,0.00119161744208,0.793947094087,0.000946081205403
Serbia,13720.0872294,7057412.0,0.55668,5348.29406421,3.0,0.2,1.5,0.06,0.8,0.05,0.6,0.508333333333,0.22012045337,1.0,0.381687466378,1.15126003036,99.7672259746,704098417.8,1.08252846363e-06,7.63984936955,0.0,0.501867,68600.4361469,99.7672259746,114.858019604,114.858019604,99.7672259746,1.08252846363e-06,0.00620469463993,5.0,0.0,0.0,311649.531412,3.39037411154,0.0,1.95949657589,1.2326875014,1.2326875014,118.360640578,835319805.144,0.00862681399901,0.842908803866,0.00727161746908
Seychelles,26319.1586251,94677.0,0.54214,15075.7194366,3.0,0.2,1.5,0.06,0.8,0.05,0.666666666667,0.416666666667,0.218547698672,1.0,0.241137053147,1.14977430559,0.0,0.0,0.0,0.0,0.0,3.76,105276.6345,0.0,0.0,0.0,0.0,0.0,0.0,4.0,0.0,0.0,481710.103287,2.72,0.0,1.078417886,0.6,0.6,0.0,0.0,0.0,,
Sierra Leone,1365.86594307,7396190.0,0.40318,496.049463351,3.0,0.2,1.5,0.06,0.8,0.05,0.733333333333,0.333333333333,0.40686599128,1.0,0.0448240619061,1.32767181998,4.32889462605,32017327.1443,1.80262587297e-06,13.3325634554,0.0,0.67060147,6829.32971535,4.32889462605,5.74735140666,5.74735140666,4.32889462605,1.80262587297e-06,0.00372452246356,5.0,0.0,0.0,16785.2065833,3.39440708771,0.0,0.212887509663,1.69686980083,1.69686980083,6.19141350026,45792870.6165,0.00453295840026,0.699177114542,0.00316934077463
Slovak Republic,29156.0939117,5428704.0,0.53468,16495.9876837,3.0,0.2,1.5,0.06,0.8,0.05,0.733333333333,0.625,0.305901886042,1.0,0.442589164007,1.23229466296,55.1910471179,299615858.253,2.01308447184e-07,1.09284397246,0.0,2.3793868,145780.469559,55.1910471179,68.0116328063,68.0116328063,55.1910471179,2.01308447184e-07,0.00214638162864,5.0,0.0,0.0,476559.564392,3.39666712385,0.0,2.226198102,1.2328776914,1.2328776914,68.192000581,370194186.322,0.00233885927201,0.809347821558,0.00189295065673
Slovenia,29803.4496171,2064845.0,0.49627,21304.570162,3.0,0.2,1.5,0.06,0.8,0.05,0.866666666667,0.691666666667,0.22133788304,1.0,0.400282309841,1.15241009236,82.0968566711,169517284.013,3.05990288666e-07,0.631822517601,0.0,1.7854576,149017.248086,82.0968566711,94.6092461787,94.6092461787,82.0968566711,3.05990288666e-07,0.00335642163856,5.0,0.0,0.0,673256.859779,3.39530695711,0.0,2.14720096,1.03607148795,1.03607148795,107.116809173,221179607.838,0.00359410774758,0.766423657543,0.0027546092055
Solomon Islands,2072.71057765,599419.0,0.22779,2005.48364333,3.0,0.2,1.5,0.06,0.8,0.05,0.533333333333,0.375,0.296886000542,1.0,0.0924607747511,1.22377768036,39.9568701583,23950907.1534,7.86364789899e-06,4.71361995996,0.0,1.04,8290.84231061,39.9568701583,48.8983258768,48.8983258768,39.9568701583,7.86364789899e-06,0.0249712940676,4.0,0.0,0.0,27926.0129999,2.68387452408,0.0,0.364601119254,0.8785306,0.8785306,50.490036993,30264687.4843,0.0243594245803,0.791381281099,0.0192775926311
South Africa,12260.1653541,55908865.0,0.65295,5273.59387968,3.0,0.2,1.5,0.06,0.8,0.05,0.733333333333,0.716666666667,0.412218190943,1.0,0.209035849516,1.3327278504,15.4311649828,862738919.814,2.83748611352e-07,15.864062806,0.0,1.8434897,61300.8267705,15.4311649828,20.5655433367,20.5655433367,15.4311649828,2.83748611352e-07,0.00150472469538,5.0,0.0,0.0,148709.659392,3.39770523222,0.0,1.53410691585,1.63320170798,1.63320170798,26.2077551344,1465245843.76,0.00213763472004,0.588801478938,0.00125864248459
Spain,33261.0793377,46443959.0,0.79802,26528.4917901,3.0,0.2,1.5,0.06,0.8,0.05,0.8,0.716666666667,0.182999296714,1.0,0.489412418544,1.11619300947,11.2294475714,521540002.599,3.45882438818e-08,1.60641498073,0.0,2.622823,166305.396688,11.2294475714,12.5342308794,12.5342308794,11.2294475714,3.45882438818e-08,0.00125171858449,5.0,0.0,0.0,908776.15201,3.39818205511,0.0,2.501189732,0.2525,0.2525,14.2778737175,663120981.541,0.000429266698549,0.786492988636,0.000337615248664
Sri Lanka,11417.2564579,21203000.0,0.18407,3835.39481711,3.0,0.2,1.5,0.06,0.8,0.05,0.666666666667,0.508333333333,0.337960802589,1.0,0.12642822332,1.26257956778,12.1724417307,258092282.015,2.0212927489e-07,4.2857470155,0.0,1.795377,57086.2822895,12.1724417307,15.3686762191,15.3686762191,12.1724417307,2.0212927489e-07,0.00103946996565,5.0,0.0,0.0,168913.915023,3.39832828478,0.0,0.608661270587,1.69778115329,1.69778115329,16.7783490384,355751334.661,0.00146956049382,0.725485070242,0.00106614419809
St. Lucia,10703.0957483,178015.0,0.1854,7744.44517264,3.0,0.2,1.5,0.06,0.8,0.05,0.466666666667,0.333333333333,0.891774503312,1.0,0.158701013686,1.78574744185,80.1153896095,14261741.0813,2.24520435985e-06,0.399680054118,0.0,1.4,42812.3829931,80.1153896095,143.065852048,143.065852048,80.1153896095,2.24520435985e-06,0.0307515016307,4.0,0.0,0.0,48008.0814535,2.67584537785,0.0,0.703672872015,0.889311184829,0.889311184829,169.159372955,30112905.7766,0.0158047145362,0.473608929911,0.00748525393902
St. Vincent and the Grenadines,10758.5631211,109643.0,0.50899,7030.05714506,3.0,0.2,1.5,0.06,0.8,0.05,0.0,0.125,0.634455635905,1.0,0.185084243036,1.54266756744,75.2919472738,8255234.97494,1.54809307602e-06,0.169737569134,0.0,0.824,43034.2524843,75.2919472738,116.150445148,116.150445148,75.2919472738,1.54809307602e-06,0.02963609527,4.0,0.0,0.0,67828.6235458,2.67346572669,0.0,0.738339818401,0.600925731876,0.600925731876,117.541792132,12887634.7147,0.0109254173451,0.640554698956,0.00699832741849
Sudan,4385.04692279,39578828.0,0.34007,2415.03816213,3.0,0.2,1.5,0.06,0.8,0.05,0.666666666667,0.333333333333,0.948753364454,1.0,0.0693348282832,1.83957332158,4.1559337953,164486988.864,3.52528714769e-07,13.9526733669,0.0,0.43760026,21925.2346139,4.1559337953,7.6451449361,7.6451449361,4.1559337953,3.52528714769e-07,0.00254817306762,5.0,0.0,0.0,23109.5197502,3.3958724988,0.0,0.30017535525,1.55,1.55,6.96504941311,275668492.733,0.00158836371326,0.596684036079,0.000947751271191
Swaziland,7733.80856334,1343098.0,0.21315,2775.15390848,3.0,0.2,1.5,0.06,0.8,0.05,0.6,0.416666666667,0.190380606921,1.0,0.132441913476,1.12316586761,21.7744190316,29245178.6524,6.28857480219e-07,0.844617223968,0.0,1.03116431,38669.0428167,21.7744190316,24.4562842432,24.4562842432,21.7744190316,6.28857480219e-07,0.0030468872042,5.0,0.0,0.0,203114.400369,3.39514642888,0.0,0.702220424842,0.869,0.869,29.101133514,39085674.2204,0.00376284637455,0.748232676953,0.00281548461579
Sweden,46441.2059211,9903122.0,0.85964,51599.8688678,3.0,0.2,1.5,0.06,0.8,0.05,0.733333333333,0.916666666667,0.357367643803,1.0,0.43733515425,1.28091251232,2.35967265109,23368126.1438,4.80553086725e-09,0.0475897584531,0.0,3.9048096,232206.029606,2.35967265109,3.02253422375,3.02253422375,2.35967265109,4.80553086725e-09,0.000139412518139,5.0,0.0,0.0,649767.917248,3.39978895122,0.0,2.2387747,0.6716671,0.6716671,3.27415839986,32424390.0811,7.05011494623e-05,0.72069593554,5.08098918684e-05
Switzerland,56625.1350143,8372098.0,0.7399,78812.6506873,3.0,0.2,1.5,0.06,0.8,0.05,0.933333333333,1.0,0.283085400036,1.0,0.379369307003,1.21074074968,41.7351715883,349410946.584,5.94716829804e-08,0.497902758137,0.0,2.9313022,283125.675071,41.7351715883,50.5304729368,50.5304729368,41.7351715883,5.94716829804e-08,0.00137165736003,5.0,0.0,0.0,1000142.27168,3.39813442322,0.0,1.992999522,0.764,0.764,54.5492157454,456691380.044,0.000963339261472,0.765092055275,0.000737043215487
Tajikistan,2762.58545284,8734951.0,0.26891,795.843864368,3.0,0.2,1.5,0.06,0.8,0.05,0.6,0.333333333333,0.385426324463,1.0,0.23513697374,1.30741853824,18.0455703023,157627172.358,2.89062669188e-06,25.2494825129,0.0,0.091356787,13812.9272642,18.0455703023,23.5931131464,23.5931131464,18.0455703023,2.89062669188e-06,0.0301551735438,5.0,0.0,0.0,35838.048383,3.35402369596,0.0,1.30583205344,0.469062482362,0.469062482362,28.558760294,249459371.789,0.0103376929987,0.631875127509,0.00653213108168
Tanzania,2583.27903888,55572201.0,0.32316,879.193814026,3.0,0.2,1.5,0.06,0.8,0.05,0.666666666667,0.333333333333,0.413204367123,1.0,0.0880861419711,1.33365945555,3.96912552544,220573041.494,5.89247623437e-07,32.7457873684,0.0,0.52939427,12916.3951944,3.96912552544,5.29346178727,5.29346178727,3.96912552544,5.89247623437e-07,0.00238595014661,5.0,0.0,0.0,31259.0965201,3.39619891908,0.0,0.482165846653,1.23489442543,1.23489442543,5.2641468263,292540225.525,0.00203777708373,0.753992176967,0.00153646797953
Thailand,15681.8140914,68863514.0,0.5154,5907.91343152,3.0,0.2,1.5,0.06,0.8,0.05,0.666666666667,0.741666666667,0.240336363,1.0,0.317710060266,1.17035727272,53.884441269,3710671975.71,6.81569698654e-07,46.9352844852,0.0,2.1898475,78409.0704571,53.884441269,63.0640477255,63.0640477255,53.884441269,6.81569698654e-07,0.00890832427487,5.0,0.0,0.0,326247.22068,3.38645083495,0.0,1.60061173693,0.5661789,0.5661789,91.0700798363,6271405717.79,0.00580736892463,0.591681058871,0.00343611019458
Timor-Leste,2151.10705531,1268671.0,0.33401,1161.76093513,3.0,0.2,1.5,0.06,0.8,0.05,0.4,0.416666666667,0.12895241137,1.0,0.1228704252,1.06513686177,9.89621173101,12555036.833,1.79030246595e-06,2.27130481977,0.0,3.1,10755.5352766,9.89621173101,10.5408199066,10.5408199066,9.89621173101,1.79030246595e-06,0.00528007978704,5.0,0.0,0.0,83407.0116432,3.39108316614,0.0,0.625180877331,0.58486805,0.58486805,12.1532121226,15418427.7768,0.00564974769276,0.814287748059,0.00460052032584
Togo,1382.10974737,7606374.0,0.40463,578.461693649,3.0,0.2,1.5,0.06,0.8,0.05,0.2,0.25,0.370892031209,1.0,0.102784239452,1.29368851442,2.28815389651,17404554.3064,1.03367083624e-06,7.86248697334,0.0,0.3920537,6910.54873686,2.28815389651,2.96015841515,2.96015841515,2.28815389651,1.03367083624e-06,0.00178619016661,5.0,0.0,0.0,18632.238375,3.3966945316,0.0,0.50841457655,1.7447977199,1.7447977199,3.61383947221,27488214.6016,0.00261472685442,0.633164232696,0.00165555152249
Tonga,5332.47244455,107122.0,0.23801,3688.87463595,3.0,0.2,1.5,0.06,0.8,0.05,0.6,0.333333333333,0.357835763622,1.0,0.117823556245,1.28135472826,120.67405033,12926845.6195,6.554613411e-06,0.702143297813,0.0,0.032,21329.8897782,120.67405033,154.62626497,154.62626497,120.67405033,6.554613411e-06,0.0319341903545,4.0,0.0,0.0,59608.0435402,2.67786999767,0.0,0.519883596776,1.01431557697,1.01431557697,173.663692878,18603202.1084,0.0325671993026,0.69487207332,0.0226300373017
Trinidad and Tobago,29578.9563877,1364962.0,0.08352,15377.0988056,3.0,0.2,1.5,0.06,0.8,0.05,0.666666666667,0.691666666667,1.0787654875,1.0,0.191925318421,1.96239109573,121.161224979,165380467.97,7.86470901358e-07,1.07350289446,0.0,2.2474232,147894.781939,121.161224979,237.765709047,237.765709047,121.161224979,7.86470901358e-07,0.0219124328741,5.0,0.0,0.0,137096.323207,3.36979696397,0.0,1.1038799462,1.00569639214,1.00569639214,272.248275042,371608549.997,0.00920412037101,0.445039458782,0.00409619674848
Tunisia,10752.0168251,11403248.0,0.67047,3688.64637468,3.0,0.2,1.5,0.06,0.8,0.05,0.533333333333,0.533333333333,0.249265643269,1.0,0.157823196177,1.17879244247,13.1750370711,150238215.131,3.88475956143e-07,4.42988766993,0.0,0.60920736,53760.0841255,13.1750370711,15.5306341286,15.5306341286,13.1750370711,3.88475956143e-07,0.00485727031055,5.0,0.0,0.0,215673.862713,3.39219853313,0.0,0.894345176343,0.481900975,0.481900975,29.4684212789,336035716.011,0.00274073429741,0.447090020413,0.00122535495298
Turkey,23679.3963898,79512426.0,0.73887,10787.609339,3.0,0.2,1.5,0.06,0.8,0.05,0.866666666667,0.691666666667,0.41216690942,1.0,0.220813510591,1.33267940659,35.2933843193,2806262608.98,2.15631054424e-07,17.1453482582,0.0,0.53703562,118396.981949,35.2933843193,47.0347664712,47.0347664712,35.2933843193,2.15631054424e-07,0.00391850496766,5.0,0.0,0.0,287254.942702,3.39436284688,0.0,1.16095665367,0.790104825,0.790104825,53.4608277652,4250800111.58,0.00225769385694,0.660172799312,0.00149046807352
Uganda,1713.85119177,41487965.0,0.16444,615.308803183,3.0,0.2,1.5,0.06,0.8,0.05,0.666666666667,0.591666666667,0.573574552105,1.0,0.125649486858,1.48515539838,1.55394895176,64470179.7224,5.26508617806e-07,21.8437711077,0.0,1.00513177,8569.25595885,1.55394895176,2.30785567451,2.30785567451,1.55394895176,5.26508617806e-07,0.00238805256078,5.0,0.0,0.0,14940.0909217,3.39645353501,0.0,0.59148565716,1.11404119397,1.11404119397,2.54177526164,105453083.093,0.00148307815396,0.611363630455,0.00090670004445
Ukraine,7668.05577615,45004645.0,0.69915,2185.72803066,3.0,0.2,1.5,0.06,0.8,0.05,0.0,0.05,0.24585419244,1.0,0.415099430828,1.17556976763,22.7115445383,1022124999.35,6.46376581542e-07,29.0899485886,0.0,0.46838945,38340.2788808,22.7115445383,26.6990051354,26.6990051354,22.7115445383,6.46376581542e-07,0.00331813262661,5.0,0.0,0.0,155947.224248,3.39338812032,0.0,2.17020514153,1.18061663227,1.18061663227,29.5310305024,1329033544.24,0.00385117575621,0.769073891156,0.00296183872435
United Kingdom,38901.0467586,65637239.0,0.82835,39899.3883949,3.0,0.2,1.5,0.06,0.8,0.05,0.8,0.891666666667,0.303128174748,1.0,0.494814855326,1.22967443771,11.903583381,781318347.337,3.0688561451e-08,2.01431244252,0.0,2.8772521,194505.233793,11.903583381,14.6375322008,14.6375322008,11.903583381,3.0688561451e-08,0.000710236672718,5.0,0.0,0.0,641660.030298,3.39895192333,0.0,2.628788002,0.673153375,0.673153375,16.0149471512,1051176913.74,0.000411684221523,0.743279591785,0.000305996480118
United States,53272.5157099,323127513.0,0.81788,57466.7871132,3.0,0.2,1.5,0.06,0.8,0.05,0.733333333333,0.916666666667,0.318736853347,1.0,0.18056135894,1.2444193947,73.4508686064,23733996500.5,1.27794186364e-07,41.2938176156,0.0,2.9611819,266362.57855,73.4508686064,91.4036854516,91.4036854516,73.4508686064,1.27794186364e-07,0.00154257739692,5.0,0.0,0.0,835681.772449,3.39820505505,0.0,1.28611819,1.43152404275,1.43152404275,106.976552061,34567067216.8,0.00200810024898,0.686607178781,0.00137877604666
Uruguay,20046.9268329,3444006.0,0.9546,15220.5660251,3.0,0.2,1.5,0.06,0.8,0.05,0.666666666667,0.633333333333,0.291886653971,1.0,0.407678679071,1.21905497756,6.47799119484,22310240.543,5.1679756386e-08,0.177985391072,0.0,0.7557562,100234.634165,6.47799119484,7.89702741065,7.89702741065,6.47799119484,5.1679756386e-08,0.000468359727254,5.0,0.0,0.0,343402.594127,3.39927280444,0.0,2.21722279151,1.1503495,1.1503495,9.98048591778,34372853.3838,0.000497856155258,0.64906571165,0.000323141359712
Uzbekistan,6038.87141395,31848200.0,0.36479,2110.6478724,3.0,0.2,1.5,0.06,0.8,0.05,0.0,0.0,0.730183656731,1.0,0.246127314446,1.63309838393,7.50993295572,239177846.76,4.6059067753e-07,14.6689840161,0.0,0.109039598,30194.3570697,7.50993295572,12.2644593734,12.2644593734,7.50993295572,4.6059067753e-07,0.0109124445951,5.0,0.0,0.0,41351.7295154,3.37859711562,0.0,1.38088794963,0.469062482362,0.469062482362,14.7067673699,468384068.551,0.00243535030999,0.5106447098,0.00124359875231
Vanuatu,2856.47531029,270402.0,0.26441,2860.56647483,3.0,0.2,1.5,0.06,0.8,0.05,0.466666666667,0.25,0.297067615658,1.0,0.118274006439,1.22394924563,112.390588286,30390639.8536,1.52238475985e-05,4.11655883832,0.0,0.76,11425.9012412,112.390588286,137.560375748,137.560375748,112.390588286,1.52238475985e-05,0.0801827504554,4.0,0.0,0.0,38462.2915421,2.60137240047,0.0,0.488911123374,0.596007642508,0.596007642508,158.141193338,42761694.961,0.0553623526057,0.710697737341,0.0393458987307
"Venezuela, RB",17665.2399979,31568179.0,0.89043,12237.2240642,3.0,0.2,1.5,0.06,0.8,0.05,0.0,0.05,0.313169807855,1.0,0.130187937695,1.23916040716,53.6035536084,1692166575.34,5.14679407283e-07,16.2474916567,0.0,1.2078106,88326.1999896,53.6035536084,66.4234013144,66.4234013144,53.6035536084,5.14679407283e-07,0.0027364314351,5.0,0.0,0.0,282039.321078,3.3944741744,0.0,0.673084251933,1.70284254836,1.70284254836,82.2099658398,2595218917.21,0.00465377010725,0.652032306069,0.00303440845495
Vietnam,5955.26188759,92701100.0,0.34236,2185.69028246,3.0,0.2,1.5,0.06,0.8,0.05,0.533333333333,0.591666666667,0.269704550995,1.0,0.168387909538,1.1981003431,52.9656359875,4909972718.24,2.36559450776e-06,219.293213024,0.0,0.83047219,29776.3094379,52.9656359875,63.4581466492,63.4581466492,52.9656359875,2.36559450776e-06,0.0213297069882,5.0,0.0,0.0,110403.437124,3.36625690439,0.0,0.77599394517,0.5832398,0.5832398,73.9711199005,6857204183.01,0.0124211363491,0.716031284355,0.00889392221322
"Yemen, Rep.",2325.06995997,27584213.0,0.35187,990.334773955,3.0,0.2,1.5,0.06,0.8,0.05,0.333333333333,0.166666666667,0.21913147566,1.0,0.0819253379392,1.1503257787,5.92676474759,163485141.198,9.95825802828e-07,27.4690710561,0.0,0.057006888,11625.3497998,5.92676474759,6.81771027347,6.81771027347,5.92676474759,9.95825802828e-07,0.00373818762855,5.0,0.0,0.0,53051.9395483,3.39336435685,0.0,0.428715656174,0.75,0.75,7.5964001703,209540720.331,0.00326717058028,0.780207021052,0.00254906942571
Zambia,3636.05971131,16591390.0,0.41379,1178.38790501,3.0,0.2,1.5,0.06,0.8,0.05,0.866666666667,0.541666666667,0.425750249346,1.0,0.112740775914,1.34551109902,3.77144875614,62573577.1781,4.48018220515e-07,7.43324502367,0.0,1.03873051,18180.2985565,3.77144875614,5.07452616078,5.07452616078,3.77144875614,4.48018220515e-07,0.00192922717373,5.0,0.0,0.0,42701.7919178,3.39750966214,0.0,0.596849772542,1.23489442543,1.23489442543,6.68376404852,110892935.997,0.00183818874804,0.564270182006,0.00103723509942
Zimbabwe,1859.93744141,16150362.0,0.32277,1008.59733051,3.0,0.2,1.5,0.06,0.8,0.05,0.733333333333,0.416666666667,19.1437616947,1.0,0.116314099617,19.0277429432,0.0297409212022,480326.64363,9.32643669043e-08,1.5062532872,0.0,0.333604615,9299.68720704,0.0297409212022,0.565902603531,0.565902603531,0.0297409212022,9.32643669043e-08,0.00078437961242,5.0,0.0,0.0,485.781601095,3.39867019363,0.0,0.613744836268,1.63320170798,1.63320170798,0.509022938626,8220904.72512,0.000273677451345,0.0584274674978,1.59902803934e-05
