country,gdp_pc_pp,pop,urbanization_rate,gdp_pc_cd,prepare_scaleup,borrow_abi,avg_prod_k,T_rebuild_K,pi,income_elast,rho,shareable,max_increased_spending,protection,tau_tax,macro_multiplier,dK,dKtot,delta_W,delta_W_tot,average_aid_cost_pc,axfin,c,dc,dc_npv_post,dc_npv_pre,dk,dw,fa,gamma_SP,help_fee,help_received,k,n,shew,social,v,v_shew,dWpc_currency,dWtot_currency,risk,resilience,risk_to_assets
Albania,11424.6283187309,2876101.0,0.5837600000000001,4146.89625046198,0.0,0.175,0.1852799860314327,3,0.2,1.5,0.06,0.8,0.05,20.0,0.18390796308639054,1.118347494599629,48.94627901796065,140774442.02983564,8.572280534102506e-07,2.465474461641275,0.0,0.0215217995,2856.1570796827255,48.94627901796065,54.73894850971069,54.73894850971069,48.94627901796065,8.572280534102506e-07,0.00208484027539476,0.24999999999999997,0.0,0.0,15415.356730425157,0.1659076947388878,0.0,0.047947725383340335,0.10529999999999999,0.10529999999999999,71.22243228318311,204842908.71209523,0.006234113731858791,0.6872312198402377,0.004284277584568093
Angola,6024.726138147599,28813463.0,0.44819,3110.80818263013,0.0,0.175,0.43239739052511456,3,0.2,1.5,0.06,0.8,0.05,20.0,0.12736406291942387,1.351790414097182,4.490106250867696,129375510.3254451,4.5230608177148897e-07,13.032504551797771,0.0,0.04642908000000001,1506.1815345368996,4.490106250867696,6.069682588200788,6.069682588200788,4.490106250867696,4.5230608177148897e-07,0.000769100876142407,0.24999999999999997,0.0,0.0,3483.327067972714,0.16877362580183325,0.0,0.03251210819930301,0.155,0.155,14.391730262282653,414675587.4182615,0.002388777503288743,0.3119921072058452,0.0007452797268969728
Antigua and Barbuda,20777.6130830372,100963.0,0.23393000000000005,14353.378813874198,0.6666666666666667,0.4166666666666667,0.4005106416086056,3,0.2,1.5,0.06,0.8,0.05,20.0,0.1390149070134991,1.3216681498414258,1061.1705013815874,107138957.33098924,1.3805749087750206e-05,1.3938698451465243,0.0,0.030600000000000002,4155.522616607439,1061.1705013815874,1402.515253227301,1402.515253227301,1061.1705013815874,1.3805749087750206e-05,0.02892715540892516,0.20000000000000004,0.0,0.0,10375.561058545798,0.1078327881908763,0.06,0.032780991994474866,0.16183796020577448,0.152127682593428,2813.3740473829134,284046683.94592106,0.1354041022969932,0.3771878475841918,0.05107278189947259
Argentina,18087.196261682242,43847430.0,0.9189299999999999,12449.216852117701,0.7333333333333333,0.375,0.2695495148851759,3,0.2,1.5,0.06,0.8,0.05,20.0,0.15409271979955744,1.1979538860660952,25.730578202932932,1128219726.6126275,2.7618295059250826e-07,12.109912593298468,0.0,0.012687701000000001,4521.799065420561,25.730578202932932,30.824046148931068,30.824046148931068,25.730578202932932,2.7618295059250826e-07,0.0010111105614120325,0.25,0.0,0.0,16775.39307517129,0.1684732187796633,0.16,0.04040665543847055,0.1144731475,0.09982058461999999,45.711776309243085,2004343911.8951945,0.0025273002873354984,0.5628872968939979,0.0014225852271777027
Armenia,8174.366731718709,2924816.0,0.62558,3606.15205715147,0.4,0.425,0.3666957212217474,3,0.2,1.5,0.06,0.8,0.05,20.0,0.3547014105320964,1.289724411382942,24.000678432218216,70197568.28940673,6.70321064793137e-07,1.9605657754440036,0.0,0.005232864949999999,2043.5916829296773,24.000678432218216,30.954260863783908,30.954260863783908,24.000678432218216,6.70321064793137e-07,0.00463065565645617,0.25,0.0,0.0,5572.990260483246,0.1627751550537202,0.08,0.10064082988429726,0.06249999999999999,0.05849999999999998,33.707656293222044,98588692.44891652,0.004123580137703806,0.7120245389782347,0.002936090246488358
Australia,44414.029479100805,24127159.0,0.89554,49927.8195094751,0.8,0.9166666666666669,0.27360239086009513,3,0.2,1.5,0.06,0.8,0.05,20.0,0.226787513714,1.201782492156731,33.43730160819564,806747092.431892,7.40049880708342e-08,1.7855301139781201,0.0,0.16484148000000004,11103.507369775207,33.43730160819564,40.184363657693645,40.184363657693645,33.43730160819564,7.40049880708342e-08,0.0004810170675423177,0.25,0.0,0.0,40582.64014020591,0.16929796921733903,0.2,0.070584148,0.14271999999999999,0.1198848,47.10796278436282,1136581308.2644045,0.0010606550078175107,0.7098014779636137,0.0007528544921583774
Austria,44143.70016477369,8747358.0,0.66032,44176.5152160475,0.8,0.8916666666666666,0.23227851820729006,3,0.2,1.5,0.06,0.8,0.05,20.0,0.48360059806,1.1627453167024924,54.07393069271559,473004030.23637116,1.2379980950813404e-07,1.0829212540994522,0.0,0.16131353500000004,11035.925041193423,54.073930692715585,62.874209668650195,62.874209668650195,54.07393069271559,1.2379980950813404e-07,0.0012611797469650752,0.25,0.0,0.0,47511.60428595786,0.1682707762353034,0.2,0.12362254250000003,0.0764,0.064176,78.14222508330356,683538017.7202361,0.0017701784125849153,0.6919937413488041,0.0012249523825795226
Azerbaijan,15994.009741624197,9762274.0,0.54895,3876.9364326427003,0.0,0.25,0.5982212831852317,3,0.2,1.5,0.06,0.8,0.05,20.0,0.43164252550854804,1.5084382783151649,13.59882457819895,132755451.61031257,1.601446127529811e-07,1.563375589318496,0.0,0.014287325,3998.502435406049,13.59882457819895,20.51298753384837,20.51298753384837,13.59882457819895,1.601446127529811e-07,0.0021365989051221087,0.24999999999999997,0.0,0.0,6683.985588269288,0.16598066869969869,0.0,0.12149583971198537,0.06249999999999999,0.06249999999999999,22.042396647913147,215183915.69360968,0.0013781657635575965,0.6169394732984452,0.0008502448602871732
Bangladesh,3319.3535560623195,162951560.0,0.35034999999999994,1358.7797522498,0.7333333333333333,0.6166666666666667,0.2897089076246591,3,0.2,1.5,0.06,0.8,0.05,20.0,0.1479310195043751,1.2169977389506987,33.7496404282912,5499556557.229118,3.997054572708379e-06,651.3262780279638,0.0,0.021844819500000008,829.83838901558,33.7496404282912,41.073236091629475,41.073236091629475,33.7496404282912,3.997054572708379e-06,0.007851968106267778,0.25,0.0,0.0,2864.386862728783,0.15922475130603878,0.15999999999999998,0.03451151608113378,0.11783021451316844,0.1027479470554829,52.01136516679859,8475333091.659491,0.015669124812512772,0.6488897247756775,0.010167534087067153
Belarus,16742.2554956416,9507120.0,0.77046,4989.25461056406,0.7333333333333333,0.5166666666666667,0.3864445367538237,3,0.2,1.5,0.06,0.8,0.05,20.0,0.43477721719732176,1.308380406754342,27.265380587178903,259215245.0879802,2.7621968780658723e-07,2.626053718339762,0.0,0.04309346300000001,4185.5638739104,27.2653805871789,35.673489742965074,35.673489742965074,27.265380587178903,2.7621968780658723e-07,0.00240130306611501,0.25,0.0,0.0,10830.956258483024,0.1665250887151946,0.16,0.11711375999294302,0.094,0.081968,40.71957064085568,387125844.43109185,0.002432143664959356,0.6695890982657461,0.0016285368834728822
Belgium,41945.69212302269,11348159.0,0.97897,41096.157302153595,0.0,0.425,0.2166915174374668,3,0.2,1.5,0.06,0.8,0.05,20.0,0.4831951641469999,1.1480208379739567,16.53883931537262,187685378.22629964,3.6489207759101305e-08,0.4140853314343153,0.0,0.144807175,10486.42303075567,16.53883931537262,18.9869321699507,18.9869321699507,16.53883931537262,3.6489207759101305e-08,0.0003067491596258216,0.25,0.0,0.0,48393.325012280926,0.16939241056481513,0.0,0.12754389299999996,0.07700000000000001,0.07700000000000001,21.328070404533843,242034334.11384436,0.0005084686728253443,0.7754493961093103,0.00039429172528291566
Belize,7831.454486056529,366954.0,0.43845,4810.56590199317,0.0,0.075,0.9615481265045698,3,0.2,1.5,0.06,0.8,0.05,20.0,0.15088173014791256,1.8516600728709784,61.62022692831005,22611788.75225109,3.5965384305171454e-06,1.3197641632319885,0.0,0.06363334999999999,1957.8636215141319,61.62022692831005,114.09971388440081,114.09971388440081,61.62022692831005,3.5965384305171454e-06,0.02121713563277655,0.25000000000000006,0.0,0.0,2036.1576998037315,0.13863358624983774,0.0,0.04995698677092593,0.10173953400741137,0.10173953400741137,169.5970801057608,62234326.93312935,0.021655885303007123,0.3633330649907632,0.00786829918223
Benin,2009.96138385757,10872298.0,0.44395,789.4404106856482,0.6666666666666667,0.25,0.3302533219458435,3,0.2,1.5,0.06,0.8,0.05,20.0,0.08184915011282512,1.255298588167888,3.2469106883196193,35301380.58279602,1.0809840116887719e-06,11.752780308315808,0.0,0.020593014,502.4903459643926,3.2469106883196193,4.0758424029548435,4.0758424029548435,3.2469106883196193,1.0809840116887719e-06,0.0009993942297960936,0.24999999999999997,0.0,0.0,1521.530027324883,0.168657459024605,0.08,0.019328214444188935,0.1696869800829084,0.15882701335760224,6.62784682922299,72059925.82566746,0.0032974995850430988,0.4898892162087379,0.0016154094871654021
Bhutan,8105.796967478244,797765.0,0.39377,2804.00022298565,0.6,0.4166666666666667,0.185575394278482,3,0.2,1.5,0.06,0.8,0.05,20.0,0.044018833094685905,1.1186265561403412,123.09444280403021,98200438.16355714,3.5226144174936763e-06,2.8102184907718426,0.0,0.060388695000000006,2026.4492418695609,123.09444280403021,137.6967126338865,137.6967126338865,123.09444280403021,3.5226144174936763e-06,0.004589011913963244,0.24999999999999997,0.0,0.0,10919.816443060272,0.16301493293853833,0.12000000000000002,0.01093459272152281,0.16977811532876125,0.15347941625720016,174.91119049608002,139538025.88610527,0.02157853092026012,0.7037539591086879,0.015185976566882298
Bolivia,6707.956184142716,10887882.0,0.68911,3104.9560891409496,0.5333333333333333,0.45,0.4218342004210295,3,0.2,1.5,0.06,0.8,0.05,20.0,0.1697838047329673,1.3418117485225833,12.62772524611125,137489182.40808022,6.71267921407482e-07,7.308685918669937,0.0,0.06835852,1676.9890460356794,12.627725246111249,16.944030092347305,16.944030092347305,12.62772524611125,6.71267921407482e-07,0.002146954081462962,0.25,0.0,0.0,3975.46961427473,0.1665588074686267,0.12000000000000002,0.0531593188549941,0.11277084233572059,0.10194484147149141,25.093355141867633,273213489.76874804,0.003740834682430859,0.5032298460974717,0.0018824996615157655
Bosnia and Herzegovina,11179.349909676701,3516816.0,0.3994,4708.71826065622,0.0,0.125,0.32393223235700314,3,0.2,1.5,0.06,0.8,0.05,20.0,0.14318216691835325,1.2493272822979196,32.326148900409386,113685117.67134213,6.421227086229407e-07,2.258227415648496,0.0,0.024942040500000005,2794.8374774191757,32.326148900409386,40.38593975290634,40.38593975290634,32.326148900409386,6.421227086229407e-07,0.002045053412318044,0.25,0.0,0.0,8627.846192036262,0.16600464800319661,0.0,0.038690017995962805,0.12340471869999997,0.12340471869999997,51.64503243647485,181626076.39311373,0.004619681184839878,0.6259294916732147,0.002891594695719139
Botswana,15513.441932762402,2250260.0,0.5771000000000001,6788.042745375649,0.6,0.7083333333333333,0.2811780767140953,3,0.2,1.5,0.06,0.8,0.05,20.0,0.08316780365678259,1.2089389699717095,18.140176734297036,40820114.09811925,2.4175970597726384e-07,0.5440221959723978,0.0,0.07654833000000001,3878.3604831906,18.140176734297032,21.93036657626583,21.93036657626583,18.140176734297036,2.4175970597726384e-07,0.0005841912480413581,0.25,0.0,0.0,13793.253473079825,0.1690643444566324,0.16,0.028049581412352295,0.1633201707978722,0.14241518893574456,31.78481745007754,71524103.31521149,0.002048856571471227,0.5707182922409008,0.0011693199235166057
Brazil,14023.691622734097,207652865.0,0.8593299999999999,8649.94849175062,0.8666666666666666,0.5583333333333333,0.26557501018758395,3,0.2,1.5,0.06,0.8,0.05,20.0,0.21375455723248485,1.1941993145009573,10.161014047498606,2109963678.2683313,1.4969511563914085e-07,31.0846196389739,0.0,0.036396190499999995,3505.922905683524,10.161014047498606,12.134276010157429,12.134276010157429,10.161014047498606,1.4969511563914085e-07,0.000312735105246187,0.25,0.0,0.0,13201.253021536857,0.16955667864086155,0.04,0.051789064857739285,0.16513257699925485,0.1598483345352787,16.915490327728467,3512550029.4326053,0.0012062080929037555,0.6006928472444168,0.000724560573695615
Bulgaria,17709.075185995902,7127822.0,0.7426600000000001,7350.7958008981295,0.6666666666666667,0.7166666666666667,0.3230784715072762,3,0.2,1.5,0.06,0.8,0.05,20.0,0.4394844751967999,1.2485207651457937,16.06188654603261,114486268.28431526,1.488648374892219e-07,1.0610820636821006,0.0,0.04287187650000002,4427.2687964989755,16.06188654603261,20.053598880137564,20.053598880137564,16.06188654603261,1.488648374892219e-07,0.0007847541249065711,0.25000000000000006,0.0,0.0,13703.385359736878,0.1687652108263231,0.16,0.11833445865,0.11206612276000003,0.09772165904672,23.871377128183344,170150927.06456205,0.001347974237924096,0.6728512753907864,0.0009069861851811514
Burkina Faso,1594.5767766349604,18646433.0,0.30688000000000004,649.7304836558351,0.8,0.4166666666666667,0.40566509188102295,3,0.2,1.5,0.06,0.8,0.05,20.0,0.037205734671623795,1.3265373735307222,1.6303300094359194,30399839.28883624,5.366738483844356e-07,10.007052956752537,0.0,0.024540307999999997,398.6441941587401,1.6303300094359194,2.1626936887054415,2.1626936887054415,1.6303300094359194,5.366738483844356e-07,0.0006690645335631786,0.25,0.0,0.0,982.6928718718987,0.16896570745654016,0.12000000000000002,0.009050919816515601,0.16968698008290842,0.15339702999494917,2.3251553832942604,43355854.06918575,0.0014581645847125918,0.7011703480763,0.0010224217694154614
Burundi,721.1765615071151,10524117.0,0.12359000000000002,285.727442064713,0.6666666666666667,0.25,0.4629793127178333,3,0.2,1.5,0.06,0.8,0.05,20.0,0.10244151508683058,1.3806800555012047,1.4197064276169176,14941156.549892474,1.8396637312387667e-06,19.360836348213336,0.0,0.011665057500000004,180.2941403767788,1.4197064276169178,1.9601603492775428,1.9601603492775428,1.4197064276169176,1.8396637312387667e-06,0.0020912403546196395,0.24999999999999997,0.0,0.0,389.42159060713925,0.16693215718349844,0.12000000000000002,0.025816797425183908,0.12348944254293814,0.11163445605881607,2.4242299534015364,25512879.664502315,0.0033614929863158326,0.5856319140124762,0.0019685975715156554
Cambodia,3462.8409486820096,15762370.0,0.20945,1269.90723818913,0.0,0.15,0.4592944496539701,3,0.2,1.5,0.06,0.8,0.05,20.0,0.040378293680364136,1.377199097964687,26.97070318954162,425122202.83373517,3.6810028535816813e-06,58.021328949210286,0.0,0.0098200365,865.7102371705026,26.97070318954162,37.14402810411003,37.14402810411003,26.97070318954162,3.6810028535816813e-06,0.014679121997893386,0.25,0.0,0.0,1884.8697993688443,0.15001027615735324,0.0,0.010198650451762657,0.0756326825,0.0756326825,51.03755392989915,804472808.9380244,0.01473863647977379,0.5284481937866045,0.007788605826613817
Cameroon,3045.91916487331,23439189.0,0.54938,1032.6487220445401,0.6666666666666667,0.5666666666666667,0.4197375746029477,3,0.2,1.5,0.06,0.8,0.05,20.0,0.018024998727843716,1.3398311415593882,5.069070772743277,118814907.89670572,1.1919249201648575e-06,27.937753477554004,0.0,0.02495073050000001,761.4797912183275,5.069070772743277,6.791698880089955,6.791698880089955,5.069070772743277,1.1919249201648575e-06,0.0027313319783725362,0.25,0.0,0.0,1814.1806626167609,0.16611715517406028,0.16,0.004035485321354691,0.09171840480392913,0.07997844898902619,13.6332417999392,319552131.23147506,0.004475904008603673,0.37181697846552414,0.0016642171043807449
Canada,43087.75736536479,36286425.0,0.82006,42157.9279910146,0.8666666666666666,0.8333333333333333,0.3354838938558465,3,0.2,1.5,0.06,0.8,0.05,20.0,0.24351074283999996,1.260239721228972,19.934249979123663,723342666.7987224,4.727503396952572e-08,1.7154419745076477,0.0,0.16576132,10771.9393413412,19.93424997912366,25.121933636599447,25.121933636599447,19.934249979123663,4.727503396952572e-08,0.0006490857253424587,0.25,0.0,0.0,32108.66315379592,0.16910176066911461,0.16000000000000003,0.07612613200000001,0.07533382280589293,0.06569109348673863,28.751900792583875,1043303691.7175354,0.0006672870102934506,0.6933193781840472,0.0004626430150469471
Central African Republic,647.880444824102,4594621.0,0.40332,382.213174317687,0.0,0.0,0.3147438330510679,3,0.2,1.5,0.06,0.8,0.05,20.0,0.009449621585915922,1.2406473321184426,2.0938447106542433,9620422.87831091,3.6006268438480366e-06,16.54351570990791,0.0,0.007763287300000002,161.97011120602554,2.0938447106542433,2.5977228541434996,2.5977228541434996,2.0938447106542433,3.6006268438480366e-06,0.001654205697821817,0.25,0.0,0.0,514.6093241475695,0.1668020286653501,0.0,0.002305026156314387,0.16196411105921824,0.16196411105921824,4.040113090868694,18562788.44968021,0.006235892938496661,0.5182638860745432,0.003231838107450082
Chad,1845.9146791915407,14452543.0,0.22618000000000002,664.29565189928,0.0,0.0,0.7532009944644721,3,0.2,1.5,0.06,0.8,0.05,20.0,0.03571985292059774,1.654842034610844,2.0073127874051195,29010774.374422353,7.847333013878139e-07,11.34139178183934,0.0,0.013221527,461.478669797885,2.00731278740512,3.321785577209853,3.321785577209853,2.0073127874051195,7.847333013878139e-07,0.001234371410714417,0.2500000000000001,0.0,0.0,612.6899369350909,0.16758168181814925,0.0,0.008644222962205666,0.1696869800829084,0.1696869800829084,4.2346145411049605,61200948.74374471,0.002294046734034102,0.47402491252045353,0.0010874353024183472
Chile,22706.7205369649,17909754.0,0.89697,13792.9260543892,0.8,0.925,0.3473941118185529,3,0.2,1.5,0.06,0.8,0.05,20.0,0.16676778157887237,1.2714908755487702,58.58153304108942,1049180845.7087831,5.179539458669606e-07,9.276427753806585,0.0,0.041400704999999996,5676.680134241225,58.58153304108942,74.48588473740398,74.48588473740398,58.58153304108942,5.179539458669606e-07,0.007627872735895598,0.25,0.0,0.0,16340.749428724357,0.16089162058407086,0.16,0.04653671378338195,0.03869242,0.03373979024,120.58191768423478,2159592482.5728946,0.005310406559500133,0.48582353114084315,0.0025799204665298506
China,14400.886058719096,1378665000.0,0.5677800000000001,8123.1808725464,0.8,0.8416666666666667,0.2292163791392399,3,0.2,1.5,0.06,0.8,0.05,20.0,0.19591611728196862,1.159852624116077,9.784874652573398,13490064212.890104,1.2617158288579362e-07,173.94834531924263,0.0,0.11206054000000004,3600.221514679774,9.784874652573398,11.349012542434142,11.349012542434142,9.784874652573398,1.2617158288579362e-07,0.0003442321934756784,0.25,0.0,0.0,15706.650319664905,0.169495993152496,0.16,0.05564987051590174,0.14199115775,0.123816289558,14.83619565715942,20454143685.677692,0.0010302279732417412,0.6595272048634359,0.0006794633755642482
Colombia,13124.324843593602,48653419.0,0.76708,5805.60533452459,0.7333333333333333,0.7166666666666667,0.2797792564799715,3,0.2,1.5,0.06,0.8,0.05,20.0,0.10488178796223004,1.2076175548331232,64.89932310621592,3157573959.903105,1.4769073256250944e-06,71.85659093780716,0.0,0.03632972450000001,3281.081210898401,64.89932310621592,78.37356187985328,78.37356187985328,64.89932310621592,1.4769073256250944e-06,0.006278533050723462,0.25,0.0,0.0,11727.392703015785,0.16177228314117548,0.16,0.027233200355561732,0.07089600000000001,0.06182131200000002,151.09948390154318,7351506500.945535,0.011512933861531141,0.4295138635185841,0.004944964703300172
Comoros,1411.1523385434998,795601.0,0.28412,775.080084704756,0.26666666666666666,0.16666666666666666,0.197958724460889,3,0.2,1.5,0.06,0.8,0.05,20.0,0.04163073429959385,1.1303246425491325,2.119965469074989,1686646.64716153,1.0825517436712459e-06,0.8612792498165867,0.0,0.025020918799999996,282.23046770869996,2.119965469074989,2.3962492110486906,2.3962492110486906,2.119965469074989,1.0825517436712459e-06,0.0007246115875672042,0.19999999999999998,0.0,0.0,1425.703608049165,0.13468523738529864,0.09000000000000002,0.008276360534417047,0.09879155403435051,0.08990031417125896,3.9046613055426684,3106552.4393510525,0.00276700197341756,0.5429319736556144,0.0015022938425365757
"Congo, Dem. Rep.",742.3079049315381,78736153.0,0.43015,444.505316815516,0.4,0.375,0.2370560018580905,3,0.2,1.5,0.06,0.8,0.05,20.0,0.08342904179137874,1.1672584335895029,3.792664168560052,298619786.25336206,5.38393230233126e-06,423.9101174979962,0.0,0.014192083500000001,185.57697623288453,3.792664168560052,4.42701923652444,4.42701923652444,3.792664168560052,5.38393230233126e-06,0.0024218464322300925,0.25000000000000006,0.0,0.0,782.8402351271282,0.1662943185314272,0.08,0.01978720546556758,0.155,0.14507999999999996,7.4088111352025265,583341287.0894098,0.009980778981312114,0.5119126536428271,0.005109287053746037
"Congo, Rep.",5301.39727121401,5125821.0,0.65798,1528.24483012457,0.0,0.125,0.3727534239023239,3,0.2,1.5,0.06,0.8,0.05,20.0,0.1538420156736918,1.29544690511866,19.200503771677493,98418345.44344369,1.5922911561289615e-06,8.16179944620011,0.0,0.029115569,1325.3493178035028,19.200503771677493,24.87323318773877,24.87323318773877,19.200503771677493,1.5922911561289615e-06,0.00436271493895195,0.25000000000000006,0.0,0.0,3555.565778386509,0.1625703851999622,0.0,0.039390537289511536,0.09171840480392913,0.09171840480392913,41.81975131889621,214360559.5251759,0.007888439439536581,0.4591252498194978,0.0036217817283632123
Costa Rica,15401.492504692897,4857274.0,0.7767499999999999,11824.638102000401,0.9333333333333332,0.75,0.4818967549173638,3,0.2,1.5,0.06,0.8,0.05,20.0,0.1961101335850197,1.3985506824023444,21.358479994531198,103743989.55695653,3.578138166141697e-07,1.7379997482807743,0.0,0.06728180500000001,3850.3731261732237,21.3584799945312,29.870916771428423,29.870916771428423,21.358479994531198,3.578138166141697e-07,0.002065918859892552,0.25,0.0,0.0,7990.037465252262,0.1672719780832363,0.2,0.05216057783393239,0.0992084334661901,0.0833350841115997,46.54007714574988,226057906.67804512,0.0030217900720705434,0.4589266134571006,0.0013867798843536225
Cote d'Ivoire,3448.144012791569,23695919.0,0.54869,1526.1971748425199,0.4,0.45,0.5759764393620561,3,0.2,1.5,0.06,0.8,0.05,20.0,0.10938885599898802,1.4874243748368206,4.222498785253181,100055989.19295779,5.502052571699323e-07,13.037619207272886,0.0,0.027103921,862.0360031978923,4.2224987852531815,6.280647615904449,6.280647615904449,4.222498785253181,5.502052571699323e-07,0.001131993345448805,0.25,0.0,0.0,1496.6515021910825,0.16804212553500655,0.08,0.02768492759018273,0.16968698008290842,0.15882701335760224,7.580122642340187,179617972.14295903,0.0021983196218662068,0.5570488743371549,0.0012245714707938506
Croatia,21408.551514488398,4170600.0,0.5928399999999999,12090.666563570301,0.6666666666666667,0.5583333333333333,0.23052247153165525,3,0.2,1.5,0.06,0.8,0.05,20.0,0.318572317073,1.1610864425994154,51.28329500378721,213882110.14279494,3.386432378089324e-07,1.4123454876059334,0.0,0.070753645,5352.137878622099,51.28329500378721,59.54433856072367,59.54433856072367,51.28329500378721,3.386432378089324e-07,0.0013473876828994681,0.25,0.0,0.0,23217.42363363108,0.1679329979251169,0.16,0.0886451645,0.12323748982000002,0.10746309112303998,72.16056586741644,300952856.006647,0.0033706421388939476,0.710683104924816,0.002395458420859574
Cyprus,31195.506221171698,1170125.0,0.6684,23324.201735361803,0.0,0.175,0.20174778291418224,3,0.2,1.5,0.06,0.8,0.05,20.0,0.370757104957,1.13390402972057,26.13482335670661,30581010.180266324,1.157082768555988e-07,0.13539314745565753,0.0,0.06058274000000002,7798.876555292925,26.13482335670661,29.634381520204904,29.634381520204904,26.13482335670661,1.157082768555988e-07,0.0013722421950488736,0.25,0.0,0.0,38656.56634556597,0.16752328969949573,0.0,0.0967514915,0.0432450380952381,0.0432450380952381,43.37109883733308,50749607.02703437,0.0013902995684647065,0.6025861473956988,0.0008377752606870501
Czech Republic,31071.748371626814,10561633.0,0.7298,18266.5496886036,0.6666666666666667,0.9,0.23979983157078166,3,0.2,1.5,0.06,0.8,0.05,20.0,0.4870811628009999,1.1698504307822832,26.311007914607387,277887209.4541786,9.613914414706474e-08,1.0153863574153956,0.0,0.10004309500000003,7767.9370929067045,26.311007914607387,30.77994394321952,30.77994394321952,26.311007914607387,9.613914414706474e-08,0.0005502254029558344,0.25,0.0,0.0,32393.421805276976,0.16916126549455351,0.2,0.12031772559999995,0.11770000000000001,0.09886800000000001,35.82724151894408,378394176.3254499,0.001153048778924193,0.7343855345574158,0.0008467823438810191
Denmark,45686.48453149001,5731118.0,0.8784700000000001,53417.6642756422,0.7333333333333333,0.9166666666666669,0.2301060640275852,3,0.2,1.5,0.06,0.8,0.05,20.0,0.4493290227456,1.1606930774147577,1.5538226362619578,8905140.87948836,2.9510384754383368e-09,0.016912749725277208,0.0,0.16769243,11421.621132872506,1.553822636261958,1.8035111774396035,1.8035111774396035,1.5538226362619578,2.9510384754383368e-09,3.7554085971798006e-05,0.25,0.0,0.0,49636.33262399932,0.1699429973412127,0.16,0.12131191560000003,0.065,0.056679999999999994,1.9602206162743496,11234255.657901019,4.29059192532803e-05,0.7926774279189028,3.401055371618636e-05
Djibouti,3139.27353522704,942333.0,0.7743000000000001,1862.1672737310398,0.6,0.25,0.2605986206727131,3,0.2,1.5,0.06,0.8,0.05,20.0,0.09974374962696204,1.1894982984017932,4.471392993121576,4213541.173387233,6.725675130131152e-07,0.6337825622401879,0.0,0.009634037000000003,784.8183838067599,4.471392993121576,5.318714356803815,5.318714356803815,4.471392993121576,6.725675130131152e-07,0.0012302424040246248,0.25,0.0,0.0,3011.59837984107,0.1682405210045217,0.12000000000000002,0.03238727118612376,0.08951200684651608,0.08091885418925056,8.049254729507625,7585078.357021109,0.0025640501342695144,0.5555039743903213,0.0014243400401227522
Dominica,10174.038541370895,73543.0,0.6981999999999999,7144.45467277647,0.0,0.0,1.471708262030755,3,0.2,1.5,0.06,0.8,0.05,20.0,0.14597510028202318,2.33358999477393,120.63774963937495,8872062.02172855,5.313685202608426e-06,0.39078435085543145,0.0,0.08800000000000001,2034.8077082741795,120.63774963937493,281.51904555048753,281.51904555048753,120.63774963937495,5.313685202608426e-06,0.027657724291453085,0.2,0.0,0.0,1382.6162159791263,0.0986483314544403,0.0,0.045346495178283514,0.13858059076543888,0.13858059076543888,371.01877051831667,27285833.440228563,0.03646720709869888,0.32515268559281485,0.011857410324211302
Dominican Republic,14098.875869832998,10648791.0,0.7984100000000001,6722.223535806121,0.6,0.5083333333333333,0.3771503990888722,3,0.2,1.5,0.06,0.8,0.05,20.0,0.15623435205592395,1.2996005693521007,89.54676582879524,953564794.0367823,1.247091915870701e-06,13.280021169896678,0.0,0.07597925500000001,3524.71896745825,89.54676582879524,116.37502785474152,116.37502785474152,89.54676582879524,1.247091915870701e-06,0.008942717330638613,0.25,0.0,0.0,9345.65885644915,0.15789147092655265,0.16000000000000003,0.042089733422937536,0.07744986846085232,0.0675362852978632,142.0615325056797,1512783568.7926896,0.010076089315010221,0.6303378842208048,0.006351340820043402
Ecuador,10462.4413268594,16385068.0,0.6397600000000001,5968.98413848511,0.8,0.4583333333333333,0.25747347179967145,3,0.2,1.5,0.06,0.8,0.05,20.0,0.20514859843358535,1.186546082720012,62.517574442624756,1024354708.4374686,1.3020495144256406e-06,21.334169833231094,0.0,0.0397720675,2615.61033171485,62.517574442624756,74.17998305605315,74.17998305605315,62.517574442624756,1.3020495144256406e-06,0.002352477753403825,0.25000000000000006,0.0,0.0,10158.756602893594,0.1666912749328719,0.12000000000000002,0.05451114404225222,0.170284254835467,0.15393696637126214,94.80856439749799,1553444774.6353836,0.009061801298144769,0.659408512721606,0.005975428916588361
El Salvador,7989.99725603083,6344722.0,0.6718899999999999,4223.58457943469,0.6666666666666667,0.5083333333333333,0.13424357530792413,3,0.2,1.5,0.06,0.8,0.05,20.0,0.2162099095295769,1.0701352339359869,63.6620792137702,403918194.5533505,2.0851354851945355e-06,13.229604985894447,0.0,0.043502575,1997.4993140077072,63.6620792137702,68.1270340322793,68.1270340322793,63.6620792137702,2.0851354851945355e-06,0.0023784447494151644,0.25,0.0,0.0,14879.66414352344,0.16646744753913967,0.12000000000000002,0.05243444600996809,0.12299999999999998,0.111192,101.32846392381018,642900934.2836047,0.01268191473374133,0.628274393477812,0.007967722287478662
Estonia,27735.138514194598,1316481.0,0.6746800000000001,17574.6873552714,0.0,0.4,0.2800603915970392,3,0.2,1.5,0.06,0.8,0.05,20.0,0.39674203094999994,1.2078831330615611,38.48919429866905,50670292.99950614,2.0375393630883869e-07,0.2682381858257962,0.0,0.08514966,6933.78462854865,38.48919429866904,46.490448598491554,46.490448598491554,38.48919429866905,2.0375393630883869e-07,0.002729297226176446,0.25,0.0,0.0,24758.1765811612,0.1647746053116738,0.0,0.10423422500000001,0.04690624823615736,0.04690624823615736,64.03532111903404,84301283.58210705,0.002308815623410762,0.6010619393494134,0.0013877411962074976
Ethiopia,1608.2934761169195,102403196.0,0.19922,706.757754078087,0.7333333333333333,0.5916666666666667,0.3781161653838428,3,0.2,1.5,0.06,0.8,0.05,20.0,0.11487916615796169,1.3005128940178288,2.1648052028056353,221682971.48472524,7.580529630608707e-07,77.62704615470311,0.0,0.03754177250000001,402.07336902923,2.164805202805635,2.8153570792856097,2.8153570792856097,2.1648052028056353,7.580529630608707e-07,0.0018598677160346915,0.24999999999999997,0.0,0.0,1063.3593742840037,0.16710813421024656,0.16,0.02941161037184563,0.08951200684651608,0.07805446997016204,3.3267561300195743,340670460.02659595,0.002068500668206234,0.6507255471091287,0.0013460262290140997
Fiji,8862.740442568871,898760.0,0.54099,5153.35154431659,1.0,0.675,0.33613901941237423,3,0.2,1.5,0.06,0.8,0.05,20.0,0.19043078817207326,1.2608585947675097,120.00347149167942,107854320.0378618,3.7351173071587757e-06,3.3569740309820215,0.0,0.12,1772.5480885137745,120.00347149167942,151.30740843222185,151.30740843222185,120.00347149167942,3.7351173071587757e-06,0.023356134552204217,0.19999999999999998,0.0,0.0,5273.258937961077,0.11262381308006858,0.15000000000000002,0.039947126840179294,0.05679999999999999,0.04828,212.04428227285206,190576919.1355485,0.023925363001084447,0.5659358988857934,0.013540221816187631
France,38058.873045556495,66896109.0,0.7975,36854.9682804756,0.7333333333333333,0.95,0.2234491797478895,3,0.2,1.5,0.06,0.8,0.05,20.0,0.4438319124400001,1.1544045583839209,39.15492922532419,2619312413.3445725,1.1231750953936965e-07,7.513604360754211,0.0,0.14007913,9514.718261389125,39.15492922532418,45.200628780914045,45.200628780914045,39.15492922532419,1.1231750953936965e-07,0.0010773846179174,0.25,0.0,0.0,42581.12861333515,0.16843921415033244,0.2,0.11403765400000002,0.0764,0.064176,56.771391033522704,3797785162.6601577,0.0014916729395945936,0.6896947302595379,0.0010287989657091453
Gabon,16785.998014361994,1979786.0,0.87366,7179.340661153141,0.5333333333333333,0.5916666666666667,0.3299123735952057,3,0.2,1.5,0.06,0.8,0.05,20.0,0.1496354558727188,1.2549765065300778,70.06074370556347,138705279.53786272,1.1586431293375482e-06,2.2938654464586676,0.0,0.052868836,4196.4995035904985,70.06074370556347,87.92458738050719,87.92458738050719,70.06074370556347,1.1586431293375482e-06,0.004522219552290657,0.25,0.0,0.0,12720.042773356236,0.16381657907828318,0.04,0.040350118679494125,0.1003981028126589,0.09718536352265379,171.47764592638737,339489042.7180188,0.010215516871839981,0.40857071093476194,0.004173760990893716
Georgia,9267.299003743123,3719300.0,0.5382600000000001,3853.64990352915,0.6666666666666667,0.6166666666666667,0.3632651483124993,3,0.2,1.5,0.06,0.8,0.05,20.0,0.5682550917116101,1.28648367260485,36.46136298865318,135610747.36369774,8.762786257169727e-07,3.2591430926291363,0.0,0.0021951211,2316.8247509357807,36.46136298865318,46.9069481658211,46.9069481658211,36.46136298865318,8.762786257169727e-07,0.007367389954092642,0.25,0.0,0.0,6377.778770405823,0.15997355973217087,0.12000000000000002,0.15794174957928078,0.06715959,0.06071226936,53.19326179069536,197841698.57813326,0.005739888371920476,0.6854507838252373,0.003934410983602255
Germany,44072.39215751338,82667685.0,0.7551000000000001,41936.0585754956,0.8,0.9166666666666669,0.2730174463967501,3,0.2,1.5,0.06,0.8,0.05,20.0,0.4657967021718999,1.201229916171454,23.389196175304512,1933530701.823278,4.8667237156560634e-08,4.02320783107885,0.0,0.1491415,11018.098039378347,23.38919617530451,28.09580216097872,28.09580216097872,23.389196175304512,4.8667237156560634e-08,0.0006592195935594158,0.24999999999999997,0.0,0.0,40356.75443014291,0.16904984486990746,0.16,0.1237676376,0.06313776250000001,0.05505612889999999,30.65423092635497,2534114306.137171,0.0006955427065723523,0.7630005864931244,0.00053069949304572
Ghana,3980.202106073698,28206728.0,0.54682,1513.4610343274499,0.8,0.5416666666666667,0.4079350165763704,3,0.2,1.5,0.06,0.8,0.05,20.0,0.1950569407750749,1.3286816897071048,4.517075607196999,127411923.00764062,4.2291646631439e-07,11.929089732051164,0.0,0.05229459499999999,995.0505265184247,4.517075607196999,6.001755650305255,6.001755650305255,4.517075607196999,4.2291646631439e-07,0.000817592052826729,0.25,0.0,0.0,2439.237834666588,0.16882716483674473,0.16,0.06599102835852567,0.17447977199047449,0.15214636117569375,7.225791722380719,203815941.69784445,0.001815433369917152,0.6251322734927564,0.0011348859899109253
Greece,24263.878126376505,10746740.0,0.7832899999999999,18103.9693224025,0.8,0.4666666666666667,0.2367917503163358,3,0.2,1.5,0.06,0.8,0.05,20.0,0.506090727036,1.1670088046671074,115.88709622241751,1245408492.457303,8.061878409796485e-07,8.663891118169627,0.0,0.035917465,6065.969531594128,115.88709622241753,135.24126163886555,135.24126163886555,115.88709622241751,8.061878409796485e-07,0.007018168134041061,0.25,0.0,0.0,25617.317847815448,0.1619021340808814,0.2,0.12212588460000001,0.0505194435,0.04243633254,207.29359179141133,2227730334.648432,0.008543300073951036,0.5590481366111337,0.004776115986852088
Guatemala,7366.768479527129,16582469.0,0.5203,4146.7441286273,0.4666666666666667,0.5833333333333333,0.6475627728005022,3,0.2,1.5,0.06,0.8,0.05,20.0,0.059563797947480984,1.5550494079996444,10.654479455832723,176677575.28748298,1.060237471480136e-06,17.581355003457737,0.0,0.04445252200000001,1841.6921198817827,10.654479455832721,16.56824197033705,16.56824197033705,10.654479455832723,1.060237471480136e-06,0.007925768742381527,0.24999999999999997,0.0,0.0,2844.0364351351636,0.15855321210812748,0.08,0.017270792387144244,0.049140452799110695,0.04599546381996761,45.61411044595126,756394572.432563,0.006191875117660711,0.23357858679404372,0.001446289439588392
Guinea,1215.02537680237,12395924.0,0.37651,508.14507842728796,0.6,0.3333333333333333,0.3510694892836516,3,0.2,1.5,0.06,0.8,0.05,20.0,0.0773035834046281,1.274962872381474,3.009083854644336,37300374.77179823,1.6652016446789043e-06,20.641713032114698,0.0,0.009148516450000003,303.7563442005926,3.009083854644336,3.8364701945540602,3.8364701945540602,3.009083854644336,1.6652016446789043e-06,0.0014802188133857096,0.25,0.0,0.0,865.2313957000354,0.16772109926907142,0.12000000000000002,0.0173911062473122,0.172,0.155488,4.798649556391927,59483695.20366804,0.003949423319059164,0.6270688907957775,0.002476560499965408
Guinea-Bissau,1466.26769456368,1815698.0,0.5009399999999999,620.214764743552,0.2,0.16666666666666666,0.4231887629374076,3,0.2,1.5,0.06,0.8,0.05,20.0,0.09027206545463642,1.3430913549878307,1.1389287358701965,2067950.6278620448,5.250823054085242e-07,0.9533908917656468,0.0,5e-05,366.5669236409201,1.1389287358701965,1.5296853390944791,1.5296853390944791,1.1389287358701965,5.250823054085242e-07,0.000513569384760023,0.25,0.0,0.0,866.2019310166268,0.16904374754278023,0.04000000000000001,0.021769681974495123,0.17010000000000003,0.16465680000000002,2.0059467500597354,3642193.5021899617,0.0013680631152803574,0.5677761564888401,0.0007767536174280303
Guyana,7248.23018348168,773303.0,0.28661,4456.55369735494,0.0,0.0,0.3808481921743437,3,0.2,1.5,0.06,0.8,0.05,20.0,0.1951052074018166,1.3030937414147443,47.59413456344575,36804687.0403163,2.105583615367601e-06,1.6282541265146122,0.0,0.17,1812.0575458704195,47.59413456344575,62.019618877677324,62.019618877677324,47.59413456344575,2.105583615367601e-06,0.009482642285929273,0.25,0.0,0.0,4757.952336664634,0.15539697179571765,0.0,0.05359027749732714,0.07409999999999999,0.07409999999999999,88.40859207129358,68366629.47450754,0.012197266068173708,0.5383428629319802,0.0065663111350837315
Haiti,1653.96184811414,10847334.0,0.5979399999999999,739.595436253749,0.5333333333333333,0.25,0.1333669537730951,3,0.2,1.5,0.06,0.8,0.05,20.0,0.02684739920944751,1.0693071211172875,41.123099549525406,446075995.9289516,4.483030535697915e-05,486.2892955291421,0.0,0.027695407499999998,413.49046202853503,41.123099549525406,43.973223190722635,43.973223190722635,41.123099549525406,4.483030535697915e-05,0.013457011336804534,0.25,0.0,0.0,3100.39668996287,0.15226818436258954,0.12000000000000002,0.006152080891233856,0.09904374082136619,0.08953554170251504,205.17959410836008,2225651587.277814,0.12405340204328622,0.20042489960189389,0.024863390649799016
Honduras,4392.2659467579615,9112867.0,0.55315,2361.1576195089497,0.33333333333333337,0.5666666666666667,0.3635926941047578,3,0.2,1.5,0.06,0.8,0.05,20.0,0.1584729958419291,1.286793093328051,32.17454855571419,293202381.7732656,3.2816985672515957e-06,29.905682577454343,0.0,0.042606518999999995,1098.0664866894904,32.17454855571419,41.401986862441035,41.401986862441035,32.17454855571419,3.2816985672515957e-06,0.006841785228670794,0.25,0.0,0.0,3020.045519322556,0.15890658313099507,0.08,0.04415408049932733,0.1132751657943668,0.10602555518352731,64.99892886189012,592326593.8608661,0.014798495730857876,0.4950012118519483,0.007325273320360532
Hungary,25381.2879150676,9817958.0,0.71672,12664.8474351203,0.8666666666666666,0.6666666666666667,0.22126941170098394,3,0.2,1.5,0.06,0.8,0.05,20.0,0.5782193994399999,1.1523454099490313,124.03619365859981,1217782139.8199992,5.759968302945264e-07,5.655112687964788,0.0,0.053204940000000006,6345.3219787669,124.0361936585998,142.93253843003663,142.93253843003663,124.03619365859981,5.759968302945264e-07,0.0031633407042903007,0.24999999999999997,0.0,0.0,28676.905361603967,0.16612424583378543,0.2,0.15607834399999998,0.12202099999999999,0.10249764,158.46420954679388,1555794953.8336213,0.006243347858353618,0.7827394842869702,0.00488691488287187
India,6092.6480965848095,1324171354.0,0.33135999999999993,1709.38792119802,0.8666666666666666,0.775,0.4525301642355351,3,0.2,1.5,0.06,0.8,0.05,20.0,0.13686579323455766,1.3708091209429167,5.639817570660892,7468084868.855024,2.852022846661789e-07,377.6566954503075,0.0,0.04140727600000001,1523.1620241462024,5.6398175706608935,7.731113366316072,7.731113366316072,5.639817570660892,2.852022846661789e-07,0.0009329921351675708,0.25,0.0,0.0,3365.879546879044,0.1686725294254655,0.16,0.03651791516029112,0.139443348,0.121594599456,9.2286025502789,12220251134.530664,0.00151471123951044,0.6111236820454955,0.0009256759099253166
Indonesia,10764.547997322801,261115456.0,0.54466,3570.29488811764,0.6666666666666667,0.6083333333333334,0.30997681866727844,3,0.2,1.5,0.06,0.8,0.05,20.0,0.15884824127796396,1.2361441051712403,15.843025364203251,4136858792.393497,3.098063230225695e-07,80.89521930772155,0.0,0.07713463000000001,2691.1369993307003,15.84302536420325,19.58426241203829,19.58426241203829,15.843025364203251,3.098063230225695e-07,0.0025217243681154695,0.24999999999999997,0.0,0.0,8681.736301769395,0.16614383329109392,0.16,0.04269080518401122,0.05437913000000001,0.04741860136000001,23.542455765147515,6147299072.476322,0.0021870361645470525,0.6729555116190309,0.0014717780410420846
"Iran, Islamic Rep.",16010.1114418437,80277428.0,0.73879,4957.58127645679,0.6,0.4166666666666667,0.31799517747918205,3,0.2,1.5,0.06,0.8,0.05,20.0,0.1642311450901887,1.24371876019995,23.38241407466704,1877080062.34527,3.073306810671983e-07,24.67171662156298,0.0,0.059643470000000004,4002.5278604609252,23.38241407466704,29.081147043426753,29.081147043426753,23.38241407466704,3.073306810671983e-07,0.0016026941581034344,0.2500000000000001,0.0,0.0,12586.75647910716,0.16747403623872548,0.08,0.04548623602089473,0.08936633363466745,0.08364688828204872,42.35942894364974,3400506007.144958,0.0026457922605672814,0.5520002194971135,0.0014604779085769036
Ireland,62828.339165606936,4773095.0,0.63535,61606.482939417,0.0,0.35,0.31125054927451323,3,0.2,1.5,0.06,0.8,0.05,20.0,0.5612631499135998,1.2373473526406586,28.429884313118045,135698538.6655222,3.566295996075929e-08,0.17022269587390035,0.0,0.13136050499999996,15707.08479140173,28.429884313118045,35.1776420907168,35.1776420907168,28.429884313118045,3.566295996075929e-08,0.0005357040886585638,0.24999999999999997,0.0,0.0,50464.44039380178,0.1689715823022968,0.0,0.14915058109999996,0.06825278750000001,0.06825278750000001,38.195408606469556,182310313.8424968,0.0006079328072924491,0.7443272725796309,0.00045250096836366697
Israel,32612.6885763515,8547100.0,0.92205,37292.6122172917,0.0,0.4,0.3584782813615938,3,0.2,1.5,0.06,0.8,0.05,20.0,0.2382620327729155,1.2819616916518886,17.29021956373344,147781235.6331861,6.948381259167719e-08,0.5938850946023241,0.0,0.142981015,8153.1721440878755,17.290219563733444,22.1653991209563,22.1653991209563,17.29021956373344,6.948381259167719e-08,0.00034287236579948806,0.25,0.0,0.0,22743.838519644774,0.1693277520571235,0.0,0.07085360048806724,0.145,0.145,27.852894748211728,238061476.70244047,0.0008540508606950226,0.6207692133990326,0.0005301684809964159
Italy,34620.12936337149,60600590.0,0.69116,30527.2682030287,0.8666666666666666,0.7166666666666667,0.2046119687179293,3,0.2,1.5,0.06,0.8,0.05,20.0,0.45754649168350014,1.1366097229815528,62.67060920845771,3797875893.69197,2.2046724241262984e-07,13.360444965878392,0.0,0.09821945000000001,8655.032340842874,62.67060920845771,71.23202377151026,71.23202377151026,62.67060920845771,2.2046724241262984e-07,0.0014594968178151912,0.24999999999999997,0.0,0.0,42299.73639897082,0.16797296211469445,0.2,0.11420264350000002,0.0764,0.064176,96.63223267901903,5855970313.365833,0.0027912152396881882,0.648547668526186,0.0018102361360545337
Jamaica,8190.000905079552,2881355.0,0.5503,4868.248262607461,0.6,0.4083333333333333,0.3810091134726805,3,0.2,1.5,0.06,0.8,0.05,20.0,0.18820314286302245,1.3032457579745251,72.07315929282169,207668357.8941682,2.579387088642892e-06,7.432129884796641,0.0,0.08115440000000002,2047.5002262698881,72.07315929282169,93.92903911219209,93.92903911219209,72.07315929282169,2.579387088642892e-06,0.009667081369226978,0.25,0.0,0.0,5373.887799186987,0.15854422207957156,0.16,0.05092766441497086,0.11327516579436679,0.09877594457268786,130.07700275747604,374798022.28026736,0.015882416163934793,0.5540807196119021,0.008800140577288696
Japan,38239.77128719161,126994511.0,0.93928,38894.4677292018,0.8,0.8166666666666667,0.210442533555454,3,0.2,1.5,0.06,0.8,0.05,20.0,0.27309551297088785,1.1421176477705022,66.77367151102274,8479889761.216962,1.7147962120251944e-07,21.77697064107919,0.0,0.153682115,9559.942821797902,66.77367151102274,76.26338863916949,76.26338863916949,66.77367151102274,1.7147962120251944e-07,0.0018919107008249377,0.25000000000000006,0.0,0.0,45427.80710857934,0.16730334031718005,0.15999999999999998,0.08057956491556748,0.05595540000000001,0.048793108800000005,87.21350176728406,11075636009.533875,0.002280701448559557,0.7656345652671774,0.0017461838620721184
Kazakhstan,23419.905577422796,17797032.0,0.5322899999999999,7510.07720865798,0.6,0.775,0.3305707553557686,3,0.2,1.5,0.06,0.8,0.05,20.0,0.05961145010305861,1.2555984560873927,26.591972849316406,473258191.7424152,2.0257087939206453e-07,3.605160422808713,0.0,0.024365998,5854.976394355699,26.591972849316406,33.388840053919544,33.388840053919544,26.591972849316406,2.0257087939206453e-07,0.0025986496384403984,0.25,0.0,0.0,17711.719199281335,0.16603556165792047,0.16,0.015143685119362624,0.04690624823615736,0.040902248461929226,49.39351039232353,879057885.0445144,0.0021090396897218812,0.5383697704030607,0.0011354432135265114
Kenya,2925.6009171118803,48461567.0,0.26055,1455.35976536469,0.8,0.5083333333333333,0.4629602731517201,3,0.2,1.5,0.06,0.8,0.05,20.0,0.11136031308920984,1.380662069508237,2.772228344837405,134346529.672637,5.819090800615473e-07,28.200225871311034,0.0,0.08995689500000001,731.4002292779702,2.772228344837405,3.8275105237326064,3.8275105237326064,2.772228344837405,5.819090800615473e-07,0.0008726027029279171,0.2500000000000001,0.0,0.0,1579.8336740618731,0.16883484649317768,0.08000000000000002,0.026106012241983376,0.155,0.14508,6.26546056094362,303634036.7600268,0.0021415978250132663,0.44246202140643415,0.0009475757026949927
Kiribati,1897.8123473203807,114395.0,0.44447,1449.05823116784,0.0,0.0,0.28394957983193275,3,0.2,1.5,0.06,0.8,0.05,20.0,0.08797940376986653,1.2115571092345032,0.03982753714211326,4556.071111372046,1.1776999333482288e-08,0.0013472298387537062,0.0,0.0,379.56246946407606,0.03982753714211326,0.048253335767828545,0.048253335767828545,0.03982753714211326,1.1776999333482288e-08,1.2949000501459406e-05,0.19999999999999998,0.0,0.0,1336.7248850614105,0.1359737730994899,0.0,0.017682935525624756,0.09912,0.09912,0.06625016682777396,7578.687834263202,3.490870260240218e-05,0.6011688581200135,2.0986024881937265e-05
Kyrgyz Republic,3291.96824336307,6082700.0,0.35850000000000004,1077.0361743347999,0.6,0.4833333333333333,0.5202256666410198,3,0.2,1.5,0.06,0.8,0.05,20.0,0.28081134862626145,1.4347586260405798,11.016776179948556,67011744.469773084,1.6874147830040392e-06,10.264037900578671,0.0,0.013088184500000002,822.9920608407674,11.016776179948556,15.806414655339577,15.806414655339577,11.016776179948556,1.6874147830040392e-06,0.009338850033151207,0.25,0.0,0.0,1581.9904968446529,0.15668507749367613,0.16,0.07220211275181021,0.06491088301701908,0.05660228999084064,21.685735123365124,131907821.03489304,0.006587467897688772,0.5080194937951915,0.0033465621067759244
Lao PDR,5734.58657171573,6758353.0,0.3965400000000001,2353.1528746508397,0.4,0.16666666666666666,0.2472988860728427,3,0.2,1.5,0.06,0.8,0.05,20.0,0.14958605215567888,1.1769345177166666,75.95808208764274,513351531.9512665,3.5414378264273373e-06,23.934286958548675,0.0,0.05433094,1433.6466429289328,75.95808208764274,89.39768870850277,89.39768870850277,75.95808208764274,3.5414378264273373e-06,0.011855937407189772,0.25,0.0,0.0,5797.22240441733,0.153424944620533,0.12000000000000002,0.03399247425035169,0.08,0.07231999999999998,104.63992963819666,707193582.3900954,0.018247161906022016,0.7258995906273602,0.013245607357692544
Latvia,23712.090780107403,1960424.0,0.67361,14118.0639067571,0.0,0.35,0.2393699080806075,3,0.2,1.5,0.06,0.8,0.05,20.0,0.28388462077399995,1.1694442975319261,85.83627909487537,168275501.6082919,5.27640996183066e-07,1.0344000723011912,0.0,0.06893353,5928.0226950268525,85.83627909487537,100.38074710886087,100.38074710886087,85.83627909487537,5.27640996183066e-07,0.006250082939712682,0.25,0.0,0.0,24765.112467815277,0.15980480727158564,0.0,0.08376740299999999,0.04690624823615737,0.04690624823615737,131.10531276112846,257022001.6644225,0.0055290490398727556,0.6547124390852682,0.0036199371827171523
Lesotho,2808.2363296740305,2203821.0,0.2784,998.1343715575772,0.4,0.16666666666666666,0.1992120956582078,3,0.2,1.5,0.06,0.8,0.05,20.0,0.09296403474328555,1.1315086572166373,11.153050883745173,24579327.751666166,1.8324897156836063e-06,4.03847931770756,0.0,0.02417322699999999,702.0590824185078,11.153050883745173,12.61977362933533,12.61977362933533,11.153050883745173,1.8324897156836063e-06,0.0012752883069628788,0.25000000000000006,0.0,0.0,3524.178991736749,0.16778290231543705,0.08,0.0219822056926189,0.16332017079787223,0.1528676798668084,18.555208311515965,40892357.73629343,0.006607424067357531,0.6010738708238177,0.003971549960341044
Liberia,753.5573790486219,4613823.0,0.501,455.370741357005,0.0,0.0,0.4725120712732518,3,0.2,1.5,0.06,0.8,0.05,20.0,0.144762920212705,1.38968530947189,1.5323338976386085,7069917.380604658,1.8027932682193788e-06,8.317769045155742,0.0,0.042397945000000006,188.38934476215547,1.5323338976386085,2.1294619067541776,2.1294619067541776,1.5323338976386085,1.8027932682193788e-06,0.001423502999691022,0.25,0.0,0.0,398.69742217275694,0.16719787587544954,0.0,0.032753329144043,0.16968698008290842,0.16968698008290842,2.5374279908800874,11707243.625166338,0.0033672658000955817,0.6038925648909274,0.0020334667806892214
Lithuania,27904.096250860606,2872298.0,0.6651199999999999,14879.680298969799,0.0,0.35,0.3129644244946807,3,0.2,1.5,0.06,0.8,0.05,20.0,0.3817914530490001,1.2389663888872968,49.87802903171366,143264563.03173307,2.2617674462913653e-07,0.6496470112447796,0.0,0.08045027000000002,6976.024062715152,49.87802903171366,61.797201514238004,61.797201514238004,49.87802903171366,2.2617674462913653e-07,0.002138660508527856,0.25,0.0,0.0,22290.150306951964,0.16600637698835996,0.0,0.111530877,0.07617904,0.07617904,71.73306357969373,206038735.05382717,0.002570700119968278,0.6953282983139336,0.0017874805398929677
Luxembourg,97018.66363974278,582972.0,0.90432,102831.32148281099,0.0,0.5,0.24723066038615735,3,0.2,1.5,0.06,0.8,0.05,20.0,0.45201338680319997,1.1768700673655583,17.890781959862334,10429824.940704865,1.153823141723322e-08,0.006726465845767284,0.0,0.15777956000000004,24254.6659099357,17.890781959862338,21.055125770325706,21.055125770325706,17.890781959862334,1.153823141723322e-08,0.0001749265812768896,0.25,0.0,0.0,98105.4124599739,0.1696497244137759,0.0,0.11495296060000001,0.06695448000000001,0.06695448000000001,23.727659685463962,13832561.222154297,0.00024456799130496526,0.7540053337338862,0.00018440556990452652
"Macedonia, FYR",13054.776967286602,2081206.0,0.5720399999999999,5237.1476704612,0.6666666666666667,0.3333333333333333,0.2639321665831752,3,0.2,1.5,0.06,0.8,0.05,20.0,0.2835784572974015,1.1926473792656516,15.66922270397057,32610880.30683978,2.5283942007122583e-07,0.5262109180887555,0.0,0.03964246049999998,3263.6942418216495,15.66922270397057,18.687857393020344,18.687857393020344,15.66922270397057,2.5283942007122583e-07,0.0018610620602601436,0.25,0.0,0.0,12365.65547910635,0.1672278770285625,0.12000000000000002,0.0829181478879721,0.05591939999999998,0.05055113759999999,25.660563786306366,53404919.31544352,0.001965607214172104,0.6106343895815872,0.0012002673613831468
Madagascar,1396.0917341961704,24894551.0,0.35741,401.3188700689949,0.6,0.25,0.2940729838426214,3,0.2,1.5,0.06,0.8,0.05,20.0,0.09732821611987977,1.2211203247123867,15.60359256956048,388444431.0061444,7.209791540353908e-06,179.4845232007089,0.0,0.0098361655,349.0229335490426,15.603592569560476,19.053864025221475,19.053864025221475,15.60359256956048,7.209791540353908e-06,0.007723121902023088,0.25,0.0,0.0,1186.8582043423228,0.15816980448978293,0.07999999999999999,0.023467552390362502,0.12348944254293814,0.1155861182201901,25.589810180402814,637046834.6163571,0.018329605106599027,0.6097580427349172,0.011176624133903766
Malawi,1083.97019631881,18091575.0,0.16454000000000002,300.794825113129,0.8,0.3333333333333333,0.25307656921941635,3,0.2,1.5,0.06,0.8,0.05,20.0,0.0317441869673202,1.1823924870751237,5.820474093584356,105301543.59963839,4.0977614073180755e-06,74.13495783260049,0.0,0.019644012000000002,270.9925490797025,5.820474093584355,6.882084839469532,6.882084839469532,5.820474093584356,4.0977614073180755e-06,0.0034497142144879664,0.25,0.0,0.0,1070.7927245716419,0.16517797101902845,0.16000000000000003,0.007550393619507254,0.12348944254293814,0.10768279389744204,9.95051707849798,180020526.01442707,0.009179696187487613,0.5849418726351205,0.005369588678130481
Malaysia,25660.4598532358,31187265.0,0.7537,9502.56839625166,0.8,0.7666666666666666,0.2505940745612133,3,0.2,1.5,0.06,0.8,0.05,20.0,0.10042580371935181,1.1800473637041682,37.25889842379733,1162003138.7510495,2.3601324165121323e-07,7.3606075108854245,0.0,0.09126318000000001,6415.114963308951,37.258898423797326,43.96726485952342,43.96726485952342,37.25889842379733,2.3601324165121323e-07,0.0020053394673310338,0.24999999999999997,0.0,0.0,25599.627503330743,0.16725914257946048,0.2,0.028029593917336084,0.06433840937626818,0.05404426387606526,65.99870519434378,2058319108.5528762,0.0025720000955486116,0.5645398392905213,0.0014519965205962186
Maldives,12235.546466419199,417492.0,0.4654,8601.632488381541,0.6,0.3333333333333333,0.326357971697339,3,0.2,1.5,0.06,0.8,0.05,20.0,0.07243500689016316,1.2516187909624277,0.05494838218518633,22940.50997525781,1.0021853807548177e-09,0.0004184043789820904,0.0,0.11000000000000003,2447.109293283839,0.054948382185186315,0.06877442767596431,0.06877442767596431,0.05494838218518633,1.0021853807548177e-09,3.459286699429007e-06,0.2,0.0,0.0,7498.23661593676,0.13599437260955358,0.06,0.014886418589933902,0.09911999999999993,0.09317279999999994,0.09228998481389543,38530.33033992283,7.542775883953192e-06,0.5953883543917666,4.490880921092794e-06
Mali,1962.6908740154602,17994837.0,0.40683,780.507110874523,0.6,0.3333333333333333,0.6438448659589122,3,0.2,1.5,0.06,0.8,0.05,20.0,0.05471080441005166,1.5515372351953896,2.397342884635061,43139794.44211772,1.0135506480317905e-06,18.23867870257644,0.0,0.00892192895,490.67271850386504,2.3973428846350604,3.7195667510420214,3.7195667510420214,2.397342884635061,1.0135506480317905e-06,0.006715529182290122,0.25,0.0,0.0,762.0977419352101,0.1603288613597179,0.12000000000000002,0.012723204824957892,0.052342427500000004,0.04731755446000001,5.99646136569861,107905344.85254388,0.0030552245618947,0.3997929342709542,0.0012214571924565726
Mauritania,3572.2805503331997,4301018.0,0.60446,1077.5561362616302,0.6666666666666667,0.3333333333333333,0.2381059708580064,3,0.2,1.5,0.06,0.8,0.05,20.0,0.10062116528369909,1.1682503015205559,11.837103721041878,50911596.172068104,2.027284613490774e-06,8.71938761374686,0.0,0.0323635905,893.0701375833002,11.837103721041878,13.82869999123727,13.82869999123727,11.837103721041878,2.027284613490774e-06,0.006430493919520117,0.25,0.0,0.0,3750.725504132272,0.16142129896364854,0.12000000000000002,0.024226111060274422,0.049229755,0.04450369852,29.45139023528972,126670959.52700531,0.008244422525140887,0.40192003251711467,0.003313598569389458
Mauritius,19548.6385168449,1263473.0,0.39548,9627.59578522351,0.7333333333333333,0.7416666666666667,0.29481279169257346,3,0.2,1.5,0.06,0.8,0.05,20.0,0.3754691756877266,1.2218191945662276,55.97423774408755,70721938.08523554,4.0471042963611544e-07,0.5113407006636317,0.0,0.07916300400000001,3909.7277033689807,55.974237744087546,68.39039807693958,68.39039807693958,55.97423774408755,4.0471042963611544e-07,0.003364612269892711,0.2,0.0,0.0,13261.730201469647,0.13112602563908352,0.12000000000000001,0.07637430347094513,0.06,0.0528,75.26961553178455,95101126.94479042,0.0038503763557203915,0.74364984261745,0.00286333177094942
Mexico,16831.124725800502,127540423.0,0.7951699999999999,8201.3062528823,0.5333333333333333,0.7666666666666666,0.3682630449767729,3,0.2,1.5,0.06,0.8,0.05,20.0,0.29588882801363964,1.2912050057341198,7.848131114689861,1000953962.1270064,9.135447448947182e-08,11.651388319329945,0.0,0.042637214,4207.7811814501265,7.848131114689861,10.133546180945245,10.133546180945245,7.848131114689861,9.135447448947182e-08,0.0005711654067029839,0.25,0.0,0.0,11426.02071765175,0.16904365049597042,0.16,0.08292404265376946,0.09930768999999999,0.08659630567999997,13.57386925996083,1731217027.1621013,0.0008064742838696566,0.578179365395811,0.0004662867896557992
Moldova,4944.335661206501,3552000.0,0.45089,1900.20147934803,0.6,0.375,0.25670477375728673,3,0.2,1.5,0.06,0.8,0.05,20.0,0.37820457340735036,1.1858199213409946,26.516047503767126,94185000.73338084,1.4780233546260966e-06,5.249938955631895,0.0,0.0198708005,1236.0839153016254,26.516047503767133,31.44325736519121,31.44325736519121,26.516047503767126,1.4780233546260966e-06,0.0034965168942587754,0.25,0.0,0.0,4815.196450029158,0.1646591925969653,0.12000000000000002,0.09756281657666019,0.11806166322727182,0.10672774355745372,34.96389026756476,124191738.23039001,0.007071504174340984,0.7583837868398038,0.005362914114390195
Mongolia,11328.475735762504,3027398.0,0.72823,3686.4516981052398,0.5333333333333333,0.5666666666666667,0.20767487925071607,3,0.2,1.5,0.06,0.8,0.05,20.0,0.2712448422939879,1.139503144342944,25.424255612084654,76969340.59151386,4.989201827366639e-07,1.5104299633766107,0.0,0.09308539500000002,2832.1189339406255,25.42425561208465,28.9710192125492,28.9710192125492,25.424255612084654,4.989201827366639e-07,0.0036420417100281044,0.25,0.0,0.0,13637.272568347287,0.16451588527728575,0.12000000000000002,0.07375610248888749,0.04690624823615736,0.042403248405486246,40.93153746352963,123916054.65401468,0.003613154886699732,0.621140987795484,0.0022442785953827515
Montenegro,15658.113213054397,622781.0,0.64223,6701.000080242408,0.0,0.175,0.3648966623915853,3,0.2,1.5,0.06,0.8,0.05,20.0,0.3402291435956087,1.288024905245277,15.574770975125073,9699671.442659369,1.8551034846184574e-07,0.11553232032541674,0.0,0.015474723499999997,3914.5283032636003,15.574770975125073,20.060692909452364,20.060692909452364,15.574770975125073,1.8551034846184574e-07,0.000794742967911697,0.25,0.0,0.0,10727.772289302993,0.16844132858113425,0.0,0.08470789434246175,0.12319479216500004,0.12319479216500004,24.72885411295366,15400660.493319392,0.0015792997391497242,0.6298217824402376,0.0009946773767186814
Morocco,7265.847078936459,35276786.0,0.60685,2832.4297771362208,0.8666666666666666,0.75,0.26925696721882303,3,0.2,1.5,0.06,0.8,0.05,20.0,0.15119878825208655,1.1976775268130286,8.907097903652089,314213786.62818336,4.3130931220420737e-07,15.215206306435011,0.0,0.0370804765,1816.4617697341148,8.907097903652087,10.667830988327545,10.667830988327545,8.907097903652089,4.3130931220420737e-07,0.0015336163001781348,0.25,0.0,0.0,6746.201550498377,0.16787628491045403,0.16000000000000003,0.04212972902144363,0.07683043750000002,0.06699614150000001,18.175769231068525,641182721.549789,0.002501534787837705,0.49005342169655475,0.0012258856822728323
Namibia,9812.408628573532,2479713.0,0.47625,4140.4619324880105,0.7333333333333333,0.6083333333333334,0.2751726819797061,3,0.2,1.5,0.06,0.8,0.05,20.0,0.17055031662223671,1.2032658896704518,29.76866293369633,73817740.46930493,8.213067852103902e-07,2.036605112274412,0.0,0.076936525,2453.1021571433826,29.76866293369633,35.81961668921391,35.81961668921391,29.76866293369633,8.213067852103902e-07,0.0016509395814101459,0.24999999999999997,0.0,0.0,8914.77358687916,0.167683893233107,0.16,0.0487541851738819,0.16332017079787223,0.14241518893574456,54.31877423937695,134694970.62544814,0.0055357228072628155,0.5480363530021694,0.0030337773385232442
Nepal,2287.7232646775205,28982771.0,0.18995,729.532501133179,0.6,0.3333333333333333,0.2701993002713125,3,0.2,1.5,0.06,0.8,0.05,20.0,0.30538727819976647,1.1985677149378307,11.232066938732808,325536423.94196403,2.4168290488040793e-06,70.04640286763646,0.0,0.04882089100000001,571.9308161693801,11.232066938732808,13.46239280478574,13.46239280478574,11.232066938732808,2.4168290488040793e-06,0.0033525832657943723,0.25,0.0,0.0,2116.699841913332,0.16497559015129,0.08,0.07311567546135572,0.11465627499999997,0.10731827339999997,17.993916966766534,521513574.84080905,0.00786542552790054,0.6242146698507961,0.004909713999134459
Netherlands,47128.31078920881,17018408.0,0.91032,45294.77999538661,0.8,0.9166666666666669,0.25251989485705195,3,0.2,1.5,0.06,0.8,0.05,20.0,0.4060218499024999,1.1818666168369425,27.050186799620366,460351115.4321536,5.0393671833563845e-08,0.8576200678816975,0.0,0.15769851000000001,11782.077697302202,27.050186799620366,31.969712757674642,31.969712757674642,27.050186799620366,5.0393671833563845e-08,0.0006573004404842003,0.25,0.0,0.0,46658.01759489833,0.16908055217786636,0.2,0.10395956,0.06692598000000001,0.0562178232,35.07773132789323,596967143.4524688,0.0007443027500982519,0.7711498371079234,0.0005739689444972464
Nicaragua,5136.8415737058285,6149928.0,0.59107,2151.38204656346,0.6,0.4833333333333333,0.29951711867347164,3,0.2,1.5,0.06,0.8,0.05,20.0,0.14434528364904275,1.2262632029797265,17.23183752190418,105974560.0674091,1.3343499152405963e-06,8.206155905535768,0.0,0.024459631500000002,1284.210393426457,17.23183752190418,21.13076827283645,21.13076827283645,17.23183752190418,1.3343499152405963e-06,0.003180108611567827,0.25,0.0,0.0,4287.602655614757,0.16504841111875995,0.12000000000000004,0.03901468224861875,0.09920843346619013,0.08968442385343592,33.42628646712316,205569255.0801818,0.0065071670962608096,0.5155175564851563,0.0033545588811049825
Niger,906.992520617293,20672987.0,0.1901,363.22697388988195,0.6666666666666667,0.3333333333333333,0.23359231685535525,3,0.2,1.5,0.06,0.8,0.05,20.0,0.06383865123540224,1.1639864150082335,2.097448401384889,43360523.535000585,2.25536131163341e-06,46.62505507570043,0.0,0.005137404500000002,226.7481301543233,2.097448401384889,2.4414014453927466,2.4414014453927466,2.097448401384889,2.25536131163341e-06,0.004430773227058896,0.25,0.0,0.0,970.700291888153,0.16340391519084094,0.12000000000000002,0.015866149389545,0.055755925,0.05040335619999999,4.191743558566438,86655860.09357771,0.004621585584535543,0.5003761256096995,0.002312531088963533
Nigeria,5438.92271094916,185989640.0,0.48597,2177.98516981843,0.8,0.5916666666666667,0.8736444729486806,3,0.2,1.5,0.06,0.8,0.05,20.0,0.04263636878972266,1.7686206545724874,3.016513223033327,561040208.4072083,2.3108057902898032e-07,42.97859370459161,0.0,0.074349295,1359.73067773729,3.0165132230333276,5.335067591047767,5.335067591047767,3.016513223033327,2.3108057902898032e-07,0.0008441995038314966,0.24999999999999997,0.0,0.0,1556.3890344867584,0.16875490194889647,0.16000000000000003,0.009852227139645849,0.16968698008290842,0.1479670466322961,6.3068566123718215,1173009990.8666546,0.001159578274512968,0.4782910740535936,0.0005546159383660203
Norway,63810.78642619123,5232929.0,0.80734,70812.4774226187,0.8,1.0,0.3359516873480029,3,0.2,1.5,0.06,0.8,0.05,20.0,0.39554614268599997,1.2606816289074485,0.0,0.0,0.0,0.0,0.0,0.15942097200000005,12762.157285238247,0.0,0.0,0.0,0.0,0.0,0.0,0.2,0.0,0.0,37988.07318392268,0.13600000000000004,0.12,0.08192560768000001,0.03752499858892589,0.03302199875825478,0.0,0.0,0.0,,
Pakistan,4866.1634560886105,193203476.0,0.39224000000000003,1468.19294647812,0.7333333333333333,0.5416666666666667,0.3767173581299691,3,0.2,1.5,0.06,0.8,0.05,20.0,0.13487566322551187,1.2991914911412175,11.631497985564572,2247245841.8980727,7.902364331576785e-07,152.6764257479051,0.0,0.009609348500000002,1216.5408640221526,11.631497985564572,15.111543212071702,15.111543212071702,11.631497985564572,7.902364331576785e-07,0.0018541393371174681,0.25000000000000006,0.0,0.0,3229.3199072670313,0.16724602674578964,0.12000000000000002,0.031875358658694466,0.13903668,0.12568915872000003,18.252216867469347,3526391743.5009093,0.0037508433557923177,0.6372649454048082,0.0023902809863509786
Panama,21334.93967837731,4034119.0,0.6689499999999999,13680.23600692,0.6666666666666667,0.7166666666666667,0.5402427160644628,3,0.2,1.5,0.06,0.8,0.05,20.0,0.14072830960393484,1.453668012316749,15.440169579862344,62287481.46534468,1.5588026532322298e-07,0.6288395400654548,0.0,0.05548940000000001,5333.734919594327,15.440169579862339,22.44488062299202,22.44488062299202,15.440169579862344,1.5588026532322298e-07,0.0006336378856713908,0.24999999999999997,0.0,0.0,9872.849297162751,0.16906568580581477,0.12000000000000002,0.038130492480409034,0.170284254835467,0.15393696637126217,33.05189759058762,133335288.05624375,0.0015491910494635846,0.467149262384842,0.0007237034560501128
Papua New Guinea,2620.88240255585,8084991.0,0.13039,2182.71656543065,0.4,0.4,0.32518120719724364,3,0.2,1.5,0.06,0.8,0.05,20.0,0.015907582530381756,1.2505071438850954,10.317006788465648,83412907.03168367,2.0009031063497118e-06,16.177283606709462,0.0,0.03595000000000001,655.2206006389625,10.317006788465651,12.90149069248732,12.90149069248732,10.317006788465648,2.0009031063497118e-06,0.002594928141704682,0.25,0.0,0.0,2014.939935448141,0.1655996909079174,0.12000000000000002,0.0040938688477744015,0.14271999999999999,0.12901887999999997,18.267129836837313,147689580.32666114,0.0069698395544277175,0.564785320990081,0.003936463069996822
Paraguay,8877.60664526029,6725308.0,0.59924,4080.20464394436,0.8,0.6666666666666667,0.3682732130696673,3,0.2,1.5,0.06,0.8,0.05,20.0,0.16495334391895475,1.291214611165578,9.591402481999909,64505135.843413845,3.4618663918663454e-07,2.3282117740149864,0.0,0.0306213085,2219.401661315073,9.591402481999907,12.384559026328073,12.384559026328073,9.591402481999909,3.4618663918663454e-07,0.0012550762336585094,0.25,0.0,0.0,6026.508533747801,0.16823289832352828,0.16000000000000003,0.04503995175676002,0.10943802999999999,0.09542996216000002,19.702843665380662,132507692.1255339,0.0022193868744905376,0.4868029531621725,0.0010804040847113576
Peru,12071.592376588096,31773839.0,0.7892399999999999,6045.6500766247,0.6,0.7666666666666666,0.27019867536419195,3,0.2,1.5,0.06,0.8,0.05,20.0,0.21631935795440796,1.1985671246105611,57.151578892759595,1815925066.3343415,1.566669086709411e-06,49.77909132738186,0.0,0.036417998000000014,3017.898094147024,57.15157889275959,68.50000358044849,68.50000358044849,57.151578892759595,1.566669086709411e-06,0.007981784619739852,0.2500000000000001,0.0,0.0,11169.181677442713,0.1591658516671038,0.12000000000000002,0.0524708723531803,0.057645600000000005,0.0521116224,141.38163140201138,4492237193.7248535,0.011711928881579032,0.404236238654313,0.004734386078476323
Philippines,7236.467071320379,103320222.0,0.44288999999999995,2951.07192903542,0.7333333333333333,0.6333333333333333,0.27365718828027585,3,0.2,1.5,0.06,0.8,0.05,20.0,0.2464193140373335,1.2018342573076888,62.82762672062832,6491364340.508451,2.2112080561797435e-06,228.4625072526795,0.0,0.04569564849999999,1809.1167678300951,62.82762672062831,75.50839409819105,75.50839409819105,62.82762672062832,2.2112080561797435e-06,0.011589149893905273,0.25,0.0,0.0,6610.887070787348,0.15403410371262077,0.12000000000000004,0.05960422592964329,0.05959492689841408,0.05387381391616634,92.6147014912786,9568971518.542635,0.01279833108870624,0.6783763885104647,0.008682085622917743
Poland,26003.01339459691,37948016.0,0.60531,12372.4170564311,0.6,0.7916666666666667,0.4132026319993685,3,0.2,1.5,0.06,0.8,0.05,20.0,0.5234936942506,1.3336578164419033,11.647295205795421,441991744.82624793,6.8558726841295e-08,2.601667663113092,0.0,0.061376847000000005,6500.7533486492275,11.64729520579542,15.533506291615367,15.533506291615367,11.647295205795421,6.8558726841295e-08,0.0015023859625160224,0.25,0.0,0.0,15732.603921698064,0.1676630977479211,0.2,0.1334919847,0.04690624823615736,0.039401248518372185,19.560409037405876,742278715.1180228,0.0007522362404916608,0.5954525380078707,0.0004479209785822584
Portugal,27006.874281323595,10324611.0,0.6401699999999999,19813.3082485256,0.8,0.6666666666666667,0.19024226740462852,3,0.2,1.5,0.06,0.8,0.05,20.0,0.4919059257900001,1.1230351832450347,7.415973102825043,76567037.47313157,3.0886145897140775e-08,0.31888744167722455,0.0,0.06973343,6751.7185703309,7.415973102825043,8.328398712471373,8.328398712471373,7.415973102825043,3.0886145897140775e-08,0.0006304736314452669,0.25,0.0,0.0,35490.1077580756,0.1691038867212292,0.16,0.12624274350000003,0.02525,0.022018,9.326103597269459,96288391.78750782,0.0003453233239849181,0.7951845082437565,0.00027459575756804647
Romania,21647.8089324482,19705301.0,0.5474899999999999,9474.130604405358,0.6,0.6916666666666667,0.2677480378213938,3,0.2,1.5,0.06,0.8,0.05,20.0,0.44061879101040013,1.1962520955101494,42.52429560468126,837954044.703221,2.8003601918896376e-07,5.518194048960307,0.0,0.03963879150000001,5411.952233112051,42.52429560468126,50.869777727192975,50.869777727192975,42.52429560468126,2.8003601918896376e-07,0.0016899312146954912,0.25,0.0,0.0,20212.854880834613,0.16734515201897873,0.16,0.11406397915000005,0.10002203500000001,0.08721921452000002,60.69153569151753,1195944978.953596,0.0028035879234200997,0.7006627056007187,0.001964369499813028
Russian Federation,24026.004916417598,144342396.0,0.7410100000000001,8748.36450405452,0.0,0.25,0.3491630039272151,3,0.2,1.5,0.06,0.8,0.05,20.0,0.23187086375489838,1.2731618842701848,20.78309060876373,2999881094.7540545,1.8615494425566233e-07,26.870050681108737,0.0,0.04217514,6006.501229104401,20.78309060876373,26.460238800411606,26.460238800411606,20.78309060876373,1.8615494425566233e-07,0.0017963031271772125,0.25,0.0,0.0,17202.570608988368,0.16654894979889975,0.0,0.06063547703048695,0.05884406900547497,0.05884406900547497,47.16553235347265,6807985948.515761,0.0019631034172162016,0.44064149330509006,0.0008650248212744723
Rwanda,1773.7504839499002,11917508.0,0.29775,702.835601585743,0.8,0.4833333333333333,0.7125778172498791,3,0.2,1.5,0.06,0.8,0.05,20.0,0.11410813697829807,1.6164667809225368,3.6072043199055908,42988886.340109445,1.1635391881420883e-06,13.86648758299684,0.0,0.08148644150000002,443.43762098747516,3.6072043199055903,5.830925955127659,5.830925955127659,3.6072043199055908,1.1635391881420883e-06,0.0021997166724174563,0.25,0.0,0.0,622.3006249322734,0.16660354689918666,0.16,0.027230638108753244,0.17149999999999999,0.14954800000000001,5.914150372050245,70481934.37211177,0.0033342628659247717,0.6099277314545334,0.002033659385886587
Senegal,2380.386917487361,15411614.0,0.44065,958.073737852607,0.6666666666666667,0.5083333333333333,0.2262101120163632,3,0.2,1.5,0.06,0.8,0.05,20.0,0.22143172794855623,1.1570127117457127,2.6090179543413425,40209177.63137838,4.3538152205720637e-07,6.709931960678152,0.0,0.02165716475,595.0967293718404,2.6090179543413416,3.0186669383457283,3.0186669383457283,2.6090179543413425,4.3538152205720637e-07,0.00039308371124524203,0.25,0.0,0.0,2630.7255854627456,0.16935948943561638,0.12000000000000002,0.05139301530572866,0.172,0.155488,3.4404247234299845,53022497.83355968,0.0014453216400052962,0.7583418223260068,0.001096047846328829
Serbia,13720.0872294126,7057412.0,0.5566800000000001,5348.29406421381,0.6,0.5083333333333333,0.2201204533701086,3,0.2,1.5,0.06,0.8,0.05,20.0,0.38166059309266565,1.1512600303591554,100.1045428512004,706479001.9725759,1.262577783110696e-06,8.910531597458823,0.0,0.025093349999999997,3430.02180735315,100.1045428512004,115.24635904196236,115.24635904196236,100.1045428512004,1.262577783110696e-06,0.003780812500818793,0.24999999999999997,0.0,0.0,15582.476570616274,0.16443083063984662,0.08,0.09797482879460667,0.12326875014,0.11537955013103998,138.0634899488551,974370930.7269294,0.010062872607171175,0.7250616574177837,0.007296203090939547
Seychelles,26319.158625051496,94677.0,0.54214,15075.7194365696,0.6666666666666667,0.4166666666666667,0.21854769867246696,3,0.2,1.5,0.06,0.8,0.05,20.0,0.24117604961047617,1.149774305591921,0.0,0.0,0.0,0.0,0.0,0.188,5263.831725010298,0.0,0.0,0.0,0.0,0.0,0.0,0.2,0.0,0.0,24085.50516424837,0.13600000000000004,0.12,0.05392089430008345,0.06,0.0528,0.0,0.0,0.0,,
Sierra Leone,1365.86594306599,7396190.0,0.40318000000000004,496.049463350517,0.7333333333333333,0.3333333333333333,0.4068659912801502,3,0.2,1.5,0.06,0.8,0.05,20.0,0.044822205245042254,1.3276718199786748,4.310985733395456,31884869.571482137,1.939231153919588e-06,14.342922068308518,0.0,0.03353007350000001,341.46648576649744,4.310985733395456,5.7235742745592475,5.7235742745592475,4.310985733395456,1.939231153919588e-06,0.002255683685625865,0.25,0.0,0.0,839.2603291617423,0.16667617592707568,0.16000000000000003,0.010644375483160658,0.16968698008290842,0.1479670466322961,6.660632087169162,49263300.43679968,0.004876490347374715,0.6472337275166432,0.003156229024730267
Slovak Republic,29156.093911834203,5428704.0,0.53468,16495.9876837228,0.7333333333333333,0.625,0.305901886041796,3,0.2,1.5,0.06,0.8,0.05,20.0,0.4426394312843999,1.2322946629565266,50.71449097980016,275313960.040005,2.056649999901672e-07,1.1164944081066206,0.0,0.11896934,7289.023477958552,50.71449097980015,62.495196568964644,62.495196568964644,50.71449097980016,2.056649999901672e-07,0.0013267291796355439,0.25,0.0,0.0,23827.97821966562,0.16799258924231616,0.16,0.11130990510000001,0.12328776913999998,0.10750693469007999,69.66775609769613,378205626.19858736,0.00238947495190426,0.727947817189382,0.0017394130754674096
Slovenia,29803.449617239894,2064845.0,0.4962699999999999,21304.5701619503,0.8666666666666666,0.6916666666666667,0.2213378830398852,3,0.2,1.5,0.06,0.8,0.05,20.0,0.40036483214799995,1.152410092358948,78.89906647263625,162914342.91069064,3.006631869508308e-07,0.6208228782594882,0.0,0.08927288,7450.862404309975,78.89906647263625,90.92408048076553,90.92408048076553,78.89906647263625,3.006631869508308e-07,0.001689818738868064,0.25,0.0,0.0,33662.842989093406,0.16779411384075554,0.2,0.10736004799999999,0.10360714879510391,0.0870300049878873,105.25197176181791,217329007.6325309,0.0035315365541086423,0.7496207923893577,0.0026473132300429024
Solomon Islands,2072.71057764802,599419.0,0.22779,2005.4836433279602,0.5333333333333333,0.375,0.2968860005415652,3,0.2,1.5,0.06,0.8,0.05,20.0,0.09266541357622822,1.2237776803613838,41.901390696703636,25116489.7100274,1.2342481695241028e-05,7.398318035279681,0.0,0.05200000000000001,414.5421155296041,41.90139069670364,51.277986710728044,51.277986710728044,41.901390696703636,1.2342481695241028e-05,0.017401798760160785,0.20000000000000004,0.0,0.0,1396.3006499916337,0.11504151292681786,0.09000000000000002,0.018230055962749358,0.08785305999999998,0.0799462846,79.2472355557507,47502298.68959253,0.03823362335791012,0.5287426167342564,0.020215746061493383
South Africa,12260.165354074199,55908865.0,0.65295,5273.59387968462,0.7333333333333333,0.7166666666666667,0.41221819094326817,3,0.2,1.5,0.06,0.8,0.05,20.0,0.20886821717197754,1.332727850401348,9.908779029587478,553988589.0800374,1.9465881831007565e-07,10.883153593957548,0.0,0.09217448500000003,3065.04133851855,9.908779029587478,13.205705776204075,13.205705776204075,9.908779029587478,1.9465881831007565e-07,0.0005574555400073246,0.25,0.0,0.0,7435.482969601357,0.1691546876168806,0.12000000000000002,0.07670534579220885,0.16332017079787223,0.14764143440127647,17.979191583380594,1005196195.0443618,0.0014664721938196284,0.5511248369335385,0.0008082092486864113
Spain,33261.07933755091,46443959.0,0.79802,26528.4917900799,0.8,0.7166666666666667,0.18299929671374224,3,0.2,1.5,0.06,0.8,0.05,20.0,0.48945784033920003,1.1161930094718842,11.58342063406952,537979913.008479,3.573401543542101e-08,1.6596291477880607,0.0,0.13114114999999998,8315.269834387725,11.58342063406952,12.92933313752078,12.92933313752078,11.58342063406952,3.573401543542101e-08,0.0007613190565336438,0.24999999999999997,0.0,0.0,45438.807600419015,0.1689136699086361,0.16,0.12505948660000005,0.02525,0.022018000000000003,14.750843134685024,685087553.7627428,0.0004434866044179059,0.7852717657089276,0.0003482575089195057
Sri Lanka,11417.256457923699,21203000.0,0.18407,3835.39481711341,0.6666666666666667,0.5083333333333333,0.33796080258900235,3,0.2,1.5,0.06,0.8,0.05,20.0,0.1264136621746568,1.2625795677775449,9.349938754666653,198246751.41519707,1.6193946237724228e-07,3.433602420784668,0.0,0.08976884999999998,2854.3141144809256,9.34993875466665,11.805041631613541,11.805041631613541,9.349938754666653,1.6193946237724228e-07,0.0004783088015924044,0.25,0.0,0.0,8445.69575114924,0.1692353986956566,0.16,0.03043306352933916,0.16977811532876125,0.14804651656667978,13.442272646184255,285016506.91704476,0.0011773645179753473,0.6955623502637956,0.0008189304312401334
St. Lucia,10703.095748321002,178015.0,0.1854,7744.44517263943,0.4666666666666667,0.3333333333333333,0.8917745033119631,3,0.2,1.5,0.06,0.8,0.05,20.0,0.15870101368626185,1.7857474418469634,91.47157986139717,16283313.289026616,2.619727573477384e-06,0.46635080399257645,0.0,0.07,2140.6191496642004,91.47157986139717,163.3451397391902,163.3451397391902,91.47157986139717,2.619727573477384e-06,0.019687654013408225,0.2,0.0,0.0,2400.4040726822204,0.11181841564699303,0.09000000000000002,0.03518364360078867,0.0894157384922601,0.08136832202795671,197.3768987657877,35136048.6337917,0.018441103714946235,0.46343609831432,0.008546273154264395
St. Vincent and the Grenadines,10758.563121058201,109643.0,0.5089899999999999,7030.05714505765,0.0,0.125,0.6344556359052773,3,0.2,1.5,0.06,0.8,0.05,20.0,0.1850842430357686,1.5426675674354615,90.36270789793173,9907638.382052928,1.8810499327882859e-06,0.20624395778070603,0.0,0.04120000000000001,2151.7126242116396,90.36270789793171,139.3996187797835,139.3996187797835,90.36270789793173,1.8810499327882859e-06,0.018237504193223744,0.2,0.0,0.0,3391.431177282324,0.11431252426956892,0.0,0.0369169909200122,0.05989387269796469,0.05989387269796469,142.8221491422173,15659448.898400133,0.013275206692115356,0.6326939374645013,0.008399142792689562
Sudan,4385.046922793439,39578828.0,0.34007,2415.0381621256197,0.6666666666666667,0.3333333333333333,0.9487533644538988,3,0.2,1.5,0.06,0.8,0.05,20.0,0.06932073774189287,1.8395733215816272,3.7761539326335307,149455747.0012261,3.817284987799317e-07,15.108366595909127,0.0,0.021880013000000004,1096.26173069836,3.776153932633531,6.94651203265819,6.94651203265819,3.7761539326335307,3.817284987799317e-07,0.001473571357648779,0.25,0.0,0.0,1155.4759875126945,0.16765681768934212,0.12000000000000002,0.01500876776247969,0.155,0.14012,7.541961108434049,298501981.4934006,0.0017199271162255973,0.5006859460480008,0.000861143335321023
Swaziland,7733.808563343308,1343098.0,0.21315,2775.15390848176,0.6,0.4166666666666667,0.19038060692098574,3,0.2,1.5,0.06,0.8,0.05,20.0,0.13244191347600578,1.1231658676079854,20.248522238962018,27195749.72210541,7.986236075372796e-07,1.0726297700361052,0.0,0.051558215500000004,1933.4521408358273,20.248522238962018,22.74244904830336,22.74244904830336,20.248522238962018,7.986236075372796e-07,0.001784252152928187,0.25,0.0,0.0,10155.720018469498,0.1672356937924151,0.12000000000000002,0.035111021242060496,0.08689999999999998,0.07855759999999999,36.9572645017897,49637228.03782474,0.004778662957466994,0.5478901783431903,0.0026181825000085885
Sweden,46441.20592104889,9903122.0,0.85964,51599.86886777701,0.7333333333333333,0.9166666666666669,0.357367643802592,3,0.2,1.5,0.06,0.8,0.05,20.0,0.43705097827499995,1.2809125123162275,2.6886705063535903,26626232.04222138,5.526896418762329e-09,0.054733529516366425,0.0,0.19524048000000002,11610.30148026222,2.6886705063535903,3.4439516930839207,3.4439516930839207,2.6886705063535903,5.526896418762329e-09,9.462059891695382e-05,0.25,0.0,0.0,32488.39586237329,0.16985735056123966,0.16,0.111938735,0.06716671000000002,0.058569371120000005,3.7656472998567856,37291664.61945233,8.108418429655923e-05,0.7139995576473254,5.7894071719937496e-05
Switzerland,56625.1350142298,8372098.0,0.7399,78812.65068729849,0.9333333333333332,1.0,0.28308540003621385,3,0.2,1.5,0.06,0.8,0.05,20.0,0.3796712750613,1.2107407496790248,42.89702461514838,359138093.9864346,7.06065395669521e-08,0.5911248686954007,0.0,0.14656511,14156.283753557447,42.89702461514838,51.93717574154434,51.93717574154434,42.89702461514838,7.06065395669521e-08,0.0009429060885169031,0.25,0.0,0.0,50007.11358390966,0.16877704151218234,0.2,0.0996499761,0.0764,0.064176,64.76244099463251,542197502.7262809,0.00114370484023319,0.6623750426378103,0.0007575615423145293
Tajikistan,2762.58545284209,8734951.0,0.26891,795.843864367519,0.6,0.3333333333333333,0.3854263244630784,3,0.2,1.5,0.06,0.8,0.05,20.0,0.23800847511766807,1.3074185382436765,12.962891542734948,113230222.4441042,2.313616348544617e-06,20.209325437336148,0.0,0.004567839350000002,690.6463632105226,12.962891542734948,16.94792471221384,16.94792471221384,12.962891542734948,2.313616348544617e-06,0.013329527890420217,0.25,0.0,0.0,1791.9024191526967,0.15215606172613574,0.12000000000000002,0.06529160267226958,0.04690624823615736,0.04240324840548626,22.85802414264616,199663720.8428312,0.008274141934371768,0.5671046395716292,0.004692304279456404
Tanzania,2583.279038881371,55572201.0,0.32316,879.193814026315,0.6666666666666667,0.3333333333333333,0.4132043671227497,3,0.2,1.5,0.06,0.8,0.05,20.0,0.0880662680965201,1.3336594555505232,2.6565786057791083,147631920.25265637,4.949879591816364e-07,27.507570360221692,0.0,0.0264697135,645.8197597203429,2.6565786057791083,3.542971177010534,3.542971177010534,2.6565786057791083,4.949879591816364e-07,0.0010067049631524946,0.24999999999999997,0.0,0.0,1562.9548260037884,0.168416901042694,0.16,0.024108292332676546,0.12348944254293814,0.10768279389744204,4.42206160999633,245743696.62509966,0.0017118017618070408,0.600755674632338,0.0010283746222512135
Thailand,15681.814091406997,68863514.0,0.5154,5907.91343151532,0.6666666666666667,0.7416666666666667,0.24033636299972685,3,0.2,1.5,0.06,0.8,0.05,20.0,0.31771558458914606,1.1703572727161073,34.1015498248165,2348352553.7829485,5.468732648900901e-07,37.65961473298444,0.0,0.10949237500000002,3920.453522851749,34.1015498248165,39.91099684836468,39.91099684836468,34.1015498248165,5.468732648900901e-07,0.0039246106118832275,0.24999999999999997,0.0,0.0,16312.361034007175,0.16437484248501227,0.16,0.0800305868467955,0.056617890000000004,0.04937080008,73.07219201833247,5032007918.065126,0.004659677228183255,0.46668300050805983,0.002174592150247641
Timor-Leste,2151.10705531404,1268671.0,0.33401,1161.7609351341698,0.4,0.4166666666666667,0.12895241137016927,3,0.2,1.5,0.06,0.8,0.05,20.0,0.1228485690041728,1.0651368617666919,8.635604979781695,10955741.605304623,1.6304495102215316e-06,2.0685040105822603,0.0,0.15500000000000003,537.7767638285101,8.635604979781695,9.198101187621491,9.198101187621491,8.635604979781695,1.6304495102215316e-06,0.0023248686592647677,0.25,0.0,0.0,4170.350582159914,0.16642782822118296,0.12000000000000002,0.031259043866534525,0.058486805,0.052872071720000004,11.06807320543252,14041743.50160928,0.005145291666488768,0.780226586822998,0.004014493355153346
Togo,1382.1097473666302,7606374.0,0.4046300000000001,578.4616936486129,0.2,0.25,0.3708920312086315,3,0.2,1.5,0.06,0.8,0.05,20.0,0.10279672112581559,1.2936885144232038,2.8553652659940316,21718976.11976009,1.366260403516292e-06,10.392287610535831,0.0,0.019602685000000005,345.5274368416575,2.8553652659940316,3.6939532490994353,3.6939532490994353,2.8553652659940316,1.366260403516292e-06,0.0011642846834348706,0.25,0.0,0.0,931.611918745415,0.16786657160537005,0.04,0.025420728827525402,0.17447977199047449,0.16889641928677934,4.776613214224082,36332706.56073049,0.0034560303357422145,0.5977802970295262,0.0020659468406430343
Tonga,5332.4724445691,107122.0,0.23801,3688.8746359459296,0.6,0.3333333333333333,0.3578357636224098,3,0.2,1.5,0.06,0.8,0.05,20.0,0.10658033925727337,1.2813547282647026,111.97963925069305,11995482.915812742,6.322055550516065e-06,0.6772312346823819,0.0,0.0016,1066.4944889138203,111.97963925069305,143.4856402232512,143.4856402232512,111.97963925069305,6.322055550516065e-06,0.01652367664610264,0.20000000000000004,0.0,0.0,2980.4021770143427,0.11942028556560746,0.09000000000000002,0.019226023668106697,0.10143155769709494,0.0923027175043564,167.50702763064996,17943687.813850485,0.03141263820336265,0.6685071118186526,0.020999572039934238
Trinidad and Tobago,29578.956387792095,1364962.0,0.08352000000000001,15377.098805566498,0.6666666666666667,0.6916666666666667,1.0787654875020771,3,0.2,1.5,0.06,0.8,0.05,20.0,0.19192531842073,1.9623910957348751,116.13634375801547,158521696.0486283,8.660491820839822e-07,1.1821242236757163,0.0,0.11237116,7394.739096948024,116.13634375801546,227.9049268819341,227.9049268819341,116.13634375801547,8.660491820839822e-07,0.010641428678461533,0.25,0.0,0.0,6854.816160341602,0.1580634053594954,0.12000000000000004,0.055193997310014106,0.11055061623614046,0.09993775707747098,299.7954476339697,409209393.7933585,0.01013543019244932,0.3873852811127747,0.003926316474300884
Tunisia,10752.0168250857,11403248.0,0.67047,3688.646374680779,0.5333333333333333,0.5333333333333333,0.2492656432691207,3,0.2,1.5,0.06,0.8,0.05,20.0,0.15787066799417432,1.1787924424661704,13.414480198287368,152968644.49216,4.0799159784123883e-07,4.6524293720999115,0.0,0.030460367999999995,2688.0042062714247,13.414480198287366,15.81288787735324,15.81288787735324,13.414480198287368,4.0799159784123883e-07,0.0025397557277454376,0.25,0.0,0.0,10783.693135637268,0.16616644310798923,0.12000000000000002,0.04471725881709536,0.0481900975,0.04356384814,30.948809297761436,352916947.7270795,0.0028784189795494253,0.43344091429254605,0.0012476245542129203
Turkey,23679.396389833506,79512426.0,0.73887,10787.609339044,0.8666666666666666,0.6916666666666667,0.4121669094199699,3,0.2,1.5,0.06,0.8,0.05,20.0,0.22084556078866374,1.3326794065916554,17.58990060492639,1398615670.196565,1.5263762240815995e-07,12.136587656544759,0.0,0.026851780999999998,5919.849097458377,17.58990060492639,23.441698300179503,23.441698300179503,17.58990060492639,1.5263762240815995e-07,0.0012923797151399709,0.25,0.0,0.0,14362.747135108933,0.1681855827446682,0.16,0.05804783268373799,0.0790104825,0.06889714074,37.84303547482013,3008991557.80701,0.0015981418973613545,0.46481209512461813,0.0007428356836189636
Uganda,1713.8511917667502,41487965.0,0.16444000000000006,615.308803182525,0.6666666666666667,0.5916666666666667,0.5735745521051661,3,0.2,1.5,0.06,0.8,0.05,20.0,0.12567111143279966,1.4851553983772257,1.3929837191108911,57792059.78404248,6.840649339060253e-07,28.38046203562049,0.0,0.050256588500000005,428.46279794168765,1.392983719110891,2.0687972902891243,2.0687972902891243,1.3929837191108911,6.840649339060253e-07,0.0012947812588504624,0.25,0.0,0.0,747.0045460858034,0.1681158448613155,0.12000000000000002,0.02957428285792714,0.11140411939671892,0.10070932393463389,3.302412509043391,137010374.5907544,0.0019268957100289715,0.4218079102160367,0.0008127798526515667
Ukraine,7668.0557761534,45004645.0,0.69915,2185.72803066435,0.0,0.05,0.2458541924399426,3,0.2,1.5,0.06,0.8,0.05,20.0,0.4159518027156293,1.175569767629012,17.46438024196364,785978232.9345875,5.09355411201717e-07,22.923359459962295,0.0,0.023419472500000003,1917.0139440383505,17.46438024196364,20.530597422829903,20.530597422829903,17.46438024196364,5.09355411201717e-07,0.001295324301011297,0.25,0.0,0.0,7797.361212404948,0.16747509931807797,0.0,0.10851025707652281,0.11806166322727182,0.11806166322727182,23.27093928569311,1047300361.369172,0.0030347900387034917,0.7504802460939201,0.0022775499750895736
United Kingdom,38901.046758474484,65637239.0,0.8283499999999999,39899.3883948894,0.8,0.8916666666666666,0.3031281747480405,3,0.2,1.5,0.06,0.8,0.05,20.0,0.4953265070162,1.2296744377094044,13.488107856421633,885322159.0297245,3.4796023511049884e-08,2.2839149114444006,0.0,0.14386260500000006,9725.26168961862,13.48810785642163,16.585981444109077,16.585981444109077,13.488107856421633,3.4796023511049884e-08,0.00043685425330788826,0.25,0.0,0.0,32083.001514795644,0.16936171992103907,0.20000000000000004,0.13143940010000002,0.06731533749999999,0.05654488349999999,18.158442470259477,1191870028.2881718,0.00046678544623747714,0.7428009246119497,0.0003467286610605996
United States,53272.51570992598,323127513.0,0.8178799999999999,57466.787113234815,0.7333333333333333,0.9166666666666669,0.3187368533465751,3,0.2,1.5,0.06,0.8,0.05,20.0,0.18056135894,1.2444193947026463,29.425562012261814,9508208671.649433,5.2982993465807254e-08,17.120262909901548,0.0,0.14805909500000003,13318.128927481494,29.425562012261807,36.617740068084025,36.617740068084025,29.425562012261814,5.2982993465807254e-08,0.0007518644321833814,0.25,0.0,0.0,41784.088622473064,0.16885768613813643,0.15999999999999998,0.06430590950000001,0.07533382280589292,0.06569109348673861,44.31089872415654,14318070503.531574,0.0008317778526817409,0.6640705302648301,0.0005523591596929054
Uruguay,20046.926832853595,3444006.0,0.9546,15220.566025068401,0.6666666666666667,0.6333333333333333,0.29188665397069,3,0.2,1.5,0.06,0.8,0.05,20.0,0.40789471458406673,1.2190549775575228,7.344004226796947,25292794.62111404,5.902242085991817e-08,0.20327357157608333,0.0,0.03778781000000002,5011.7317082133995,7.344004226796946,8.952744907880305,8.952744907880305,7.344004226796947,5.902242085991817e-08,0.0003015340323445507,0.25,0.0,0.0,17170.129706295702,0.16953493302454847,0.12000000000000002,0.11086113957560413,0.11503494999999997,0.1039915948,11.398514262059694,39256551.509619154,0.0005685916029473113,0.6442948666776417,0.00036634065101496453
Uzbekistan,6038.871413954839,31848200.0,0.36479,2110.64787239513,0.0,0.0,0.730183656731034,3,0.2,1.5,0.06,0.8,0.05,20.0,0.2461750132957628,1.6330983839336926,4.962996987777341,158062520.66613033,3.549010235997128e-07,11.302958779808375,0.0,0.005451979900000001,1509.71785348871,4.962996987777342,8.105062360206961,8.105062360206961,4.962996987777341,3.549010235997128e-07,0.004227681657801322,0.24999999999999997,0.0,0.0,2067.586475774574,0.16272503690578696,0.0,0.06904439748132576,0.04690624823615736,0.04690624823615736,11.33207215879382,360906100.5276973,0.001876521519005565,0.4379602351831124,0.0008218418057898486
Vanuatu,2856.47531029292,270402.0,0.26441,2860.56647483229,0.4666666666666667,0.25,0.29706761565836304,3,0.2,1.5,0.06,0.8,0.05,20.0,0.1182440536024367,1.223949245626797,74.39977443899802,20117847.80785394,1.0263756831394e-05,2.7753403747225995,0.0,0.038000000000000006,571.2950620585841,74.39977443899801,91.06154779941548,91.06154779941548,74.39977443899802,1.0263756831394e-05,0.02959448694596236,0.2,0.0,0.0,1923.1145771055403,0.10298306388626295,0.09000000000000002,0.02444555616873334,0.059608317706584237,0.05424356911299166,106.61711784404889,28829481.899266507,0.03732471184325264,0.6978220378065757,0.026046006479001786
"Venezuela, RB",17665.2399979234,31568179.0,0.8904299999999999,12237.224064196298,0.0,0.05,0.3131698078545005,3,0.2,1.5,0.06,0.8,0.05,20.0,0.1301826651797081,1.239160407156592,37.32549546497295,1178297922.1019545,4.01647299164731e-07,12.679273834898776,0.0,0.06039053000000001,4416.30999948085,37.32549546497296,46.252276157697416,46.252276157697416,37.32549546497295,4.01647299164731e-07,0.0009826516305491547,0.24999999999999997,0.0,0.0,14101.966053932883,0.16805038008965137,0.0,0.03365421259653692,0.170284254835467,0.170284254835467,64.1666770788453,2025625147.8601854,0.003632369392455935,0.5816959388298847,0.0021129345239215926
Vietnam,5955.261887594991,92701100.0,0.34236,2185.69028246406,0.5333333333333333,0.5916666666666667,0.2697045509948559,3,0.2,1.5,0.06,0.8,0.05,20.0,0.16890933988350548,1.1981003430999304,34.66170146327113,3213177853.5168424,1.5921148960395012e-06,147.59080218924746,0.0,0.04152360950000002,1488.8154718987475,34.66170146327112,41.52819641557248,41.52819641557248,34.66170146327113,1.5921148960395012e-06,0.008320950366591024,0.25,0.0,0.0,5520.171856229241,0.1581126736327899,0.16,0.03879969725845098,0.05832398000000001,0.05085851056,49.78474606863054,4615100723.782726,0.008359791224687167,0.6962313600131332,0.005820348813789802
West Bank and Gaza,2685.06841764607,4551566.0,0.7548100000000001,2943.4045337363,0.4666666666666667,0.16666666666666666,0.2839136336093442,3,0.2,1.5,0.06,0.8,0.05,20.0,0.054080115738541795,1.2115231521315495,1.542831443888602,7022299.143734267,2.435626496662638e-07,1.1085914750908779,0.0,0.015921338,671.2671044115177,1.542831443888602,1.8691760141075888,1.8691760141075888,1.542831443888602,2.435626496662638e-07,0.0002921577391364689,0.25,0.0,0.0,2364.335575850362,0.1695169544281613,0.08,0.02022332933833782,0.145,0.13571999999999998,2.3057862992482057,10494938.522923958,0.0008587439649934987,0.6691129374789144,0.00057459669695909
Zambia,3636.059711306659,16591390.0,0.41379,1178.3879050120402,0.8666666666666666,0.5416666666666667,0.425750249346411,3,0.2,1.5,0.06,0.8,0.05,20.0,0.11309355676357383,1.3455110990232466,3.422152632322213,56778268.96238444,6.129272826656724e-07,10.169315588346409,0.0,0.051936525500000004,909.0149278266649,3.4221526323222133,4.6045443493411575,4.6045443493411575,3.422152632322213,6.129272826656724e-07,0.0011250256458620218,0.25,0.0,0.0,2135.0895958889887,0.16857096183767584,0.16,0.029842488627196212,0.12348944254293814,0.10768279389744204,9.143809999895101,151708517.7941596,0.0025147579319067808,0.374258939365699,0.0009411706363569104
Zimbabwe,1859.93744141499,16150362.0,0.32277,1008.59733051185,0.7333333333333333,0.4166666666666667,19.14376169472781,3,0.2,1.5,0.06,0.8,0.05,20.0,0.11632769440731305,19.027742943240302,0.026182897006093123,422863.2648571201,8.637225527576762e-08,1.394943189460057,0.0,0.01668023075,464.98436035374743,0.026182897006093123,0.498201433741276,0.498201433741276,0.026182897006093123,8.637225527576762e-08,0.00042165357064563754,0.2500000000000001,0.0,0.0,24.289080054825597,0.16928629046807436,0.16,0.030687241813333998,0.16332017079787223,0.14241518893574456,0.4714068261611038,7613390.891772897,0.00025345305474493287,0.05554204044797835,1.4077299818306733e-05
