country,gdp_pc_pp,pop,urbanization_rate,gdp_pc_cd,T_rebuild_K,pi,income_elast,rho,shareable,max_increased_spending,prepare_scaleup,borrow_abi,avg_prod_k,protection,tau_tax,macro_multiplier,dK,dKtot,delta_W,delta_W_tot,average_aid_cost_pc,axfin,c,dc,dc_npv_post,dc_npv_pre,dk,dw,fa,gamma_SP,help_fee,help_needed,help_received,k,n,shew,social,v,v_shew,dWpc_currency,dWtot_currency,risk,resilience,risk_to_assets
Albania,11424.6283187,2876101.0,0.58376,4146.89625046,3.0,0.2,1.5,0.06,0.8,0.05,0.0,0.175,0.185279986031,1.0,0.183943312586,1.1183474946,41.357722091,118948985.864,6.67148942392e-07,1.91878774036,0.0,0.086087198,57123.1415934,41.357722091,46.2523048828,46.2523048828,41.357722091,6.67148942392e-07,0.0044676867198,1.0,0.0,19.0159157303,0.0,308307.134608,3.39099980367,0.0,0.191790901534,0.0885769655118,0.0885769655118,55.4297892881,159421672.401,0.00485178053429,0.746128077017,0.00362004968016
Algeria,13974.6662247,40606052.0,0.71304,3843.75232202,3.0,0.2,1.5,0.06,0.8,0.05,0.8,0.5,0.288910450329,1.0,0.145444582109,1.21624346508,15.6525192645,635587011.187,2.49671545031e-07,10.1381757404,7.85675056404,0.15218446,69873.3311234,15.6525192645,19.0372742675,19.0372742675,15.6525192645,2.49671545031e-07,0.00886564477349,1.0,7.85675056404,20.8222609633,7.85675056404,241851.172375,3.38701467529,0.0,0.15626269646,0.0399728750415,0.0399728750415,28.0649114481,1139605253.64,0.00200827060889,0.557725588891,0.00112006390799
Angola,6024.72613816,28813463.0,0.44819,3110.80818263,3.0,0.2,1.5,0.06,0.8,0.05,0.0,0.175,0.432397390525,1.0,0.127358535734,1.3517904141,3.33776801682,96172655.2552,2.11831601039e-07,6.10360199877,0.0,0.18571632,30123.6306908,3.33776801682,4.51196280961,4.51196280961,3.33776801682,2.11831601039e-07,0.00135713673424,1.0,0.0,0.502847746388,0.0,69666.5413596,3.39782268509,0.0,0.130048432798,0.130383947335,0.130383947335,6.74017747283,194207854.227,0.00111875250729,0.495204767274,0.000554011575012
Antigua and Barbuda,20777.613083,100963.0,0.23393,14353.3788139,3.0,0.2,1.5,0.06,0.8,0.05,0.666666666667,0.416666666667,0.400510641609,1.0,0.139014907013,1.32166814984,1000.31367643,100994669.713,1.17464090683e-05,1.18595269876,12.653365838,0.153,83110.4523321,1000.31367643,1322.08272599,1322.08272599,1000.31367643,1.17464090683e-05,0.0557421055739,1.0,12.653365838,45.6162593711,12.653365838,207511.221171,2.64974680723,0.0,0.163904959972,0.136135948905,0.136135948905,2393.7159956,241676748.064,0.115206495859,0.417891545308,0.0481438205838
Argentina,10405.0,43847430.0,0.91893,12449.2168521,3.0,0.2,1.5,0.06,0.8,0.05,0.733333333333,0.375,0.269549514885,1.0,0.154097673055,1.19795388607,13.5299703479,593254427.73,3.0589302915e-07,13.4126231831,1.14962734334,0.050750804,52024.9999999,13.5299703479,16.2082805566,16.2082805566,13.5299703479,3.0589302915e-07,0.00303831805133,1.0,1.14962734334,4.18046306671,1.14962734334,193007.21065,3.39536372916,0.0,0.161626621754,0.0962932957087,0.0962932957087,22.0914004505,968651134.855,0.00212315237391,0.612454170942,0.00130033352695
Armenia,8174.36673173,2924816.0,0.62558,3606.15205715,3.0,0.2,1.5,0.06,0.8,0.05,0.4,0.425,0.366695721222,1.0,0.353665438477,1.28972441138,20.8879225414,61093330.0559,5.78480563133e-07,1.69194920674,0.598297215278,0.0209314598,40871.8336587,20.8879225414,26.9396636047,26.9396636047,20.8879225414,5.78480563133e-07,0.0110167469849,1.0,0.598297215278,3.51939538399,0.598297215278,111459.80521,3.38129832025,0.0,0.402563319538,0.0525741723123,0.0525741723123,29.0893797294,85081083.2626,0.00355860957601,0.718060087074,0.00255529550201
Australia,44414.029479,24127159.0,0.89554,49927.8195095,3.0,0.2,1.5,0.06,0.8,0.05,0.8,0.916666666667,0.27360239086,1.0,0.22769110058,1.20178249216,39.3462512167,949313259.16,7.82085436785e-08,1.88694996849,2.06312005085,0.65936592,222070.147395,39.3462512167,47.2856358443,47.2856358443,39.3462512167,7.82085436785e-08,0.00113865080466,1.0,2.06312005085,2.81334552389,2.06312005085,811652.802803,3.3983264356,0.0,0.282336592,0.120054173959,0.120054173959,49.7837410838,1201140236.74,0.00112090124827,0.790343400479,0.00088589690416
Austria,44143.7001647,8747358.0,0.66032,44176.515216,3.0,0.2,1.5,0.06,0.8,0.05,0.8,0.891666666667,0.232278518207,1.0,0.4838857587,1.1627453167,51.3776939381,449419082.091,9.52868253463e-08,0.833507973987,9.67980831738,0.64525414,220718.500823,51.3776939381,59.7391730095,59.7391730095,51.3776939381,9.52868253463e-08,0.00190179793424,1.0,9.67980831738,13.6265558421,9.67980831738,950232.085718,3.39724770935,0.0,0.49449017,0.0642666682346,0.0642666682346,60.144878924,526108787.815,0.00136247932773,0.854232228201,0.00116387375201
Azerbaijan,15994.0097416,9762274.0,0.54895,3876.93643264,3.0,0.2,1.5,0.06,0.8,0.05,0.0,0.25,0.598221283185,1.0,0.4315486726,1.50843827831,11.4025656194,111314969.88,1.3420171208e-07,1.3101138846,0.0,0.0571493,79970.048708,11.4025656194,17.2000664514,17.2000664514,11.4025656194,1.3420171208e-07,0.00648120839168,1.0,0.0,1.20100374428,0.0,133679.711765,3.38708457338,0.0,0.485983358847,0.0525741723123,0.0525741723123,18.4687786254,180297277.387,0.00115473098515,0.61739684311,0.000712927264874
Bangladesh,3319.35355607,162951560.0,0.35035,1358.77975225,3.0,0.2,1.5,0.06,0.8,0.05,0.733333333333,0.616666666667,0.289708907625,1.0,0.147886692351,1.21699773895,33.8023531309,5508146174.35,3.15317911054e-06,513.815455022,3.49090300817,0.087379278,16596.7677804,33.8023531309,41.1373873315,41.1373873315,33.8023531309,3.15317911054e-06,0.0154348257708,1.0,3.49090300817,7.95226688577,3.49090300817,57287.7372547,3.37725451234,0.0,0.138046064324,0.0991172160226,0.0991172160226,41.0299078813,6685887495.92,0.0123608127873,0.823846673715,0.0101834144992
Belarus,16742.2554956,9507120.0,0.77046,4989.25461056,3.0,0.2,1.5,0.06,0.8,0.05,0.733333333333,0.516666666667,0.386444536754,1.0,0.435313789819,1.30838040675,29.5077093393,280533333.614,2.7028313813e-07,2.56961422818,1.6190969751,0.172373852,83711.277478,29.5077093393,38.6073087477,38.6073087477,29.5077093393,2.7028313813e-07,0.00439646807559,1.0,1.6190969751,4.27327647387,1.6190969751,216619.125169,3.39341559618,0.0,0.468455039971,0.0790715551577,0.0790715551577,39.8379001855,378743697.611,0.00237948227441,0.740694394079,0.00176246918147
Belgium,41945.6921229,11348159.0,0.97897,41096.1573022,3.0,0.2,1.5,0.06,0.8,0.05,0.0,0.425,0.216691517437,1.0,0.48314774691,1.14802083797,13.2918891313,150838471.273,2.79789161041e-08,0.317509188598,0.0,0.5792287,209728.460615,13.2918891313,15.2593656988,15.2593656988,13.2918891313,2.79789161041e-08,0.000424923131024,1.0,0.0,2.70173269654,0.0,967866.500246,3.39914428672,0.0,0.510175572,0.0647713802888,0.0647713802888,16.3537749696,185585238.605,0.000389879726425,0.81277192306,0.000316883295009
Belize,7831.45448606,366954.0,0.43845,4810.56590199,3.0,0.2,1.5,0.06,0.8,0.05,0.0,0.075,0.961548126505,1.0,0.150881730148,1.85166007287,53.4664764664,19619737.4053,2.64656377029e-06,0.971167161764,0.0,0.2545334,39157.2724303,53.4664764664,99.0017397099,99.0017397099,53.4664764664,2.64656377029e-06,0.0373110945579,1.0,0.0,4.43768578151,0.0,40723.1539961,3.33504106118,0.0,0.199827947083,0.0759689020273,0.0759689020273,124.80041474,45796011.3903,0.0159357900836,0.428415855652,0.00682714514418
Benin,2009.96138386,10872298.0,0.44395,789.440410686,3.0,0.2,1.5,0.06,0.8,0.05,0.666666666667,0.25,0.330253321946,1.0,0.0827798384973,1.25529858817,2.90564458247,31591033.7827,1.00728656152e-06,10.9515196682,0.0660883830407,0.082372056,10049.8069193,2.90564458247,3.6474515421,3.6474515421,2.90564458247,1.00728656152e-06,0.00152537215379,1.0,0.0660883830407,0.396530298244,0.0660883830407,30430.6005465,3.39792032986,0.0,0.0773128577767,0.142738440481,0.142738440481,6.1760270423,67147606.4599,0.00307270930272,0.470471479897,0.00144562209294
Bhutan,8105.79696745,797765.0,0.39377,2804.00022299,3.0,0.2,1.5,0.06,0.8,0.05,0.6,0.416666666667,0.185575394278,1.0,0.0440194671464,1.11862655614,114.717434221,91517553.9114,3.09167650243e-06,2.46643130496,7.0486780273,0.24155478,40528.9848373,114.717434221,128.325968372,128.325968372,114.717434221,3.09167650243e-06,0.0069210585576,1.0,7.0486780273,29.8964190643,7.0486780273,218396.328861,3.38911082494,0.0,0.0437383708861,0.142815102242,0.142815102242,153.513485604,122467685.843,0.0189387281991,0.747279196806,0.0141525175972
Bolivia,6707.95618416,10887882.0,0.68911,3104.95608914,3.0,0.2,1.5,0.06,0.8,0.05,0.533333333333,0.45,0.421834200421,1.0,0.170332203809,1.34181174852,11.477262732,124963082.309,4.60724057799e-07,5.01630917587,0.179754459649,0.27343408,33539.7809208,11.477262732,15.4003259747,15.4003259747,11.477262732,4.60724057799e-07,0.0045757696314,1.0,0.179754459649,0.748976915204,0.179754459649,79509.3922857,3.39245373776,0.0,0.212637275419,0.0948613391482,0.0948613391482,17.2227988796,187519801.911,0.00256751809445,0.666399393746,0.00171099250157
Bosnia and Herzegovina,11179.3499097,3516816.0,0.3994,4708.71826066,3.0,0.2,1.5,0.06,0.8,0.05,0.0,0.125,0.323932232357,1.0,0.143200371171,1.2493272823,27.3239955268,96093464.6526,4.43388066637e-07,1.55931424696,0.0,0.099768162,55896.7495485,27.3239955268,34.136613073,34.136613073,27.3239955268,4.43388066637e-07,0.00375847931083,1.0,0.0,4.09070739651,0.0,172556.923841,3.39246593662,0.0,0.154760071983,0.103806415121,0.103806415121,35.6610828054,125413466.587,0.00318990666662,0.766213288473,0.00244414887695
Botswana,15513.4419328,2250260.0,0.5771,6788.04274538,3.0,0.2,1.5,0.06,0.8,0.05,0.6,0.708333333333,0.281178076714,1.0,0.0831001334421,1.20893896997,17.0846055443,38444804.472,1.84629396985e-07,0.415464146859,0.447029626349,0.30619332,77567.209664,17.0846055443,20.6542454291,20.6542454291,17.0846055443,1.84629396985e-07,0.00128399374478,1.0,0.447029626349,1.05183441494,0.447029626349,275865.069462,3.39792845402,0.0,0.112198325649,0.137382764826,0.137382764826,24.2737376577,54622220.9015,0.00156469065748,0.703830855602,0.00110127756421
Brazil,14023.6916227,207652865.0,0.85933,8649.94849175,3.0,0.2,1.5,0.06,0.8,0.05,0.866666666667,0.558333333333,0.265575010188,1.0,0.213762613761,1.1941993145,8.90092879768,1848303366.0,1.03397138793e-07,21.4707121031,0.475035624771,0.145584762,70118.4581136,8.90092879768,10.6294830686,10.6294830686,8.90092879768,1.03397138793e-07,0.000753112095286,1.0,0.475035624771,0.981703931789,0.475035624771,264025.06043,3.39892672772,0.0,0.20715625943,0.138907336921,0.138907336921,11.6838368019,2426182186.1,0.000833149866397,0.761815570401,0.000634706540698
Bulgaria,17709.075186,7127822.0,0.74266,7350.7958009,3.0,0.2,1.5,0.06,0.8,0.05,0.666666666667,0.716666666667,0.323078471507,1.0,0.43909310688,1.24852076515,14.8815705321,106073185.833,1.21917977819e-07,0.869009644497,0.611754050368,0.171487506,88545.37593,14.8815705321,18.5799498273,18.5799498273,14.8815705321,1.21917977819e-07,0.00164648529932,1.0,0.611754050368,1.28041545426,0.611754050368,274067.707195,3.39737797707,0.0,0.4733378346,0.0942685383736,0.0942685383736,19.5468052502,139326148.492,0.00110377335038,0.761330066046,0.000840335837744
Burkina Faso,1594.57677663,18646433.0,0.30688,649.730483656,3.0,0.2,1.5,0.06,0.8,0.05,0.8,0.416666666667,0.405665091881,1.0,0.0372065918619,1.32653737353,1.57056091811,29285358.9319,4.88941088493e-07,9.11700724753,0.142865081001,0.098161232,7972.88388314,1.57056091811,2.08340775528,2.08340775528,1.57056091811,4.88941088493e-07,0.00145533759266,1.0,0.142865081001,0.428595243002,0.142865081001,19653.8574374,3.39773280392,0.0,0.0362036792661,0.142738440481,0.142738440481,2.11835178376,39499704.6063,0.00132847274262,0.741407036427,0.000984939039078
Burundi,721.176561507,10524117.0,0.12359,285.727442065,3.0,0.2,1.5,0.06,0.8,0.05,0.666666666667,0.25,0.462979312718,1.0,0.10226863015,1.3806800555,1.23517000318,12999073.6284,1.32065595299e-06,13.898737766,0.0308952263738,0.04666023,3605.88280754,1.23517000318,1.70537458855,1.70537458855,1.23517000318,1.32065595299e-06,0.00334461959471,1.0,0.0308952263738,0.185371358243,0.0308952263738,7788.43181214,3.39484502247,0.0,0.103267189701,0.103877683696,0.103877683696,1.74030376585,18315160.4474,0.00241314521123,0.709743912193,0.00171271512291
Cameroon,3045.91916487,23439189.0,0.54938,1032.64872204,3.0,0.2,1.5,0.06,0.8,0.05,0.666666666667,0.566666666667,0.419737574603,1.0,0.018028650423,1.33983114156,4.88054481968,114396012.451,6.79044918336e-07,15.9162621804,0.284024910449,0.099802922,15229.5958243,4.88054481968,6.53910593718,6.53910593718,4.88054481968,6.79044918336e-07,0.00354163646963,1.0,0.284024910449,0.751830645306,0.284024910449,36283.6132523,3.39482933858,0.0,0.0161419412854,0.077152307494,0.077152307494,7.76691837554,182050267.752,0.00254994238361,0.628375963761,0.00160232250283
Canada,43087.7573653,36286425.0,0.82006,42157.927991,3.0,0.2,1.5,0.06,0.8,0.05,0.866666666667,0.833333333333,0.335483893856,1.0,0.24114664264,1.26023972123,18.9075474484,686087302.421,4.15153412673e-08,1.50644331725,1.62421395,0.66304528,215438.786827,18.9075474484,23.8280423255,23.8280423255,18.9075474484,4.15153412673e-08,0.00122976245077,1.0,1.62421395,2.24891162307,1.62421395,642173.263075,3.39825665257,0.0,0.304504528,0.0633698140983,0.0633698140983,25.2660101975,916813184.082,0.000586384897764,0.748339262931,0.000438814842186
Central African Republic,647.880444823,4594621.0,0.40332,382.213174318,3.0,0.2,1.5,0.06,0.8,0.05,0.0,0.0,0.314743833051,1.0,0.00945003463381,1.24064733212,1.77305524936,8146516.88287,2.9444317423e-06,13.5285479162,0.0,0.0310531492,3239.40222411,1.77305524936,2.19973626482,2.19973626482,1.77305524936,2.9444317423e-06,0.00275438123247,1.0,0.0,0.254493678731,0.0,10292.1864829,3.39459906097,0.0,0.00922010462524,0.136242065332,0.136242065332,3.30382395708,15179818.9335,0.00509943460014,0.536667592581,0.00273670129038
Chad,1845.91467919,14452543.0,0.22618,664.295651899,3.0,0.2,1.5,0.06,0.8,0.05,0.0,0.0,0.753200994464,1.0,0.0357168332084,1.65484203461,1.68892858165,24409312.9502,6.131691656e-07,8.86185373211,0.0,0.052886108,9229.57339594,1.68892858165,2.79491001036,2.79491001036,1.68892858165,6.131691656e-07,0.00264401301257,1.0,0.0,0.289150203518,0.0,12253.7987387,3.39473086501,0.0,0.0345768918488,0.142738440481,0.142738440481,3.30881212791,47820749.5576,0.00179250545283,0.510433507965,0.000914954846336
Chile,22706.720537,17909754.0,0.89697,13792.9260544,3.0,0.2,1.5,0.06,0.8,0.05,0.8,0.925,0.347394111819,1.0,0.166982123967,1.27149087555,51.7527070715,926878252.485,3.55640524904e-07,6.36943431346,14.4735598377,0.16560282,113533.602685,51.7527070715,65.8030948264,65.8030948264,51.7527070715,3.55640524904e-07,0.0271039195418,1.0,14.4735598377,20.1736079615,14.4735598377,326814.988575,3.36169230298,0.0,0.186146855134,0.0325475513002,0.0325475513002,82.7946516121,1482831842.89,0.0036462619724,0.625073070106,0.0022791801655
China,14400.8860587,1378665000.0,0.56778,8123.18087255,3.0,0.2,1.5,0.06,0.8,0.05,0.8,0.841666666667,0.229216379139,1.0,0.19586191952,1.15985262412,18.3975285879,25364028750.6,2.09366360147e-07,288.646072913,1.40286684898,0.44824216,72004.4302934,18.3975285879,21.3384218099,21.3384218099,18.3975285879,2.09366360147e-07,0.00147210807041,1.0,1.40286684898,3.050063708,1.40286684898,314133.006393,3.39798661903,0.0,0.222599482063,0.11944108151,0.11944108151,24.6188580037,33941157869.7,0.0017095377259,0.747294150893,0.0012775275433
Colombia,13124.3248436,48653419.0,0.76708,5805.60533452,3.0,0.2,1.5,0.06,0.8,0.05,0.733333333333,0.716666666667,0.27977925648,1.0,0.104940216041,1.20761755483,57.1584080859,2780951977.97,7.83015998182e-07,38.0964054432,4.5222399542,0.145318898,65621.624218,57.1584080859,69.0254970108,69.0254970108,57.1584080859,7.83015998182e-07,0.0138590107569,1.0,4.5222399542,8.60824544508,4.5222399542,234547.854061,3.37963826453,0.0,0.108932801422,0.0596367763241,0.0596367763241,80.1088268432,3897568318.0,0.00610384364893,0.713509488758,0.00435515036141
Comoros,1411.15233854,795601.0,0.28412,775.080084705,3.0,0.2,1.5,0.06,0.8,0.05,0.266666666667,0.166666666667,0.197958724461,1.0,0.0416231060007,1.13032464255,1.93407692186,1538753.53311,6.76113469623e-07,0.537916552545,0.00870975565658,0.125104594,5644.60935416,1.93407692186,2.18613480536,2.18613480536,1.93407692186,6.76113469623e-07,0.00100847401681,1.0,0.00870975565658,0.195969502272,0.00870975565658,28514.0721609,2.71814632437,0.0,0.041381802672,0.0831021469569,0.0831021469569,2.43866729391,1940206.1377,0.00172813893108,0.793087653526,0.00137056564982
"Congo, Dem. Rep.",742.307904932,78736153.0,0.43015,444.505316816,3.0,0.2,1.5,0.06,0.8,0.05,0.4,0.375,0.237056001858,1.0,0.0834408819573,1.16725843359,3.34917027065,263700782.853,3.29800865724e-06,259.672514232,0.0582666178235,0.056768334,3711.53952466,3.34917027065,3.90934724394,3.90934724394,3.34917027065,3.29800865724e-06,0.00354863319975,1.0,0.0582666178235,0.388444118823,0.0582666178235,15656.8047026,3.3944072379,0.0,0.0791488218624,0.130383947335,0.130383947335,4.53837862211,357334473.562,0.00611387618528,0.737966253925,0.00451183430541
"Congo, Rep.",5301.39727121,5125821.0,0.65798,1528.24483012,3.0,0.2,1.5,0.06,0.8,0.05,0.0,0.125,0.372753423902,1.0,0.153842015674,1.29544690512,16.0282700573,82158043.2533,9.25789851713e-07,4.7454330635,0.0,0.116462276,26506.986356,16.0282700573,20.7637728401,20.7637728401,16.0282700573,9.25789851713e-07,0.0056917214795,1.0,0.0,2.08623642582,0.0,71111.3155677,3.38930574372,0.0,0.157562149159,0.077152307494,0.077152307494,24.3148379134,124633506.788,0.00458649610084,0.659197076056,0.00302340481902
Costa Rica,15401.4925047,4857274.0,0.77675,11824.638102,3.0,0.2,1.5,0.06,0.8,0.05,0.933333333333,0.75,0.481896754917,1.0,0.196189451166,1.3985506824,18.8552651899,91585189.3701,2.07692908673e-07,1.00882136528,1.46100786489,0.26912722,77007.4625234,18.8552651899,26.3700439982,26.3700439982,18.8552651899,2.07692908673e-07,0.00462196318273,1.0,1.46100786489,2.08715409271,1.46100786489,159800.749305,3.39360403347,0.0,0.208642311336,0.0834528204142,0.0834528204142,27.0102716173,131196290.06,0.00175374377575,0.698077585337,0.00122424922027
Cote d'Ivoire,3448.14401279,23695919.0,0.54869,1526.19717484,3.0,0.2,1.5,0.06,0.8,0.05,0.4,0.45,0.575976439362,1.0,0.109442382129,1.48742437484,3.94943492137,93585489.9926,4.70695850999e-07,11.1535707589,0.135392494303,0.108415684,17240.7200639,3.94943492137,5.87448576888,5.87448576888,3.94943492137,4.70695850999e-07,0.00172546173919,1.0,0.135392494303,0.752180523908,0.135392494303,29933.0300438,3.39698628672,0.0,0.110739710361,0.142738440481,0.142738440481,6.48472952833,153661625.64,0.00188064347205,0.609036183255,0.00114537992228
Croatia,21408.5515146,4170600.0,0.59284,12090.6665636,3.0,0.2,1.5,0.06,0.8,0.05,0.666666666667,0.558333333333,0.230522471532,1.0,0.319203080089,1.1610864426,48.5223659155,202367379.287,2.78500864064e-07,1.16151570366,1.86225716831,0.28301458,107042.757573,48.5223659155,56.3386612274,56.3386612274,48.5223659155,2.78500864064e-07,0.00272760929662,1.0,1.86225716831,5.00307895964,1.86225716831,464348.472673,3.3957341281,0.0,0.354580657999,0.103665744402,0.103665744402,59.3590339621,247562787.043,0.00277267866169,0.81743860499,0.0022664945773
Cyprus,31195.5062212,1170125.0,0.6684,23324.2017354,3.0,0.2,1.5,0.06,0.8,0.05,0.0,0.175,0.201747782914,1.0,0.37022945668,1.13390402972,22.3728627085,26179045.9768,1.00737671795e-07,0.11787566821,0.0,0.24233096,155977.531106,22.3728627085,25.3686791816,25.3686791816,22.3728627085,1.00737671795e-07,0.0030148343471,1.0,0.0,20.5754654534,0.0,773131.326913,3.39408891145,0.0,0.387005966,0.0363771533515,0.0363771533515,37.7596455397,44183505.2372,0.00121041938771,0.592507222691,0.000717182229705
Czech Republic,31071.7483717,10561633.0,0.7298,18266.5496886,3.0,0.2,1.5,0.06,0.8,0.05,0.666666666667,0.9,0.239799831571,1.0,0.486997761933,1.16985043078,25.5631841137,269988968.92,8.12710535807e-08,0.858355041443,6.18351796958,0.40017238,155358.741858,25.5631841137,29.9051019476,29.9051019476,25.5631841137,8.12710535807e-08,0.000962282232317,1.0,6.18351796958,10.3058632826,6.18351796958,647868.436106,3.39850296432,0.0,0.481270902399,0.0990076812986,0.0990076812986,30.2864945488,319874840.281,0.000974727723284,0.844045654491,0.00082271469915
Denmark,45686.4845315,5731118.0,0.87847,53417.6642756,3.0,0.2,1.5,0.06,0.8,0.05,0.733333333333,0.916666666667,0.230106064028,1.0,0.451262143978,1.16069307742,1.52049549203,8714139.08328,2.7122635492e-09,0.0155443024476,0.235372379992,0.67076972,228432.422658,1.52049549203,1.76482859184,1.76482859184,1.52049549203,2.7122635492e-09,5.45469306854e-05,1.0,0.235372379992,0.350140730567,0.235372379992,992726.652479,3.39991714751,0.0,0.485247662401,0.0546771392048,0.0546771392048,1.80161491291,10325267.6564,3.94343082288e-05,0.843962536687,3.32810788052e-05
Djibouti,3139.27353523,942333.0,0.7743,1862.16727373,3.0,0.2,1.5,0.06,0.8,0.05,0.6,0.25,0.260598620673,1.0,0.0997042200049,1.1894982984,3.68501188119,3472508.30104,4.13459273447e-07,0.389616317525,0.0695026904458,0.038536148,15696.3676762,3.68501188119,4.38331536227,4.38331536227,3.68501188119,4.13459273447e-07,0.00166256776913,1.0,0.0695026904458,0.463351269639,0.0695026904458,60231.9675968,3.39739881262,0.0,0.129549084745,0.0752963147515,0.0752963147515,4.94819438715,4662846.86143,0.00157622275715,0.744718495854,0.00117384224084
Dominica,10174.0385414,73543.0,0.6982,7144.45467278,3.0,0.2,1.5,0.06,0.8,0.05,0.0,0.0,1.47170826203,1.0,0.145975100282,2.33358999477,104.970363455,7719835.43957,4.31461113334e-06,0.31730944658,0.0,0.44,40696.1541656,104.970363455,244.957789906,244.957789906,104.970363455,4.31461113334e-06,0.051552163808,1.0,0.0,7.6353357162,0.0,27652.3243197,2.63312594781,0.0,0.226732475891,0.108402071583,0.108402071583,301.260171975,22155576.8275,0.029610677289,0.348437573964,0.010317472558
Dominican Republic,14098.8758698,10648791.0,0.79841,6722.22353581,3.0,0.2,1.5,0.06,0.8,0.05,0.6,0.508333333333,0.377150399089,1.0,0.156371125704,1.29960056935,87.4955301842,931721614.365,1.10784677937e-06,11.7972288135,4.67764358089,0.30391702,70494.379349,87.4955301842,113.709240843,113.709240843,87.4955301842,1.10784677937e-06,0.0153700466953,1.0,4.67764358089,15.3365363308,4.67764358089,186913.177129,3.3770069872,0.0,0.168358933691,0.0651498036804,0.0651498036804,126.183569619,1343702460.51,0.00894990287057,0.693398755864,0.00620585151555
Ecuador,10462.4413269,16385068.0,0.63976,5968.98413849,3.0,0.2,1.5,0.06,0.8,0.05,0.8,0.458333333333,0.2574734718,1.0,0.204859374659,1.18654608272,54.2225991781,888440974.669,1.01667280941e-06,16.6582531159,2.78979770976,0.15908827,52312.2066346,54.2225991781,64.3376126496,64.3376126496,54.2225991781,1.01667280941e-06,0.00719479032177,1.0,2.78979770976,7.63529829284,2.78979770976,203175.132059,3.38946288687,0.0,0.218044576169,0.143240860093,0.143240860093,74.0288970996,1212968512.94,0.00707568097985,0.732451803316,0.00518259529338
"Egypt, Arab Rep.",10319.2569275,95688681.0,0.43222,3514.49009689,3.0,0.2,1.5,0.06,0.8,0.05,0.666666666667,0.458333333333,0.492778341883,1.0,0.122676409209,1.40883012603,3.70004696099,354052613.335,7.58302255926e-08,7.25609426689,0.224040016973,0.047713502,51596.2846375,3.70004696099,5.21273762638,5.21273762638,3.70004696099,7.58302255926e-08,0.000681482090519,1.0,0.224040016973,0.73322187373,0.224040016973,104704.854601,3.39897408856,0.0,0.12022109056,0.121972079765,0.121972079765,5.40832964957,517515930.581,0.00052410068744,0.684138578956,0.000358557499535
El Salvador,7989.99725603,6344722.0,0.67189,4223.58457943,3.0,0.2,1.5,0.06,0.8,0.05,0.666666666667,0.508333333333,0.134243575308,1.0,0.216037682101,1.07013523394,54.0974751354,343233440.636,1.2654846515e-06,8.02914830901,2.62804616413,0.1740103,39949.9862802,54.0974751354,57.8916142094,57.8916142094,54.0974751354,1.2654846515e-06,0.00684261866666,1.0,2.62804616413,7.83875922118,2.62804616413,297593.28287,3.38934356053,0.0,0.20973778404,0.103465971111,0.103465971111,61.4970186665,390181487.268,0.00769675091191,0.879676386083,0.00677065002676
Estonia,27735.1385141,1316481.0,0.67468,17574.6873553,3.0,0.2,1.5,0.06,0.8,0.05,0.0,0.4,0.280060391597,1.0,0.396474445,1.20788313306,33.6106916545,44247836.96,1.56067494079e-07,0.205459890673,0.0,0.34059864,138675.69257,33.6106916545,40.59778754,40.59778754,33.6106916545,1.56067494079e-07,0.00393267260781,1.0,0.0,12.800909917,0.0,495163.531622,3.39225578808,0.0,0.4169369,0.0394569148366,0.0394569148366,49.0485351137,64571464.555,0.00176846187694,0.685253730343,0.00121184509814
Ethiopia,1608.29347612,102403196.0,0.19922,706.757754078,3.0,0.2,1.5,0.06,0.8,0.05,0.733333333333,0.591666666667,0.378116165384,1.0,0.114872230631,1.30051289402,2.26145641941,231580364.962,6.53104150951e-07,66.8799523782,0.235986496098,0.15016709,8041.4673806,2.26145641941,2.9410532327,2.9410532327,2.26145641941,6.53104150951e-07,0.00356569202517,1.0,0.235986496098,0.543886930829,0.235986496098,21267.1874857,3.39432234685,0.0,0.117646441488,0.0752963147515,0.0752963147515,2.86618263313,293506261.952,0.0017821266303,0.789013370353,0.00140612173897
Fiji,8862.74044256,898760.0,0.54099,5153.35154432,3.0,0.2,1.5,0.06,0.8,0.05,1.0,0.675,0.336139019412,1.0,0.191434908248,1.26085859477,127.610411807,114691133.715,2.9450276387e-06,2.64687304056,22.3087809571,0.6,35450.9617702,127.610411807,160.898684508,160.898684508,127.610411807,2.9450276387e-06,0.0400073824825,1.0,22.3087809571,38.2370302246,22.3087809571,105465.178759,2.67178387898,0.0,0.199735634202,0.0477794077974,0.0477794077974,167.190537958,150264167.896,0.0188644290152,0.763263360265,0.0143985274796
France,38058.8730457,66896109.0,0.7975,36854.9682805,3.0,0.2,1.5,0.06,0.8,0.05,0.733333333333,0.95,0.223449179748,1.0,0.444033858401,1.15440455838,39.8710742143,2667219726.59,9.20662775505e-08,6.15887573824,7.20412433318,0.56031652,190294.365228,39.8710742143,46.0273498207,46.0273498207,39.8710742143,9.20662775505e-08,0.00146965707023,1.0,7.20412433318,10.3408483251,7.20412433318,851622.572268,3.39779701144,0.0,0.456150616001,0.0642666682346,0.0642666682346,46.5353146206,3113031479.21,0.0012227191952,0.856791762114,0.00104761573383
Gabon,16785.9980144,1979786.0,0.87366,7179.34066115,3.0,0.2,1.5,0.06,0.8,0.05,0.533333333333,0.591666666667,0.329912373595,1.0,0.149618862052,1.25497650653,58.091667679,115009070.388,5.92869702178e-07,1.1737551362,3.17388052924,0.211475344,83929.9900719,58.091667679,72.9036781623,72.9036781623,58.091667679,5.92869702178e-07,0.00582232123676,1.0,3.17388052924,10.0580720997,3.17388052924,254400.855468,3.3916372063,0.0,0.161400474718,0.0844535545136,0.0844535545136,87.7295143685,173685664.334,0.00522635081294,0.662167892951,0.00346072170563
Georgia,9267.29900371,3719300.0,0.53826,3853.64990353,3.0,0.2,1.5,0.06,0.8,0.05,0.666666666667,0.616666666667,0.363265148312,1.0,0.570502910751,1.2864836726,34.6623241676,128919582.277,8.14052916518e-07,3.0277070124,0.156574377732,0.0087804844,46336.4950186,34.6623241676,44.5925140961,44.5925140961,34.6623241676,8.14052916518e-07,0.0143404746951,1.0,0.156574377732,0.380856594484,0.156574377732,127555.575408,3.3783318981,0.0,0.631766998317,0.0564937577134,0.0564937577134,49.4126074734,183780310.976,0.00533193193115,0.701487453101,0.00374028335049
Germany,44072.3921575,82667685.0,0.7551,41936.0585755,3.0,0.2,1.5,0.06,0.8,0.05,0.8,0.916666666667,0.273017446397,1.0,0.465117085747,1.20122991617,21.4782170542,1775554481.79,4.18084712481e-08,3.45620953147,3.79296755476,0.596566,220361.960788,21.4782170542,25.8002768715,25.8002768715,21.4782170542,4.18084712481e-08,0.00113125690027,1.0,3.79296755476,5.17222848376,3.79296755476,807135.088603,3.39834009011,0.0,0.4950705504,0.0531106496815,0.0531106496815,26.3156695365,2175455479.81,0.000597101002424,0.816175967872,0.000487339488571
Ghana,3980.20210606,28206728.0,0.54682,1513.46103433,3.0,0.2,1.5,0.06,0.8,0.05,0.8,0.541666666667,0.407935016576,1.0,0.195803901997,1.32868168971,4.59787561393,129691026.82,4.11498605158e-07,11.6070292281,0.198643712685,0.20917838,19901.0105303,4.59787561393,6.10911313978,6.10911313978,4.59787561393,4.11498605158e-07,0.00126192510227,1.0,0.198643712685,0.458408567734,0.198643712685,48784.7566932,3.39817822701,0.0,0.263964113434,0.146770073562,0.146770073562,7.03071043989,198313337.025,0.00176642046121,0.653970271318,0.00115518646828
Greece,24263.8781263,10746740.0,0.78329,18103.9693224,3.0,0.2,1.5,0.06,0.8,0.05,0.8,0.466666666667,0.236791750316,1.0,0.505664739767,1.16700880467,97.0655314242,1043138029.18,5.09810201879e-07,5.47879768894,13.8824752256,0.14366986,121319.390632,97.0655314242,113.276329802,113.276329802,97.0655314242,5.09810201879e-07,0.0232721969694,1.0,13.8824752256,44.5103496015,13.8824752256,512346.356956,3.36711424045,0.0,0.488503538399,0.042496286843,0.042496286843,131.086556392,1408753139.04,0.00540253935129,0.740469000755,0.00400041291499
Guatemala,7366.76847955,16582469.0,0.5203,4146.74412863,3.0,0.2,1.5,0.06,0.8,0.05,0.466666666667,0.583333333333,0.647562772801,1.0,0.0595393265553,1.555049408,9.14355354745,151622693.25,8.35833689027e-07,13.8601862374,1.97534685651,0.177810088,36833.8423977,9.14355354745,14.218677531,14.218677531,9.14355354745,8.35833689027e-07,0.0358828945617,1.0,1.97534685651,7.25637620759,1.97534685651,56880.7287028,3.34148707555,0.0,0.0690831695487,0.0413362981274,0.0413362981274,35.95797192,596271954.666,0.00488110519827,0.254284462088,0.00124118920974
Guinea,1215.0253768,12395924.0,0.37651,508.145078427,3.0,0.2,1.5,0.06,0.8,0.05,0.6,0.333333333333,0.351069489284,1.0,0.0772786986508,1.27496287238,2.94598200923,36518169.0918,1.57203631397e-06,19.4868426732,0.199146726983,0.0365940658,6075.126884,2.94598200923,3.75601768447,3.75601768447,2.94598200923,1.57203631397e-06,0.00261784113861,1.0,0.199146726983,0.995733634915,0.199146726983,17304.627914,3.39592064085,0.0,0.0695644249892,0.144684122204,0.144684122204,4.53017289814,56155678.9521,0.00372845949116,0.650302334033,0.00242462590945
Guinea-Bissau,1466.26769456,1815698.0,0.50094,620.214764744,3.0,0.2,1.5,0.06,0.8,0.05,0.2,0.166666666667,0.423188762937,1.0,0.0902700065654,1.34309135499,1.06676810065,1936928.70682,4.73871486006e-07,0.860407509398,0.00643099079674,0.0002,7331.3384728,1.06676810065,1.43276701376,1.43276701376,1.06676810065,4.73871486006e-07,0.000754464446837,1.0,0.00643099079674,0.192929723902,0.00643099079674,17324.0386203,3.39859108267,0.0,0.0870787278982,0.143085867365,0.143085867365,1.81031619076,3286987.48693,0.00123464234906,0.589271700767,0.000727539796867
Guyana,7248.23018348,773303.0,0.28661,4456.55369735,3.0,0.2,1.5,0.06,0.8,0.05,0.0,0.0,0.380848192174,1.0,0.195105207402,1.30309374141,40.5617789138,31366545.3194,1.68823837534e-06,1.30551980037,0.0,0.68,36241.1509174,40.5617789138,52.8558002432,52.8558002432,40.5617789138,1.68823837534e-06,0.013968783972,1.0,0.0,6.98819784991,0.0,95159.0467334,3.37639653977,0.0,0.214361109989,0.0623319386934,0.0623319386934,70.8852295181,54815760.642,0.00977966037552,0.572217642371,0.00559609420327
Haiti,1653.96184811,10847334.0,0.59794,739.595436254,3.0,0.2,1.5,0.06,0.8,0.05,0.533333333333,0.25,0.133366953773,1.0,0.0263975960001,1.06930712112,37.5214356159,407007544.285,2.02815579337e-05,220.000832947,2.06314173362,0.11078163,8269.80924055,37.5214356159,40.1219382986,40.1219382986,37.5214356159,2.02815579337e-05,0.025803551575,1.0,2.06314173362,26.3268093763,2.06314173362,62007.9337991,3.36109560104,0.0,0.0246083235649,0.0736072767024,0.0736072767024,92.824276941,1006895935.29,0.0561223809649,0.404220068848,0.0226857926976
Honduras,4392.26594677,9112867.0,0.55315,2361.15761951,3.0,0.2,1.5,0.06,0.8,0.05,0.333333333333,0.566666666667,0.363592694105,1.0,0.158582955394,1.28679309333,28.0537999945,255650548.195,2.01854196022e-06,18.3947044174,0.4093378497,0.170426076,21961.3297338,28.0537999945,36.0994360746,36.0994360746,28.0537999945,2.01854196022e-06,0.0210797309526,1.0,0.4093378497,2.16708273371,0.4093378497,60400.9103865,3.36298139118,0.0,0.176616321997,0.0952855693629,0.0952855693629,39.9802305387,364334523.528,0.00910241570598,0.701691801587,0.00638709047552
Hungary,25381.2879152,9817958.0,0.71672,12664.8474351,3.0,0.2,1.5,0.06,0.8,0.05,0.866666666667,0.666666666667,0.221269411701,1.0,0.57746376048,1.15234540995,140.642282061,1380820018.3,6.35456581418e-07,6.23888602718,2.87218799823,0.21281976,126906.439576,140.642282061,162.068488178,162.068488178,140.642282061,6.35456581418e-07,0.00509067149349,1.0,2.87218799823,4.97109461232,2.87218799823,573538.107235,3.3932318037,0.0,0.624313376,0.102642449276,0.102642449276,174.822359394,1716398581.99,0.00688784430398,0.804486809058,0.0055411798854
India,6092.64809657,1324171354.0,0.33136,1709.3879212,3.0,0.2,1.5,0.06,0.8,0.05,0.866666666667,0.775,0.452530164236,1.0,0.136881502906,1.37080912094,5.65070489033,7482501545.68,2.34909118972e-07,311.059926136,0.579782327952,0.165629104,30463.2404829,5.65070489033,7.74603780342,7.74603780342,5.65070489033,2.34909118972e-07,0.00247282185842,1.0,0.579782327952,0.863199495709,0.579782327952,67317.5909374,3.3964632097,0.0,0.146071660641,0.117297897689,0.117297897689,7.60121152943,10065306563.0,0.00124760390046,0.743395295401,0.000927462870128
Indonesia,10764.5479973,261115456.0,0.54466,3570.29488812,3.0,0.2,1.5,0.06,0.8,0.05,0.666666666667,0.608333333333,0.309976818667,1.0,0.15882024994,1.23614410517,15.0723904392,3935634102.54,2.76895404924e-07,72.301669921,2.27507688938,0.30853852,53822.7399865,15.0723904392,18.6316465922,18.6316465922,15.0723904392,2.76895404924e-07,0.00556544155796,1.0,2.27507688938,5.60977863136,2.27507688938,173634.726035,3.39128889293,0.0,0.170763220736,0.045743004013,0.045743004013,21.0415260683,5494267674.25,0.00195470595454,0.71631641119,0.00140018795429
"Iran, Islamic Rep.",16010.1114418,80277428.0,0.73879,4957.58127646,3.0,0.2,1.5,0.06,0.8,0.05,0.6,0.416666666667,0.317995177479,1.0,0.163546229435,1.2437187602,20.3582851187,1634310767.82,1.97015955077e-07,15.8159341486,0.884486902188,0.23857388,80050.557209,20.3582851187,25.3199811277,25.3199811277,20.3582851187,1.97015955077e-07,0.00609815583231,1.0,0.884486902188,3.53794760875,0.884486902188,251735.129582,3.3901382998,0.0,0.181944944083,0.0751737763749,0.0751737763749,27.1588913949,2180245948.51,0.00169635867268,0.749599268347,0.0012715892199
Iraq,16086.9180587,37202572.0,0.69592,4609.60069352,3.0,0.2,1.5,0.06,0.8,0.05,0.2,0.25,0.584092471451,1.0,0.117598630105,1.4950912983,30.1270668103,1120804372.16,3.28205939702e-07,12.2101051026,0.24384800807,0.035840168,80434.5902936,30.1270668103,45.0427154312,45.0427154312,30.1270668103,3.28205939702e-07,0.00495476037972,1.0,0.24384800807,4.87696016141,0.24384800807,137708.657833,3.39087027416,0.0,0.119473597096,0.130383947335,0.130383947335,45.5643695359,1695111738.29,0.00283238649998,0.661197929811,0.00187276809021
Ireland,62828.3391657,4773095.0,0.63535,61606.4829394,3.0,0.2,1.5,0.06,0.8,0.05,0.0,0.35,0.311250549275,1.0,0.561752771729,1.23734735264,22.6226059797,107979847.489,2.82684462726e-08,0.134927979561,0.0,0.52544202,314141.695828,22.6226059797,27.9920216188,27.9920216188,22.6226059797,2.82684462726e-08,0.000792096956005,1.0,0.0,3.5263591808,0.0,1009288.80788,3.39843108233,0.0,0.5966023244,0.0574133409732,0.0574133409732,30.275805969,144509298.091,0.000481881367087,0.747217299612,0.000360070093848
Israel,32612.6885765,8547100.0,0.92205,37292.6122173,3.0,0.2,1.5,0.06,0.8,0.05,0.0,0.4,0.358478281362,1.0,0.238526081715,1.28196169165,13.8687507903,118537599.88,4.88080667519e-08,0.417167427336,0.0,0.57192406,163063.442882,13.8687507903,17.7792072242,17.7792072242,13.8687507903,4.88080667519e-08,0.000664972381226,1.0,0.0,0.780171474409,0.0,454876.770394,3.39865655517,0.0,0.283414401951,0.121972079765,0.121972079765,19.5649302391,167223415.247,0.000599917734267,0.708857666282,0.000425256285074
Italy,34620.1293634,60600590.0,0.69116,30527.268203,3.0,0.2,1.5,0.06,0.8,0.05,0.866666666667,0.716666666667,0.204611968718,1.0,0.45754809499,1.13660972298,54.3167410619,3291626555.23,1.43432116191e-07,8.69207086611,7.95715053707,0.3928778,173100.646817,54.3167410619,61.7369360116,61.7369360116,54.3167410619,1.43432116191e-07,0.00383279603679,1.0,7.95715053707,12.8111547108,7.95715053707,845994.727979,3.39450592985,0.0,0.456810574,0.0642666682346,0.0642666682346,62.8672335795,3809791446.59,0.00181591561717,0.863991271275,0.00156893524261
Jamaica,8190.00090509,2881355.0,0.5503,4868.24826261,3.0,0.2,1.5,0.06,0.8,0.05,0.6,0.408333333333,0.381009113473,1.0,0.188224212856,1.30324575797,72.4862920166,208858739.933,1.98660705712e-06,5.72412017707,2.00256397733,0.3246176,40950.0045255,72.4862920166,94.4674525819,94.4674525819,72.4862920166,1.98660705712e-06,0.013012308809,1.0,2.00256397733,8.3103293477,2.00256397733,107477.755984,3.38148324143,0.0,0.20371065766,0.0952855693629,0.0952855693629,100.18344776,288664078.12,0.0122324098521,0.723535610297,0.00885058412771
Japan,38239.7712871,126994511.0,0.93928,38894.4677292,3.0,0.2,1.5,0.06,0.8,0.05,0.8,0.816666666667,0.210442533555,1.0,0.273212431609,1.14211764777,61.7158695422,7837576673.46,1.46830814177e-07,18.6467074461,9.24711842779,0.61472846,191198.856436,61.7158695422,70.4867837517,70.4867837517,61.7158695422,1.46830814177e-07,0.00698544973791,1.0,9.24711842779,14.1537526956,9.24711842779,908556.142172,3.38972281061,0.0,0.322318259662,0.0470689414624,0.0470689414624,74.7194576287,9488960983.74,0.00195397239873,0.825967846942,0.00161391837516
Jordan,8389.54333612,9455802.0,0.83905,4087.93751672,3.0,0.2,1.5,0.06,0.8,0.05,0.466666666667,0.425,0.175722722221,1.0,0.211033532479,1.1093190914,6.77183622056,64033142.4781,1.52239155453e-07,1.43954331061,0.201360476322,0.044096072,41947.7166806,6.77183622056,7.51212720328,7.51212720328,6.77183622056,1.52239155453e-07,0.000571083625222,1.0,0.201360476322,1.01526290583,0.201360476322,238715.381542,3.39902803853,0.0,0.215957238821,0.121972079765,0.121972079765,7.95987930308,75267042.6338,0.000948785766301,0.850746093342,0.000807175784099
Kazakhstan,23419.9055774,17797032.0,0.53229,7510.07720866,3.0,0.2,1.5,0.06,0.8,0.05,0.6,0.775,0.330570755356,1.0,0.0596152879132,1.25559845609,24.2012110792,430709728.015,1.45956413931e-07,2.59759096933,7.6820704884,0.097463992,117099.527887,24.2012110792,30.3870032665,30.3870032665,24.2012110792,1.45956413931e-07,0.00574010090578,1.0,7.6820704884,16.5205816955,7.6820704884,354234.383985,3.39090728646,0.0,0.0605747404774,0.0394569148366,0.0394569148366,35.5986597017,633550485.868,0.00152001721715,0.679834894965,0.00103336074516
Kenya,2925.60091711,48461567.0,0.26055,1455.35976536,3.0,0.2,1.5,0.06,0.8,0.05,0.8,0.508333333333,0.462960273152,1.0,0.111351257914,1.38066206951,2.45081163066,118770172.043,3.38500351584e-07,16.4042574678,0.0967039627252,0.35982758,14628.0045856,2.45081163066,3.38374265796,3.38374265796,2.45081163066,3.38500351584e-07,0.00176461220479,1.0,0.0967039627252,0.237796629652,0.0967039627252,31596.6734812,3.39762127921,0.0,0.104424048968,0.130383947335,0.130383947335,3.64465975078,176625922.705,0.00124578158609,0.672439074767,0.000837712217111
Kiribati,1897.81234732,114395.0,0.44447,1449.05823117,3.0,0.2,1.5,0.06,0.8,0.05,0.0,0.0,0.283949579832,1.0,0.0879932419562,1.21155710923,0.0960392448154,10986.4094107,2.18594515973e-08,0.00250061196547,0.0,0.0,7591.24938928,0.0960392448154,0.116357029822,0.116357029822,0.0960392448154,2.18594515973e-08,2.73027885223e-05,1.0,0.0,0.0143482101994,0.0,26734.4977012,2.71994608169,0.0,0.0884146776282,0.0833784313535,0.0833784313535,0.122967852343,14066.9074688,6.47945264539e-05,0.781010995845,5.06052376311e-05
"Korea, Rep.",34985.8493334,51245707.0,0.82592,27538.8061282,3.0,0.2,1.5,0.06,0.8,0.05,0.866666666667,0.95,0.236793622197,1.0,0.237857560103,1.16701057297,73.4864597305,3765865583.82,2.01621330412e-07,10.3322276232,16.7955309829,0.58502682,174929.246667,73.4864597305,85.7594754753,85.7594754753,73.4864597305,2.01621330412e-07,0.00802731417996,1.0,16.7955309829,20.846221345,16.7955309829,738741.377592,3.38880240281,0.0,0.27026457206,0.0477841184433,0.0477841184433,89.7698218994,4600317990.5,0.00256588945559,0.818609842102,0.00210046236209
Kyrgyz Republic,3291.96824336,6082700.0,0.3585,1077.03617433,3.0,0.2,1.5,0.06,0.8,0.05,0.6,0.483333333333,0.520225666641,1.0,0.280394665936,1.43475862604,10.4818635392,63758031.3501,1.24253225807e-06,7.55795096617,1.22571290943,0.052352738,16459.8412168,10.4818635392,15.0389441299,15.0389441299,10.4818635392,1.24253225807e-06,0.0194445831937,1.0,1.22571290943,4.2265962394,1.22571290943,31639.8099369,3.36958561983,0.0,0.288808451007,0.0546021751789,0.0546021751789,15.9685752203,97132052.4925,0.00485076830632,0.656405683953,0.00318407188781
Lao PDR,5734.58657173,6758353.0,0.39654,2353.15287465,3.0,0.2,1.5,0.06,0.8,0.05,0.4,0.166666666667,0.247298886073,1.0,0.149212275347,1.17693451772,72.4886853243,489904123.928,3.07100513984e-06,20.7549367999,1.44855608621,0.21732376,28672.9328587,72.4886853243,85.3144359021,85.3144359021,72.4886853243,3.07100513984e-06,0.0298188630568,1.0,1.44855608621,22.1255832319,1.44855608621,115944.448089,3.35110380017,0.0,0.135969897001,0.0672949405597,0.0672949405597,90.7428901581,613272483.929,0.0158237893915,0.798835977099,0.0126406122599
Latvia,23712.0907802,1960424.0,0.67361,14118.0639068,3.0,0.2,1.5,0.06,0.8,0.05,0.0,0.35,0.239369908081,1.0,0.284858859261,1.16944429753,77.5252943988,151982447.746,4.24547645449e-07,0.832293393281,0.0,0.27573412,118560.453901,77.5252943988,90.6615134492,90.6615134492,77.5252943988,4.24547645449e-07,0.00935399551539,1.0,0.0,18.7492817091,0.0,495302.249358,3.38247503105,0.0,0.335069612001,0.0394569148366,0.0394569148366,105.489247881,206803653.288,0.00444875354345,0.734911812872,0.00326944153164
Lebanon,12974.1654544,6006668.0,0.87914,7914.00467748,3.0,0.2,1.5,0.06,0.8,0.05,0.533333333333,0.4,0.167657612417,1.0,0.117877983874,1.10170027239,19.3390631825,116163331.968,2.2744770211e-07,1.36620283394,0.656189645282,0.211076206,64870.8272721,19.3390631825,21.3058511759,21.3058511759,19.3390631825,2.2744770211e-07,0.000962831141345,1.0,0.656189645282,3.07588896226,0.656189645282,386924.436874,3.39841782521,0.0,0.118012709116,0.113560212195,0.113560212195,22.8696893607,137370631.253,0.00176270985915,0.84561984544,0.00149058243865
Lesotho,2808.23632967,2203821.0,0.2784,998.134371558,3.0,0.2,1.5,0.06,0.8,0.05,0.4,0.166666666667,0.199212095658,1.0,0.0929757718344,1.13150865722,9.80557831657,21609739.4112,1.32956191432e-06,2.93011646758,0.0495798096199,0.096692908,14041.1816484,9.80557831657,11.0950967542,11.0950967542,9.80557831657,1.32956191432e-06,0.00278762716487,1.0,0.0495798096199,0.743697144297,0.0495798096199,70483.5798348,3.39507128887,0.0,0.0879288227707,0.137382764826,0.137382764826,13.4627212759,29669427.8651,0.00479401293035,0.728350391841,0.00349172119631
Liberia,753.557379047,4613823.0,0.501,455.370741357,3.0,0.2,1.5,0.06,0.8,0.05,0.0,0.0,0.472512071273,1.0,0.143438884307,1.38968530947,1.35979347336,6273846.40263,1.47977983466e-06,6.82744223611,0.0,0.16959178,3767.78689523,1.35979347336,1.88968501384,1.88968501384,1.35979347336,1.47977983466e-06,0.00210553320831,1.0,0.0,0.397880781527,0.0,7973.94844344,3.39580793553,0.0,0.131013316576,0.142738440481,0.142738440481,2.08278396174,9609596.54671,0.00276393546086,0.652873028762,0.00180449891563
Lithuania,27904.0962509,2872298.0,0.66512,14879.680299,3.0,0.2,1.5,0.06,0.8,0.05,0.0,0.35,0.312964424495,1.0,0.3793593294,1.23896638889,43.6586996241,125400795.613,1.92092251895e-07,0.551746190932,0.0,0.32180108,139520.481254,43.6586996241,54.0916614168,54.0916614168,43.6586996241,1.92092251895e-07,0.00292698819199,1.0,0.0,3.02692174508,0.0,445803.006139,3.3943192721,0.0,0.446123508,0.0640807996087,0.0640807996087,60.9229995812,174989009.851,0.00218329950676,0.716620979338,0.00156459823072
Luxembourg,97018.6636397,582972.0,0.90432,102831.321483,3.0,0.2,1.5,0.06,0.8,0.05,0.0,0.5,0.247230660386,1.0,0.452519623488,1.17687006737,16.7366466454,9756996.36814,1.06282237063e-08,0.00619595683048,0.0,0.63111824,485093.318198,16.7366466454,19.696858465,19.696858465,16.7366466454,1.06282237063e-08,0.000346516696152,1.0,0.0,5.39588796541,0.0,1962108.2492,3.39930176479,0.0,0.4598118424,0.0563212218976,0.0563212218976,21.856285079,12741602.2251,0.000225279180923,0.765758983507,0.000172509556589
"Macedonia, FYR",13054.7769673,2081206.0,0.57204,5237.14767046,3.0,0.2,1.5,0.06,0.8,0.05,0.666666666667,0.333333333333,0.263932166583,1.0,0.284269748755,1.19264737927,13.689580354,28490836.7701,1.87343224845e-07,0.389899843606,0.556461490774,0.158569842,65273.8848364,13.689580354,16.3268421324,16.3268421324,13.689580354,1.87343224845e-07,0.00435017915487,1.0,0.556461490774,2.50407670848,0.556461490774,247313.109582,3.39321515664,0.0,0.331672591552,0.0470386587393,0.0470386587393,19.0133831572,39570767.1071,0.00145643109835,0.719997079992,0.00104862613802
Madagascar,1396.0917342,24894551.0,0.35741,401.318870069,3.0,0.2,1.5,0.06,0.8,0.05,0.6,0.25,0.294072983843,1.0,0.0973354859307,1.22112032471,14.4114699433,358767073.489,5.04849261168e-06,125.679956795,0.281388147961,0.039344662,6980.45867101,14.4114699433,17.5981388568,17.5981388568,14.4114699433,5.04849261168e-06,0.0211469260441,1.0,0.281388147961,1.87592098641,0.281388147961,23737.1640869,3.3661797007,0.0,0.0938702095617,0.103877683696,0.103877683696,17.918682795,446077562.694,0.0128348892527,0.804270610076,0.0103227242095
Malawi,1083.97019632,18091575.0,0.16454,300.794825113,3.0,0.2,1.5,0.06,0.8,0.05,0.8,0.333333333333,0.253076569219,1.0,0.0317494880412,1.18239248707,5.70312189687,103178457.531,2.88186378342e-06,52.1374547775,0.18770373092,0.078576048,5419.85098159,5.70312189687,6.74332848373,6.74332848373,5.70312189687,2.88186378342e-06,0.00545977037097,1.0,0.18770373092,0.703888990951,0.18770373092,21415.8544915,3.39207557241,0.0,0.0302015744781,0.103877683696,0.103877683696,6.99797571025,126604402.41,0.0064558746486,0.814967375282,0.00526132721752
Malaysia,25660.4598532,31187265.0,0.7537,9502.56839625,3.0,0.2,1.5,0.06,0.8,0.05,0.8,0.766666666667,0.250594074561,1.0,0.100456095357,1.1800473637,40.0802565382,1249993581.93,1.91963276249e-07,5.98680956666,5.03749801679,0.36505272,128302.299266,40.0802565382,47.2966010645,47.2966010645,40.0802565382,1.91963276249e-07,0.00384100466739,1.0,5.03749801679,8.2133119839,5.03749801679,511992.550066,3.39449061138,0.0,0.112118375669,0.0541206179335,0.0541206179335,53.6972508935,1674670393.39,0.00209260672649,0.746411703976,0.00156194615247
Maldives,12235.5464664,417492.0,0.4654,8601.63248838,3.0,0.2,1.5,0.06,0.8,0.05,0.6,0.333333333333,0.326357971697,1.0,0.0724408634475,1.25161879096,0.215642624357,90029.0705279,3.02401505875e-09,0.00126250209491,0.00617323023204,0.55,48942.1858655,0.215642624357,0.269902360777,0.269902360777,0.215642624357,3.02401505875e-09,1.09010753752e-05,1.0,0.00617323023204,0.0308661511602,0.00617323023204,149964.732318,2.71998248944,0.0,0.0744320929497,0.0833784313535,0.0833784313535,0.278477723991,116262.221944,2.27597291838e-05,0.774362204871,1.7624274073e-05
Mali,1962.69087403,17994837.0,0.40683,780.507110878,3.0,0.2,1.5,0.06,0.8,0.05,0.6,0.333333333333,0.643844865959,1.0,0.0547012832503,1.5515372352,2.32333544341,41808042.6005,9.52136846216e-07,17.1335473494,0.72023937957,0.0356877158,9813.45437015,2.32333544341,3.6047414503,3.6047414503,2.32333544341,9.52136846216e-07,0.0138751064431,1.0,0.72023937957,3.7107363097,0.72023937957,15241.9548388,3.37795799439,0.0,0.0508928192999,0.0440297568421,0.0440297568421,5.6331563958,101367731.138,0.00287011901382,0.412439364393,0.00118375006179
Mauritania,3572.28055033,4301018.0,0.60446,1077.55613626,3.0,0.2,1.5,0.06,0.8,0.05,0.666666666667,0.333333333333,0.238105970858,1.0,0.100606238693,1.16825030152,11.5603864252,49721430.1018,1.87365884047e-06,8.0586403987,2.19888717961,0.129454362,17861.4027516,11.5603864252,13.5054249269,13.5054249269,11.5603864252,1.87365884047e-06,0.0105676689294,1.0,2.19888717961,15.0051128457,2.19888717961,75014.5100825,3.38489616791,0.0,0.0969044442411,0.0414114179562,0.0414114179562,27.2195908316,117071950.119,0.00761966772992,0.424708310156,0.00323613620553
Mauritius,19548.6385168,1263473.0,0.39548,9627.59578522,3.0,0.2,1.5,0.06,0.8,0.05,0.733333333333,0.741666666667,0.294812791693,1.0,0.375458997085,1.22181919457,57.394320206,72516173.9337,3.89667187321e-07,0.492333970166,8.36022161222,0.39581502,78194.5540673,57.394320206,70.1254820868,70.1254820868,57.394320206,3.89667187321e-07,0.00694189645671,1.0,8.36022161222,15.3711939755,8.36022161222,265234.604029,2.70963749657,0.0,0.381871517355,0.0504712054199,0.0504712054199,72.456853824,91547278.4715,0.00370649105622,0.792117200472,0.00293597531903
Mexico,16831.1247258,127540423.0,0.79517,8201.30625288,3.0,0.2,1.5,0.06,0.8,0.05,0.533333333333,0.766666666667,0.368263044977,1.0,0.295960778467,1.29120500573,7.60029102625,969344332.411,7.05378403617e-08,8.99642599724,0.301997635679,0.170548856,84155.623629,7.60029102625,9.81353381813,9.81353381813,7.60029102625,7.05378403617e-08,0.00137510250102,1.0,0.301997635679,0.738581174214,0.301997635679,228520.414353,3.39768779829,0.0,0.331696170615,0.0835363136959,0.0835363136959,10.4791090737,1336510003.92,0.00062260301937,0.72528026694,0.000451561684086
Moldova,4944.33566121,3552000.0,0.45089,1900.20147935,3.0,0.2,1.5,0.06,0.8,0.05,0.6,0.375,0.256704773757,1.0,0.378181136261,1.18581992134,25.805117367,91659776.8875,1.39292651703e-06,4.94767498848,2.39509200755,0.079483202,24721.678306,25.805117367,30.6002222463,30.6002222463,25.805117367,1.39292651703e-06,0.00563899815872,1.0,2.39509200755,11.7636680717,2.39509200755,96303.9290007,3.3910154727,0.0,0.390251266306,0.0993119076158,0.0993119076158,32.9499873574,117038355.094,0.00666418900641,0.783160159882,0.00521912732775
Mongolia,11328.4757358,3027398.0,0.72823,3686.45169811,3.0,0.2,1.5,0.06,0.8,0.05,0.533333333333,0.566666666667,0.207674879251,1.0,0.271284740898,1.13950314434,25.1094151334,76016193.1561,4.04193353619e-07,1.22365415036,3.2739611905,0.37234158,56642.3786791,25.1094151334,28.6122574971,28.6122574971,25.1094151334,4.04193353619e-07,0.00544076048239,1.0,3.2739611905,10.8329598215,3.2739611905,272745.451368,3.3913744268,0.0,0.295024409956,0.0394569148366,0.0394569148366,33.1601245422,100388894.719,0.00292714795137,0.757217154038,0.00221648664118
Montenegro,15658.1132131,622781.0,0.64223,6701.00008024,3.0,0.2,1.5,0.06,0.8,0.05,0.0,0.175,0.364896662392,1.0,0.340224299345,1.28802490525,12.7327744144,7929729.98257,1.27765823745e-07,0.0795701274774,0.0,0.061898894,78290.5660656,12.7327744144,16.4001305586,16.4001305586,12.7327744144,1.27765823745e-07,0.00164132529605,1.0,0.0,2.60168231584,0.0,214555.445787,3.39671397936,0.0,0.338831577369,0.1036298277,0.1036298277,17.0339288397,10608407.2367,0.00108786599049,0.747494869456,0.000813174246545
Morocco,7265.84707894,35276786.0,0.60685,2832.42977714,3.0,0.2,1.5,0.06,0.8,0.05,0.866666666667,0.75,0.269256967219,1.0,0.151147316847,1.19767752681,8.24816423152,290968724.488,2.47057015021e-07,8.71537744869,1.17574909434,0.148321906,36329.2353947,8.24816423152,9.87864093756,9.87864093756,8.24816423152,2.47057015021e-07,0.00282398097357,1.0,1.17574909434,1.80884476052,1.17574909434,134924.03101,3.39601856536,0.0,0.168518916086,0.0646287465593,0.0646287465593,10.4112087657,367273983.628,0.0014328967638,0.79223886651,0.00113519650798
Myanmar,5351.5548029,52885223.0,0.3465,1275.01760815,3.0,0.2,1.5,0.06,0.8,0.05,0.466666666667,0.25,0.721910597968,1.0,0.0932172056469,1.62528312303,29.3419044294,1551753158.99,1.97725903865e-06,104.567785188,1.01342352422,0.14794113,26757.7740145,29.3419044294,47.6889020666,47.6889020666,29.3419044294,1.97725903865e-06,0.0326883689256,1.0,1.01342352422,8.68648735041,1.01342352422,37065.2184493,3.35137442233,0.0,0.0857007269549,0.0657808043972,0.0657808043972,52.6692084325,2785422833.18,0.00984185164355,0.557097881337,0.00548287469905
Namibia,9812.40862857,2479713.0,0.47625,4140.46193249,3.0,0.2,1.5,0.06,0.8,0.05,0.733333333333,0.608333333333,0.27517268198,1.0,0.170594189469,1.20326588967,30.1847551053,74849529.6365,6.5793320361e-07,1.63148551812,1.05272255033,0.3077461,49062.0431429,30.1847551053,36.3202862063,36.3202862063,30.1847551053,6.5793320361e-07,0.00305809670001,1.0,1.05272255033,2.35977657608,1.05272255033,178295.471737,3.39561425049,0.0,0.195016740696,0.137382764826,0.137382764826,43.5137342039,107901572.384,0.00443456197668,0.693683400369,0.00307618203113
Nepal,2287.72326468,28982771.0,0.18995,729.532501133,3.0,0.2,1.5,0.06,0.8,0.05,0.6,0.333333333333,0.270199300271,1.0,0.305409409324,1.19856771494,9.68560128524,280715564.047,1.62087244195e-06,46.9773748054,0.468347381564,0.195283564,11438.6163234,9.68560128524,11.6088490002,11.6088490002,9.68560128524,1.62087244195e-06,0.00607339663206,1.0,0.468347381564,2.34173690782,0.468347381564,42333.9968383,3.39060250289,0.0,0.292462701845,0.0964473401366,0.0964473401366,12.0678142911,349758698.069,0.00527503237712,0.802597806995,0.00423372941771
Netherlands,47128.3107893,17018408.0,0.91032,45294.7799954,3.0,0.2,1.5,0.06,0.8,0.05,0.8,0.916666666667,0.252519894857,1.0,0.405960111599,1.18186661684,35.4814090256,603837095.213,6.21347254325e-08,1.05743410838,7.56700392684,0.63079404,235641.553946,35.4814090256,41.9342928457,41.9342928457,35.4814090256,6.21347254325e-08,0.000927695088749,1.0,7.56700392684,12.2953785276,7.56700392684,933160.3519,3.39877317719,0.0,0.41583824,0.056297248075,0.056297248075,43.2503750084,736052528.047,0.000917715366498,0.820372286221,0.000752868253315
Nicaragua,5136.84157371,6149928.0,0.59107,2151.38204656,3.0,0.2,1.5,0.06,0.8,0.05,0.6,0.483333333333,0.299517118673,1.0,0.144461258355,1.22626320298,15.5169805383,95428313.0877,8.17454061975e-07,5.02728362446,0.593526677348,0.097838526,25684.2078685,15.5169805383,19.0279022554,19.0279022554,15.5169805383,8.17454061975e-07,0.00722521532302,1.0,0.593526677348,2.046643715,0.593526677348,85752.0531125,3.38839625077,0.0,0.156058728994,0.0834528204142,0.0834528204142,20.4777272717,125936548.325,0.00398644322155,0.757749155089,0.00302072398294
Niger,906.992520616,20672987.0,0.1901,363.22697389,3.0,0.2,1.5,0.06,0.8,0.05,0.666666666667,0.333333333333,0.233592316855,1.0,0.0638401905509,1.16398641501,2.04115209834,42196710.7941,2.1111287398e-06,43.6433369932,0.531992633261,0.020549618,4534.96260308,2.04115209834,2.37587331344,2.37587331344,2.04115209834,2.1111287398e-06,0.0110814103723,1.0,0.531992633261,3.2300136761,0.531992633261,19414.0058378,3.3822597782,0.0,0.0634645975581,0.0469011457341,0.0469011457341,3.92367743949,81114132.6989,0.00432603064558,0.5202140415,0.00225046188579
Nigeria,5438.92271095,185989640.0,0.48597,2177.98516982,3.0,0.2,1.5,0.06,0.8,0.05,0.8,0.591666666667,0.873644472949,1.0,0.0426297506211,1.76862065457,3.02241356655,562137611.174,2.08784045736e-07,38.8316695043,0.265134470315,0.29739718,27194.6135548,3.02241356655,5.34550306046,5.34550306046,3.02241356655,2.08784045736e-07,0.00170747968448,1.0,0.265134470315,0.560143247144,0.265134470315,31127.7806897,3.39745507096,0.0,0.0394089085585,0.142738440481,0.142738440481,5.69831980231,1059828448.64,0.0010476927335,0.530404342228,0.000555700775167
Norway,63810.7864262,5232929.0,0.80734,70812.4774226,3.0,0.2,1.5,0.06,0.8,0.05,0.8,1.0,0.335951687348,1.0,0.395282929682,1.26068162891,1.00138042309,5240152.65601,1.18976168739e-09,0.00622593843701,0.420722815968,0.79710486,255243.145705,1.00138042309,1.26242190293,1.26242190293,1.00138042309,1.18976168739e-09,3.10924426917e-05,1.0,0.420722815968,0.52590351996,0.420722815968,759761.463679,2.71995616783,0.0,0.4096280384,0.0315655318693,0.0315655318693,1.30528874348,6830483.31911,2.04556128608e-05,0.767171576475,1.56929647662e-05
Pakistan,4866.16345609,193203476.0,0.39224,1468.19294648,3.0,0.2,1.5,0.06,0.8,0.05,0.733333333333,0.541666666667,0.37671735813,1.0,0.134875663226,1.29919149114,10.7908835855,2084836217.84,6.01347832259e-07,116.182491478,0.86978578825,0.038437394,24330.8172804,10.7908835855,14.0194241362,14.0194241362,10.7908835855,6.01347832259e-07,0.00416032491642,1.0,0.86978578825,2.18967051587,0.86978578825,64586.3981453,3.3937189929,0.0,0.127501434635,0.116955813953,0.116955813953,13.889426742,2683485526.2,0.00285428692795,0.776913531854,0.00221753413812
Panama,21334.9396784,4034119.0,0.66895,13680.2360069,3.0,0.2,1.5,0.06,0.8,0.05,0.666666666667,0.716666666667,0.540242716064,1.0,0.14082050298,1.45366801232,13.2040596884,53266748.066,1.13020244395e-07,0.455937115299,0.759014234224,0.2219576,106674.698392,13.2040596884,19.1943192017,19.1943192017,13.2040596884,1.13020244395e-07,0.00177743748554,1.0,0.759014234224,1.58863444372,0.759014234224,197456.985943,3.39730786765,0.0,0.152521969922,0.143240860093,0.143240860093,23.9641210237,96674115.9399,0.00112323359639,0.550992864513,0.000618893696791
Papua New Guinea,2620.88240256,8084991.0,0.13039,2182.71656543,3.0,0.2,1.5,0.06,0.8,0.05,0.4,0.4,0.325181207197,1.0,0.0159186206319,1.25050714388,9.55885096818,77283224.0481,1.35634773642e-06,10.9660592418,0.152317605539,0.1438,13104.4120128,9.55885096818,11.953411423,11.953411423,9.55885096818,1.35634773642e-06,0.00547717049255,1.0,0.152317605539,0.951985034621,0.152317605539,40298.798709,3.39049583897,0.0,0.0163754753911,0.120054173959,0.120054173959,12.3826986556,100114007.186,0.0047246296299,0.771952159543,0.00364718804585
Paraguay,8877.60664527,6725308.0,0.59924,4080.20464394,3.0,0.2,1.5,0.06,0.8,0.05,0.8,0.666666666667,0.36827321307,1.0,0.165188738084,1.29121461117,9.81391820448,66001622.6119,2.96467149575e-07,1.99383289278,1.39679612978,0.122485234,44388.0332263,9.81391820448,12.6718745784,12.6718745784,9.81391820448,2.96467149575e-07,0.00215083950103,1.0,1.39679612978,2.61899274333,1.39679612978,120530.170675,3.39690190163,0.0,0.180159807026,0.0920578215479,0.0920578215479,16.8731118963,113476874.421,0.00190063747703,0.581630600495,0.00110546891709
Peru,12071.5923766,31773839.0,0.78924,6045.65007662,3.0,0.2,1.5,0.06,0.8,0.05,0.6,0.766666666667,0.270198675364,1.0,0.216306844925,1.19856712461,49.4851874968,1572334380.41,7.63514800948e-07,24.2597963594,5.91030471862,0.145671992,60357.961883,49.4851874968,59.3113188889,59.3113188889,49.4851874968,7.63514800948e-07,0.0261139218338,1.0,5.91030471862,12.9644964613,5.91030471862,223383.633549,3.3589607107,0.0,0.209883489413,0.0484907153191,0.0484907153191,68.9022136668,2189287843.79,0.0057077982355,0.718194450705,0.00409930901848
Philippines,7236.4670713,103320222.0,0.44289,2951.07192904,3.0,0.2,1.5,0.06,0.8,0.05,0.733333333333,0.633333333333,0.27365718828,1.0,0.246032833993,1.20183425731,41.0116046924,4237328101.4,1.38745221844e-06,143.351871224,3.87098319453,0.182782594,36182.3353565,41.0116046924,49.2891514665,49.2891514665,41.0116046924,1.38745221844e-06,0.00692617244784,1.0,3.87098319453,11.3402248108,3.87098319453,132217.741416,3.38992911812,0.0,0.238416903718,0.208193722357,0.208193722357,58.1150417965,6004459019.96,0.00803085832132,0.705696897475,0.00566735180141
Poland,26003.0133946,37948016.0,0.60531,12372.4170564,3.0,0.2,1.5,0.06,0.8,0.05,0.6,0.791666666667,0.413202631999,1.0,0.523502415519,1.33365781644,11.9038993589,451729363.333,5.9534239858e-08,2.25920628668,2.58636846534,0.245507388,130015.066973,11.9038993589,15.8757284261,15.8757284261,11.9038993589,5.9534239858e-08,0.00239946426071,1.0,2.58636846534,5.44498624283,2.58636846534,314652.078434,3.39614371556,0.0,0.533967938799,0.0394569148366,0.0394569148366,16.9856433602,644571466.002,0.00065321826753,0.700821223338,0.000457789225358
Portugal,27006.8742814,10324611.0,0.64017,19813.3082485,3.0,0.2,1.5,0.06,0.8,0.05,0.8,0.666666666667,0.190242267405,1.0,0.4919541363,1.12303518325,8.41206450696,86851293.7413,3.23835149639e-08,0.334347194815,0.999660637718,0.27893372,135034.371407,8.41206450696,9.44704440505,9.44704440505,8.41206450696,3.23835149639e-08,0.000994658623346,1.0,0.999660637718,1.87436369572,0.999660637718,709802.155161,3.39856973894,0.0,0.504970974001,0.0212399656142,0.0212399656142,9.77823573076,100956480.186,0.000362064696154,0.860284486751,0.000311478641302
Romania,21647.8089324,19705301.0,0.54749,9474.13060441,3.0,0.2,1.5,0.06,0.8,0.05,0.6,0.691666666667,0.267748037821,1.0,0.440646915337,1.19625209551,41.0538235627,808977950.505,2.31856042438e-07,4.5687931049,3.35141252095,0.158555166,108239.044662,41.0538235627,49.1107224656,49.1107224656,41.0538235627,2.31856042438e-07,0.00298636891841,1.0,3.35141252095,8.07569282157,3.35141252095,404257.097616,3.39522296651,0.0,0.4562559166,0.0841372112499,0.0841372112499,50.2496047317,990183586.37,0.00232123282725,0.816997940221,0.00189644243863
Russian Federation,24026.0049164,144342396.0,0.74101,8748.36450405,3.0,0.2,1.5,0.06,0.8,0.05,0.0,0.25,0.349163003927,1.0,0.232627675412,1.27316188427,17.8872758036,2581892247.4,1.06239656995e-07,15.3348866409,0.0,0.16870056,120130.024582,17.8872758036,22.7733977666,22.7733977666,17.8872758036,1.06239656995e-07,0.00305823816226,1.0,0.0,5.97663585417,0.0,344051.41218,3.39388422593,0.0,0.242541908122,0.0494988515752,0.0494988515752,26.9252042575,3886448495.32,0.00112066922284,0.664332037466,0.000744496468133
Rwanda,1773.75048395,11917508.0,0.29775,702.835601586,3.0,0.2,1.5,0.06,0.8,0.05,0.8,0.483333333333,0.71257781725,1.0,0.114104635571,1.61646678092,3.42024654059,40760815.5095,1.04471133696e-06,12.450355716,0.226866684217,0.325945766,8868.75241974,3.42024654059,5.52871491544,5.52871491544,3.42024654059,1.04471133696e-06,0.00370093036266,1.0,0.226866684217,0.586724183321,0.226866684217,12446.0124986,3.3941827824,0.0,0.108922552435,0.144263528825,0.144263528825,5.31016059034,63283881.3167,0.00299374722566,0.644094746742,0.00192825686112
Senegal,2380.38691749,15411614.0,0.44065,958.073737853,3.0,0.2,1.5,0.06,0.8,0.05,0.666666666667,0.508333333333,0.226210112016,1.0,0.22138621958,1.15701271175,2.61903322963,40363529.1882,4.13463674578e-07,6.37214255561,0.239375949249,0.086628659,11901.9345874,2.61903322963,3.03025473916,3.03025473916,2.61903322963,4.13463674578e-07,0.000600694262321,1.0,0.239375949249,0.70635526008,0.239375949249,52614.5117093,3.39901871649,0.0,0.205572061223,0.144684122204,0.144684122204,3.26725654611,50353696.7276,0.00137257372829,0.801600116999,0.00110025526119
Serbia,13720.0872294,7057412.0,0.55668,5348.29406421,3.0,0.2,1.5,0.06,0.8,0.05,0.6,0.508333333333,0.22012045337,1.0,0.381687466378,1.15126003036,93.1482826005,657385807.404,1.01341392043e-06,7.15207956304,4.88350206292,0.1003734,68600.4361469,93.1482826005,107.237894655,107.237894655,93.1482826005,1.01341392043e-06,0.00620469463993,1.0,4.88350206292,16.0231862218,4.88350206292,311649.531412,3.39037411154,0.0,0.391899315178,0.103692040169,0.103692040169,110.803849343,781988416.0,0.00807603096763,0.840659265474,0.00678919026119
Seychelles,26319.1586251,94677.0,0.54214,15075.7194366,3.0,0.2,1.5,0.06,0.8,0.05,0.666666666667,0.416666666667,0.218547698672,1.0,0.241137053147,1.14977430559,0.0,0.0,0.0,0.0,0.0,0.94,105276.6345,0.0,0.0,0.0,0.0,0.0,0.0,1.0,0.0,0.0,0.0,481710.103287,2.72,0.0,0.269604471501,0.0504712054199,0.0504712054199,0.0,0.0,0.0,,
Sierra Leone,1365.86594307,7396190.0,0.40318,496.049463351,3.0,0.2,1.5,0.06,0.8,0.05,0.733333333333,0.333333333333,0.40686599128,1.0,0.0448240619061,1.32767181998,4.42748248983,32746501.7164,1.86061800921e-06,13.7614843136,0.295017997147,0.134120294,6829.32971535,4.42748248983,5.87824373519,5.87824373519,4.42748248983,1.86061800921e-06,0.00372452246356,1.0,0.295017997147,1.20689180651,0.295017997147,16785.2065833,3.39440708771,0.0,0.0425775019326,0.142738440481,0.142738440481,6.39059698065,47266069.4823,0.00467878785109,0.692812033559,0.00324152052571
Slovak Republic,29156.0939117,5428704.0,0.53468,16495.9876837,3.0,0.2,1.5,0.06,0.8,0.05,0.733333333333,0.625,0.305901886042,1.0,0.442589164007,1.23229466296,51.4694396105,279412352.691,1.85978314786e-07,1.00962122139,4.12729147477,0.47587736,145780.469559,51.4694396105,63.4255157374,63.4255157374,51.4694396105,1.85978314786e-07,0.00214638162864,1.0,4.12729147477,9.00499958133,4.12729147477,476559.564392,3.39666712385,0.0,0.445239620399,0.1037080387,0.1037080387,62.9990123482,342002990.331,0.00216074939733,0.816988039844,0.00176530641472
Slovenia,29803.4496171,2064845.0,0.49627,21304.570162,3.0,0.2,1.5,0.06,0.8,0.05,0.866666666667,0.691666666667,0.22133788304,1.0,0.400282309841,1.15241009236,67.089526861,138529474.091,2.37416388789e-07,0.490228043309,14.1649528537,0.35709152,149017.248086,67.089526861,77.3146478463,77.3146478463,67.089526861,2.37416388789e-07,0.00335642163856,1.0,14.1649528537,28.3390002904,14.1649528537,673256.859779,3.39530695711,0.0,0.429440192,0.0871529614967,0.0871529614967,83.1114154747,171612190.686,0.00278865086231,0.807223971314,0.00225106582369
Solomon Islands,2072.71057765,599419.0,0.22779,2005.48364333,3.0,0.2,1.5,0.06,0.8,0.05,0.533333333333,0.375,0.296886000542,1.0,0.0924607747511,1.22377768036,41.2087495687,24701307.4577,8.22022284526e-06,4.92735775768,1.37436999159,0.26,8290.84231061,41.2087495687,50.4303479578,50.4303479578,41.2087495687,8.22022284526e-06,0.0249712940676,1.0,1.37436999159,7.6163184651,1.37436999159,27926.0129999,2.68387452408,0.0,0.0911502798136,0.0739008306337,0.0739008306337,52.7794938023,31637031.3955,0.0254639959729,0.780771974112,0.0198815744045
South Africa,12260.1653541,55908865.0,0.65295,5273.59387968,3.0,0.2,1.5,0.06,0.8,0.05,0.733333333333,0.716666666667,0.412218190943,1.0,0.209035849516,1.3327278504,8.92399960265,498930689.045,1.61990073118e-07,9.05668112928,0.101839610702,0.36869794,61300.8267705,8.92399960265,11.8932628074,11.8932628074,8.92399960265,1.61990073118e-07,0.00150472469538,1.0,0.101839610702,0.193775157784,0.101839610702,148709.659392,3.39770523222,0.0,0.30682138317,0.137382764826,0.137382764826,14.9618218403,836498477.421,0.00122036052599,0.596451401302,0.000727885745821
Spain,33261.0793377,46443959.0,0.79802,26528.4917901,3.0,0.2,1.5,0.06,0.8,0.05,0.8,0.716666666667,0.182999296714,1.0,0.489412418544,1.11619300947,11.600497219,538773017.219,3.25342941604e-08,1.51102142408,1.35378606679,0.5245646,166305.396688,11.600497219,12.9483939022,12.9483939022,11.600497219,3.25342941604e-08,0.00125171858449,1.0,1.35378606679,2.36125476766,1.35378606679,908776.15201,3.39818205511,0.0,0.5002379464,0.0212399656142,0.0212399656142,13.4300123792,623742944.311,0.000403775603398,0.863774127039,0.000348770919345
Sri Lanka,11417.2564579,21203000.0,0.18407,3835.39481711,3.0,0.2,1.5,0.06,0.8,0.05,0.666666666667,0.508333333333,0.337960802589,1.0,0.12642822332,1.26257956778,9.81528542967,208113496.965,1.6209592051e-07,3.43691980257,0.936377066616,0.3590754,57086.2822895,9.81528542967,12.3925788354,12.3925788354,9.81528542967,1.6209592051e-07,0.00103946996565,1.0,0.936377066616,2.7630798687,0.936377066616,168913.915023,3.39832828478,0.0,0.121732254117,0.142815102242,0.142815102242,13.4552599245,285291876.18,0.00117850203104,0.729475720626,0.000859688618353
St. Lucia,10703.0957483,178015.0,0.1854,7744.44517264,3.0,0.2,1.5,0.06,0.8,0.05,0.466666666667,0.333333333333,0.891774503312,1.0,0.158701013686,1.78574744185,88.1684033254,15695298.318,2.46414244859e-06,0.438654317986,2.78334070071,0.35,42812.3829931,88.1684033254,157.44650069,157.44650069,88.1684033254,2.46414244859e-06,0.0307515016307,1.0,2.78334070071,17.8929045046,2.78334070071,48008.0814535,2.67584537785,0.0,0.175918218004,0.0748076791526,0.0748076791526,185.654722095,33049325.3538,0.0173458900548,0.474905256006,0.00823765435711
St. Vincent and the Grenadines,10758.5631211,109643.0,0.50899,7030.05714506,3.0,0.2,1.5,0.06,0.8,0.05,0.0,0.125,0.634455635905,1.0,0.185084243036,1.54266756744,79.935746354,8764395.03749,1.66464201749e-06,0.182516344724,0.0,0.206,43034.2524843,79.935746354,123.314283379,123.314283379,79.935746354,1.66464201749e-06,0.02963609527,1.0,0.0,56.3294233299,0.0,67828.6235458,2.67346572669,0.0,0.1845849546,0.0505490767592,0.0505490767592,126.39098322,13857886.5732,0.0117479427129,0.63244817247,0.00742996489906
Sudan,4385.04692279,39578828.0,0.34007,2415.03816213,3.0,0.2,1.5,0.06,0.8,0.05,0.666666666667,0.333333333333,0.948753364454,1.0,0.0693348282832,1.83957332158,3.70171933542,146509712.881,3.17978662164e-07,12.5852227775,0.101132317685,0.087520052,21925.2346139,3.70171933542,6.80958413342,6.80958413342,3.70171933542,3.17978662164e-07,0.00254817306762,1.0,0.101132317685,0.455095429581,0.101132317685,23109.5197502,3.3958724988,0.0,0.06003507105,0.130383947335,0.130383947335,6.28243034255,248651229.95,0.00143269398325,0.589217728423,0.000844168694337
Swaziland,7733.80856334,1343098.0,0.21315,2775.15390848,3.0,0.2,1.5,0.06,0.8,0.05,0.6,0.416666666667,0.190380606921,1.0,0.132441913476,1.12316586761,18.4995521095,24846711.4392,5.25658632088e-07,0.70601105744,0.589671632481,0.206232862,38669.0428167,18.4995521095,20.7780654954,20.7780654954,18.4995521095,5.25658632088e-07,0.0030468872042,1.0,0.589671632481,2.35868652992,0.589671632481,203114.400369,3.39514642888,0.0,0.140444084968,0.073099129183,0.073099129183,24.3254831442,32671507.76,0.00314534332535,0.760500911732,0.00239203646664
Sweden,46441.2059211,9903122.0,0.85964,51599.8688678,3.0,0.2,1.5,0.06,0.8,0.05,0.733333333333,0.916666666667,0.357367643803,1.0,0.43733515425,1.28091251232,2.66978768564,26439233.165,5.11524350822e-09,0.0506568805216,0.629109310309,0.78096192,232206.029606,2.66978768564,3.41976445177,3.41976445177,2.66978768564,5.11524350822e-09,0.000139412518139,1.0,0.629109310309,0.935865089716,0.629109310309,649767.917248,3.39978895122,0.0,0.44775494,0.0564997469631,0.0564997469631,3.48517530371,34514116.2241,7.50448924525e-05,0.766041146567,5.74874754583e-05
Switzerland,56625.1350143,8372098.0,0.7399,78812.6506873,3.0,0.2,1.5,0.06,0.8,0.05,0.933333333333,1.0,0.283085400036,1.0,0.379369307003,1.21074074968,40.8617697845,342098741.09,5.35703815836e-08,0.448496484515,9.09672640786,0.58626044,283125.675071,40.8617697845,49.4730097821,49.4730097821,40.8617697845,5.35703815836e-08,0.00137165736003,1.0,9.09672640786,9.74649257985,9.09672640786,1000142.27168,3.39813442322,0.0,0.3985999044,0.0642666682346,0.0642666682346,49.1363646717,411374460.395,0.000867748300456,0.831599367547,0.000721618937849
Tajikistan,2762.58545284,8734951.0,0.26891,795.843864368,3.0,0.2,1.5,0.06,0.8,0.05,0.6,0.333333333333,0.385426324463,1.0,0.23513697374,1.30741853824,12.180364282,106394885.165,1.91418350384e-06,16.7202991111,0.96864546984,0.0182713574,13812.9272642,12.180364282,15.9248340648,15.9248340648,12.180364282,1.91418350384e-06,0.0301551735438,1.0,0.96864546984,4.85522634582,0.96864546984,35838.048383,3.35402369596,0.0,0.261166410689,0.0394569148366,0.0394569148366,18.9117148882,165192902.874,0.00684565788498,0.644064504675,0.00440904525487
Tanzania,2583.27903888,55572201.0,0.32316,879.193814026,3.0,0.2,1.5,0.06,0.8,0.05,0.666666666667,0.333333333333,0.413204367123,1.0,0.0880861419711,1.33365945555,2.44838297069,136062030.572,3.67473925175e-07,20.4213348321,0.0841202159402,0.105878854,12916.3951944,2.44838297069,3.26530909966,3.26530909966,2.44838297069,3.67473925175e-07,0.00238595014661,1.0,0.0841202159402,0.378540971731,0.0841202159402,31259.0965201,3.39619891908,0.0,0.0964331693306,0.103877683696,0.103877683696,3.28289265839,182437570.674,0.00127082386726,0.745800495312,0.000947781069654
Thailand,15681.8140914,68863514.0,0.5154,5907.91343152,3.0,0.2,1.5,0.06,0.8,0.05,0.666666666667,0.741666666667,0.240336363,1.0,0.317710060266,1.17035727272,34.2470075093,2358369281.08,3.79324871608e-07,26.1216436066,11.2387447155,0.4379695,78409.0704571,34.2470075093,40.0812343073,40.0812343073,34.2470075093,3.79324871608e-07,0.00890832427487,1.0,11.2387447155,22.7962146688,11.2387447155,326247.22068,3.38645083495,0.0,0.320122347386,0.0476262192771,0.0476262192771,50.684686261,3490325601.92,0.00323206779302,0.675687471615,0.00218386771515
Timor-Leste,2151.10705531,1268671.0,0.33401,1161.76093513,3.0,0.2,1.5,0.06,0.8,0.05,0.4,0.416666666667,0.12895241137,1.0,0.1228704252,1.06513686177,7.51979175969,9540141.73155,1.37758930116e-06,1.74770759629,0.53189651161,0.62,10755.5352766,7.51979175969,8.00960739605,8.00960739605,7.51979175969,1.37758930116e-06,0.00528007978704,1.0,0.53189651161,3.58477960251,0.53189651161,83407.0116432,3.39108316614,0.0,0.125036175466,0.0491983258251,0.0491983258251,9.35156785699,11864062.9447,0.00434732796487,0.804120963958,0.00349577755376
Togo,1382.10974737,7606374.0,0.40463,578.461693649,3.0,0.2,1.5,0.06,0.8,0.05,0.2,0.25,0.370892031209,1.0,0.102784239452,1.29368851442,2.55470823077,19432066.2641,1.18804368826e-06,9.03670462125,0.025666839953,0.07841074,6910.54873686,2.55470823077,3.30499669585,3.30499669585,2.55470823077,1.18804368826e-06,0.00178619016661,1.0,0.025666839953,0.51333679906,0.025666839953,18632.238375,3.3966945316,0.0,0.10168291531,0.146770073562,0.146770073562,4.15354581441,31593422.8906,0.0030052214177,0.615066823605,0.00184841199161
Tonga,5332.47244455,107122.0,0.23801,3688.87463595,3.0,0.2,1.5,0.06,0.8,0.05,0.6,0.333333333333,0.357835763622,1.0,0.117823556245,1.28135472826,108.737840363,11648214.9354,6.01361585583e-06,0.644190557708,3.40024856125,0.008,21329.8897782,108.737840363,139.331745891,139.331745891,108.737840363,6.01361585583e-06,0.0319341903545,1.0,3.40024856125,26.3293374217,3.40024856125,59608.0435402,2.67786999767,0.0,0.129970899194,0.0853228830764,0.0853228830764,159.330027812,17067751.2393,0.0298792032155,0.682469223514,0.0203916366177
Trinidad and Tobago,29578.9563877,1364962.0,0.08352,15377.0988056,3.0,0.2,1.5,0.06,0.8,0.05,0.666666666667,0.691666666667,1.0787654875,1.0,0.191925318421,1.96239109573,100.713526727,137470136.868,6.35563716932e-07,0.867520322191,7.01757382456,0.44948464,147894.781939,100.713526727,197.639328068,197.639328068,100.713526727,6.35563716932e-07,0.0219124328741,1.0,7.01757382456,15.2188348002,7.01757382456,137096.323207,3.36979696397,0.0,0.22077598924,0.0845978486629,0.0845978486629,220.009571003,300304704.055,0.00743804372672,0.457768842817,0.0034049046696
Tunisia,10752.0168251,11403248.0,0.67047,3688.64637468,3.0,0.2,1.5,0.06,0.8,0.05,0.533333333333,0.533333333333,0.249265643269,1.0,0.157823196177,1.17879244247,11.4398705811,130451681.324,3.15271634332e-07,3.59512063365,3.08525410297,0.121841472,53760.0841255,11.4398705811,13.4852329838,13.4852329838,11.4398705811,3.15271634332e-07,0.00485727031055,1.0,3.08525410297,11.2222409158,3.08525410297,215673.862713,3.39219853313,0.0,0.178869035269,0.0405368718354,0.0405368718354,23.9153986003,272713221.258,0.00222427094277,0.478347476966,0.00106397439356
Turkey,23679.3963898,79512426.0,0.73887,10787.609339,3.0,0.2,1.5,0.06,0.8,0.05,0.866666666667,0.691666666667,0.41216690942,1.0,0.220813510591,1.33267940659,15.444422902,1228023533.11,8.79444369831e-08,6.99267553773,2.00991532513,0.107407124,118396.981949,15.444422902,20.5824643482,20.5824643482,15.444422902,8.79444369831e-08,0.00391850496766,1.0,2.00991532513,3.35296347102,2.00991532513,287254.942702,3.39436284688,0.0,0.232191330735,0.0664625715429,0.0664625715429,21.8038278903,1733675251.64,0.000920793230171,0.708335388619,0.000652230430531
Uganda,1713.85119177,41487965.0,0.16444,615.308803183,3.0,0.2,1.5,0.06,0.8,0.05,0.666666666667,0.591666666667,0.573574552105,1.0,0.125649486858,1.48515539838,1.20102958198,49828273.2611,3.95979931849e-07,16.4284015532,0.0871506305262,0.201026354,8569.25595885,1.20102958198,1.78371556729,1.78371556729,1.20102958198,3.95979931849e-07,0.00238805256078,1.0,0.0871506305262,0.220945260489,0.0871506305262,14940.0909217,3.39645353501,0.0,0.118297131432,0.0937116699114,0.0937116699114,1.91163441745,79309821.8038,0.00111540279963,0.628273675666,0.000700778216771
Ukraine,7668.05577615,45004645.0,0.69915,2185.72803066,3.0,0.2,1.5,0.06,0.8,0.05,0.0,0.05,0.24585419244,1.0,0.415099430828,1.17556976763,14.7148228992,662235380.818,4.25080523395e-07,19.1305980518,0.0,0.09367789,38340.2788808,14.7148228992,17.2983009364,17.2983009364,14.7148228992,4.25080523395e-07,0.00331813262661,1.0,0.0,6.10188410767,0.0,155947.224248,3.39338812032,0.0,0.434041028305,0.0993119076158,0.0993119076158,19.4206694067,874020332.311,0.00253267190193,0.757688758873,0.00191897703001
United Kingdom,38901.0467586,65637239.0,0.82835,39899.3883949,3.0,0.2,1.5,0.06,0.8,0.05,0.8,0.891666666667,0.303128174748,1.0,0.494814855326,1.22967443771,12.0435380511,790504585.468,2.91901279295e-08,1.91595940335,1.60716718583,0.57545042,194505.233793,12.0435380511,14.8096308811,14.8096308811,12.0435380511,2.91901279295e-08,0.000710236672718,1.0,1.60716718583,2.25303811098,1.60716718583,641660.030298,3.39895192333,0.0,0.5257576004,0.0566247704478,0.0566247704478,15.2329836925,999850991.308,0.00039158287403,0.790622395077,0.000309594189737
United States,53272.5157099,323127513.0,0.81788,57466.7871132,3.0,0.2,1.5,0.06,0.8,0.05,0.733333333333,0.916666666667,0.318736853347,1.0,0.18056135894,1.2444193947,73.2807502803,23679026588.8,1.28347428938e-07,41.4725855127,2.96742160413,0.59223638,266362.57855,73.2807502803,91.1919869072,91.1919869072,73.2807502803,1.28347428938e-07,0.00154257739692,1.0,2.96742160413,6.25651672563,2.96742160413,835681.772449,3.39820505505,0.0,0.257223638,0.120417906709,0.120417906709,107.439671587,34716713877.5,0.00201679365345,0.682064168642,0.00137558268656
Uruguay,20046.9268329,3444006.0,0.9546,15220.5660251,3.0,0.2,1.5,0.06,0.8,0.05,0.666666666667,0.633333333333,0.291886653971,1.0,0.407678679071,1.21905497756,7.27287634732,25047829.7774,5.3841048805e-08,0.185428895131,0.660836413359,0.15115124,100234.634165,7.27287634732,8.86603611236,8.86603611236,7.27287634732,5.3841048805e-08,0.000468359727254,1.0,0.660836413359,1.56513887375,0.660836413359,343402.594127,3.39927280444,0.0,0.443444558302,0.0967658765318,0.0967658765318,10.3978785307,35810356.0469,0.000518676933244,0.699457713981,0.000362792582022
Uzbekistan,6038.87141395,31848200.0,0.36479,2110.6478724,3.0,0.2,1.5,0.06,0.8,0.05,0.0,0.0,0.730183656731,1.0,0.246127314446,1.63309838393,4.2306634975,134739017.201,2.61149397523e-07,8.31713824218,0.0,0.0218079196,30194.3570697,4.2306634975,6.90908972074,6.90908972074,4.2306634975,2.61149397523e-07,0.0109124445951,1.0,0.0,1.5946695838,0.0,41351.7295154,3.37859711562,0.0,0.276177589926,0.0394569148366,0.0394569148366,8.33856095127,265568156.888,0.00138081445682,0.507361344748,0.000700571879661
Vanuatu,2856.47531029,270402.0,0.26441,2860.56647483,3.0,0.2,1.5,0.06,0.8,0.05,0.466666666667,0.25,0.297067615658,1.0,0.118274006439,1.22394924563,70.7456520041,19129765.7932,9.60192307284e-06,2.59637920274,2.04589779274,0.19,11425.9012412,70.7456520041,86.5890874017,86.5890874017,70.7456520041,9.60192307284e-06,0.0801827504554,1.0,2.04589779274,20.8975847598,2.04589779274,38462.2915421,2.60137240047,0.0,0.122227780843,0.0501353735947,0.0501353735947,99.7421685454,26970481.859,0.0349179172619,0.709285280597,0.024766764743
"Venezuela, RB",17665.2399979,31568179.0,0.89043,12237.2240642,3.0,0.2,1.5,0.06,0.8,0.05,0.0,0.05,0.313169807855,1.0,0.130187937695,1.23916040716,31.5761485107,996801508.315,3.16461501667e-07,9.99011333124,0.0,0.24156212,88326.1999896,31.5761485107,39.1279130449,39.1279130449,31.5761485107,3.16461501667e-07,0.0027364314351,1.0,0.0,3.40578513289,0.0,282039.321078,3.3944741744,0.0,0.134616850387,0.143240860093,0.143240860093,50.5485334629,1595725152.54,0.00286146882062,0.624669923092,0.00178747350811
Vietnam,5955.26188759,92701100.0,0.34236,2185.69028246,3.0,0.2,1.5,0.06,0.8,0.05,0.533333333333,0.591666666667,0.269704550995,1.0,0.168387909538,1.1981003431,34.9759872138,3242312488.3,1.51023540502e-06,140.000483304,4.58668810863,0.166094438,29776.3094379,34.9759872138,41.9047422811,41.9047422811,34.9759872138,1.51023540502e-06,0.0213297069882,1.0,4.58668810863,14.5959054265,4.58668810863,110403.437124,3.36625690439,0.0,0.155198789034,0.0490613595914,0.0490613595914,47.2244097016,4377754726.19,0.00792986279916,0.740633656085,0.00587312327719
"Yemen, Rep.",2325.06995997,27584213.0,0.35187,990.334773955,3.0,0.2,1.5,0.06,0.8,0.05,0.333333333333,0.166666666667,0.21913147566,1.0,0.0819253379392,1.1503257787,5.30663462914,146379339.923,9.09434715887e-07,25.0860409126,0.0837816043962,0.0114013776,11625.3497998,5.30663462914,6.10435861207,6.10435861207,5.30663462914,9.09434715887e-07,0.00373818762855,1.0,0.0837816043962,1.50806887913,0.0837816043962,53051.9395483,3.39336435685,0.0,0.0857431312348,0.0630890067748,0.0630890067748,6.93738805624,191362389.807,0.00298373303844,0.764932649885,0.00228235481964
Zambia,3636.05971131,16591390.0,0.41379,1178.38790501,3.0,0.2,1.5,0.06,0.8,0.05,0.866666666667,0.541666666667,0.425750249346,1.0,0.112740775914,1.34551109902,3.11035923267,51605183.0693,3.40868853699e-07,5.65548809058,0.105063119347,0.207746102,18180.2985565,3.11035923267,4.18502286951,4.18502286951,3.11035923267,3.40868853699e-07,0.00192922717373,1.0,0.105063119347,0.223803094466,0.105063119347,42701.7919178,3.39750966214,0.0,0.119369954508,0.103877683696,0.103877683696,5.08525520903,84371452.4226,0.00139856207345,0.611642701264,0.000855420284491
Zimbabwe,1859.93744141,16150362.0,0.32277,1008.59733051,3.0,0.2,1.5,0.06,0.8,0.05,0.733333333333,0.416666666667,19.1437616947,1.0,0.116314099617,19.0277429432,0.0253619974115,409605.439239,7.96811286773e-08,1.28687907271,0.0010081959162,0.066720923,9299.68720704,0.0253619974115,0.482581567273,0.482581567273,0.0253619974115,7.96811286773e-08,0.00078437961242,1.0,0.0010081959162,0.0032995502712,0.0010081959162,485.781601095,3.39867019363,0.0,0.122748967254,0.137382764826,0.137382764826,0.434887659871,7023593.13625,0.000233818433991,0.0583185032636,1.36359411058e-05
