country,gdp_pc_pp,pop,urbanization_rate,T_rebuild_K,pi,income_elast,rho,shareable,max_increased_spending,prepare_scaleup,borrow_abi,avg_prod_k,protection,tau_tax,macro_multiplier,dK,dKtot,delta_W,delta_W_tot,average_aid_cost_pc,axfin,c,dc,dc_npv_post,dc_npv_pre,dk,dw,fa,gamma_SP,help_fee,help_received,k,n,shew,social,v,v_shew,dWpc_currency,dWtot_currency,risk,resilience,risk_to_assets
Albania,9960.94072581355,2897366.0,0.57407,3.0,0.2,1.5,0.06,0.8,0.05,0.0,0.175,0.1852799860314327,20.0,0.1958497991597081,1.118347494599629,40.048766654845124,116035934.847682,7.342574474409726e-07,2.127412563462261,8.597015505098964,0.4454007900000001,49804.70362906775,800.9753330969023,723.8646906446347,895.7687570050241,800.9753330969023,1.468514894881945e-05,0.03915627606447947,5.0,0.03624374158979135,171.94031010197926,268807.79028458265,3.322642398962853,0.0,1.0249285482196189,2.1059999999999994,2.1059999999999994,49.66659006742529,143902289.39729574,0.004986134486145014,0.806352250083539,0.004020580762122162
Angola,7488.011759834088,21471618.0,0.4405,3.0,0.2,1.5,0.06,0.8,0.05,0.0,0.175,0.43239739052511456,20.0,0.1256680312276769,1.351790414097182,5.40385567613299,116029524.80505925,3.7239670383716367e-07,7.995959769250712,1.0252056838988373,0.8968672100000002,37440.05879917044,108.0771135226598,125.59781448027252,146.09760604322435,108.07711352265979,7.447934076743272e-06,0.014943714595802716,5.0,0.0043221150248683934,20.504113677976743,86587.15251195725,3.3761938230389275,0.0,0.6470707249860601,3.1,3.1,16.41826389265836,352526690.5263533,0.0021926065849317174,0.32913685097663675,0.0007216676267950631
Argentina,18087.196261682242,41446246.0,0.91751,3.0,0.2,1.5,0.06,0.8,0.05,0.7333333333333333,0.375,0.2695495148851759,20.0,0.15106190614207007,1.1979538860660952,24.645602792814497,1021467716.1692767,2.1652078672157204e-07,8.973973790575808,7.686422895643565,0.24585111800000004,90435.98130841122,492.9120558562899,476.64843291018155,590.4859128018707,492.91205585628995,4.330415734431441e-06,0.01939874164859781,5.0,39.89097802118219,153.7284579128713,335507.8615034258,3.3706633330618243,3.200000000000001,0.7953285832135136,2.2890156499999996,1.9960216467999998,35.83693253940604,1485306321.9136276,0.0019813426039571786,0.6877151878363016,0.001362599401048478
Armenia,7526.836419112871,2976566.0,0.62673,3.0,0.2,1.5,0.06,0.8,0.05,0.4,0.425,0.3666957212217474,20.0,0.2696173557551283,1.289724411382942,20.70311872637763,61624199.29489896,5.588813783665614e-07,1.6635473088790425,5.833968505484526,0.051470236,37634.182095564356,414.06237452755266,438.1319090530463,534.0263522633711,414.0623745275526,1.117762756733123e-05,0.0863441369232471,5.0,20.784926899365683,116.6793701096905,102630.54602921395,3.261884408736717,1.6000000000000003,1.4931131340217918,1.25,1.1699999999999997,24.832063608484166,73914276.24685128,0.0032991368784670524,0.8337252615326005,0.0027505737568317905
Australia,42834.0167597384,23129300.0,0.8942299999999999,3.0,0.2,1.5,0.06,0.8,0.05,0.8,0.9166666666666669,0.27360239086009513,20.0,0.22516027695600005,1.201782492156731,33.39642231186174,772435870.5777438,6.010858120200574e-08,1.390269407195551,12.439616842540156,3.2620272,214170.083798692,667.9284462372347,644.0059532548698,802.7047127013569,667.9284462372347,1.2021716240401145e-06,0.00985770876668503,5.0,90.09357740431612,248.79233685080308,782778.553672093,3.385593136367783,4.0,1.4082027200000002,2.8543999999999996,2.397696,36.23895366842333,838181631.0830637,0.0008460321120872776,0.9215614395887369,0.0007796705711534512
Austria,44056.254416802,8479823.0,0.65968,3.0,0.2,1.5,0.06,0.8,0.05,0.8,0.8916666666666666,0.23227851820729006,20.0,0.473076769832,1.1627453167024924,46.653179379291686,395610703.5236434,7.841876469150671e-08,0.6649772444626265,29.06332023959316,2.7096414,220281.27208400998,933.0635875858338,889.0597305016825,1084.9153166510541,933.0635875858338,1.568375293830134e-06,0.021605791912394028,5.0,385.41081864249185,581.2664047918634,948349.7388571533,3.369820991594088,4.0,2.4207879200000004,1.5280000000000002,1.28352,49.32496081613467,418266937.20275754,0.0011195904297602592,0.9458330753307153,0.001058945659290983
Azerbaijan,16593.188760048204,9416801.0,0.5462,3.0,0.2,1.5,0.06,0.8,0.05,0.0,0.25,0.5982212831852317,20.0,0.428208034056247,1.5084382783151649,13.087481232445818,123242206.35717702,1.2816631078680183e-07,1.206916643583466,3.187292666338779,0.09986593600000003,82965.943800241,261.7496246489164,331.10073698117,394.833153155052,261.7496246489164,2.5633262157360365e-06,0.039641810976087655,5.0,0.013437152893501728,63.745853326775574,138687.71662300028,3.3243674728862995,0.0,2.4182056197257937,1.25,1.25,18.640715307634164,175535906.5496447,0.001123395603894764,0.702091149210671,0.0007887261105566905
Bangladesh,2853.447740155661,156594962.0,0.34277,3.0,0.2,1.5,0.06,0.8,0.05,0.7333333333333333,0.6166666666666667,0.2897089076246591,20.0,0.0734057697595131,1.2169977389506987,27.866086808257457,4363688804.827776,3.3718482414834293e-06,528.0144472448644,11.838505832921065,0.8749021000000002,14267.238700778307,557.3217361651491,558.5345310361874,678.2592927810642,557.321736165149,6.743696482966858e-05,0.15128608646578656,5.0,117.0453549135445,236.77011665842127,49246.80714085134,3.191252838223716,3.200000000000001,0.36576154020410284,2.362140790448914,2.0597867692714527,34.96978545266988,5476092224.108993,0.012255274544037107,0.7968618179248774,0.009765760352329882
Belarus,17054.558334452504,9466000.0,0.76667,3.0,0.2,1.5,0.06,0.8,0.05,0.7333333333333333,0.5166666666666667,0.3864445367538237,20.0,0.33536386098589716,1.308380406754342,27.886649465654134,263975023.84188202,2.418087167142657e-07,2.2889613124172388,12.343391563208755,0.3854871600000001,85272.79167226254,557.7329893130826,612.5919380681042,729.7269154177663,557.7329893130826,4.836174334285312e-06,0.046595227433576886,5.0,129.73285391451296,246.86783126417504,220659.84523565348,3.332414061952829,3.200000000000001,1.7709772480880686,1.8799999999999994,1.6393600000000004,36.64848212987733,346914531.8414188,0.002148896583023347,0.7609223587167286,0.0016351434565924437
Belgium,40608.97200934282,11182817.0,0.9785799999999999,3.0,0.2,1.5,0.06,0.8,0.05,0.0,0.425,0.2166915174374668,20.0,0.46519935741750007,1.1480208379739567,13.203177015376646,147648712.38156322,2.6064364045263106e-08,0.29147301333955705,3.0161737615521953,2.1077302,203044.86004671405,264.0635403075329,242.83968733216432,303.1504468222236,264.0635403075329,5.21287280905262e-07,0.005063862048129992,5.0,0.012715740984620723,60.323475231043915,937022.6506688667,3.3898962728657653,0.0,2.472036530000001,1.5400000000000005,1.5400000000000005,14.518671639071846,162359648.0228305,0.00035752374218513995,0.9093929075332888,0.0003251295554179264
Benin,1733.3093993643502,10323474.0,0.4395,3.0,0.2,1.5,0.06,0.8,0.05,0.6666666666666667,0.25,0.3302533219458435,20.0,0.08292798928509816,1.255298588167888,2.6845078565456943,27713447.059845205,9.466883032436003e-07,9.773112084639425,0.7139619098172509,0.44121735,8666.546996821753,53.69015713091388,55.840310298366795,67.39717844494827,53.69015713091389,1.8933766064872006e-05,0.019106904420114094,5.0,2.7223700497635464,14.279238196345014,26242.11906714123,3.3742327382748654,1.6000000000000005,0.38949999588377865,3.3937396016581687,3.1765402671520446,4.648290584291539,47986506.99137851,0.0026817431359895632,0.5775258254330605,0.0015487759182118168
Bolivia,5934.38797771874,10671200.0,0.68512,3.0,0.2,1.5,0.06,0.8,0.05,0.5333333333333333,0.45,0.4218342004210295,20.0,0.25299094871638006,1.3418117485225833,10.632119855724387,113457477.40440609,5.92932594720206e-07,6.327302304778263,3.0298703994763407,0.9922858899999999,29671.9398885937,212.64239711448775,234.94717890097746,285.3260666822243,212.64239711448778,1.185865189440412e-05,0.04083250444491936,5.0,10.218520208279937,60.597407989526815,70340.28976071253,3.334218359382375,2.4000000000000004,1.3539148475841705,2.255416846714412,2.038896829429828,18.44342309381318,196813456.5186992,0.0031078896700149836,0.576472154959722,0.0017916118554505969
Bosnia and Herzegovina,9387.350031380154,3829307.0,0.39766999999999997,3.0,0.2,1.5,0.06,0.8,0.05,0.0,0.125,0.32393223235700314,20.0,0.14001290809823436,1.2493272822979196,25.874116775867453,99079936.48864667,5.798792670868781e-07,2.2205357366106515,5.795083564789837,0.3487670600000001,46936.75015690078,517.4823355173489,530.6275597856035,646.5047998690698,517.4823355173489,1.1597585341737561e-05,0.038943012660252886,5.0,0.02443121233047863,115.90167129579675,144896.8193605759,3.3236921466748397,0.0,0.7562381074406394,2.4681242856999996,2.4681242856999996,35.88764671117686,137424816.76463655,0.0038229794980704007,0.7209755764734835,0.002756274847467616
Botswana,15246.608797311901,2021144.0,0.57444,3.0,0.2,1.5,0.06,0.8,0.05,0.6,0.7083333333333333,0.2811780767140953,20.0,0.07042621696111831,1.2089389699717095,16.83008704874559,34016029.45804985,1.7856780315165028e-07,0.36091124393313895,4.817990707585366,0.95434085,76233.04398655951,336.60174097491176,325.0450110385192,406.9309620248939,336.6017409749117,3.5713560630330044e-06,0.011057889305620492,5.0,14.473863165332533,96.35981415170733,271120.1558721594,3.3822623656912003,3.200000000000001,0.5033290597731997,3.2664034159574444,2.848303778714892,22.872522518035844,46228661.65219304,0.0015001711411437573,0.7358212036068358,0.0011038577346926398
Brazil,14555.082195311496,200361925.0,0.8568700000000001,3.0,0.2,1.5,0.06,0.8,0.05,0.8666666666666666,0.5583333333333333,0.26557501018758395,20.0,0.2190353062941068,1.1941993145009573,10.1176854966641,2027198942.6562004,1.0412153752432123e-07,20.861991692332733,3.137608002040793,0.5823356000000001,72775.41097655748,202.353709933282,193.05052785923343,241.6506616890509,202.353709933282,2.082430750486424e-06,0.005998439709081854,5.000000000000001,14.152026210998377,62.752160040815845,274029.58932451485,3.391482721470091,0.8000000000000003,1.106351119339643,3.302651539985098,3.1969666907055743,12.441541989805684,2492811303.0457973,0.0008547902253560184,0.8132179680745603,0.0006951307701940167
Bulgaria,15695.017794275904,7265115.0,0.73948,3.0,0.2,1.5,0.06,0.8,0.05,0.6666666666666667,0.7166666666666667,0.3230784715072762,20.0,0.4277098855127999,1.2485207651457937,13.20544489541507,95939075.79135346,1.1650639207134977e-07,0.8464323366334442,4.7407096439028615,0.29565078,78475.08897137953,264.1088979083014,267.75452510544613,329.7454432982848,264.1088979083014,2.3301278414269953e-06,0.014565546039415986,5.0,32.823274685218614,94.81419287805724,242897.92075982428,3.3769873004374875,3.2000000000000006,2.3105104979999997,2.2431041456000003,1.9559868149632,15.585864961200407,113233101.3175915,0.0009930453832861976,0.8472705832040007,0.0008413781410449371
Burkina Faso,1630.4444967271695,16934839.0,0.29859,3.0,0.2,1.5,0.06,0.8,0.05,0.8,0.4166666666666667,0.40566509188102295,20.0,0.345259870363266,1.3265373735307222,1.6549713109531046,28026672.700609762,4.3730943000501866e-07,7.405764790316759,0.5099870392867084,0.46578390000000003,8152.222483635846,33.09942621906208,35.925262192892205,43.90762592200855,33.09942621906208,8.746188600100371e-06,0.013143826677103319,5.0,2.21737705661783,10.19974078573417,20095.94280305194,3.379677521908667,2.4000000000000004,1.8353202004681712,3.3937396016581687,3.0679405998989835,1.958937298039245,33174287.75338963,0.0012014743844218352,0.8448311809722605,0.0010150430230990188
Burundi,746.960151427392,10162532.0,0.12057000000000001,3.0,0.2,1.5,0.06,0.8,0.05,0.6666666666666667,0.25,0.4629793127178333,20.0,0.10213299974961002,1.3806800555012047,1.3374992207719596,13592378.631070105,1.4193442364517596e-06,14.424131221956571,0.40163174762682974,0.21190360000000005,3734.8007571369594,26.74998441543919,31.178882346871518,36.93316996736495,26.749984415439194,2.8386884729035187e-05,0.038218213662101305,5.0,2.2783473320431638,8.032634952536595,8066.8847495852715,3.3428005730613015,2.4000000000000004,0.5141961935036782,2.4697888508587633,2.2326891211763216,1.9715465784534307,20035905.1930235,0.002639426714645934,0.6784010255649926,0.0017905897901194406
Cambodia,2943.5246683518503,15135169.0,0.20723000000000005,3.0,0.2,1.5,0.06,0.8,0.05,0.0,0.15,0.4592944496539701,20.0,0.029051198359788716,1.377199097964687,22.4511985028491,339802683.5931681,3.573093970017285e-06,54.07938108909254,4.525381538010137,0.050486593999999996,14717.623341759254,449.023970056982,527.9068541038022,618.395406526998,449.023970056982,7.146187940034571e-05,0.2866647401604847,5.0,0.0190783370067871,90.50763076020274,32043.982575551327,3.0049989927575957,0.0,0.14280992386390398,1.5154131100000001,1.5154131100000001,38.825436820792135,587629547.7815117,0.013190117697410507,0.5782600362354672,0.007627317937654677
Cameroon,2739.343944800181,22253959.0,0.54381,3.0,0.2,1.5,0.06,0.8,0.05,0.6666666666666667,0.5666666666666667,0.4197375746029477,20.0,0.047606027121154575,1.3398311415593882,4.369401588182823,97236483.79795542,8.182434534855977e-07,18.2091562658869,1.6866968977991776,0.5024353500000001,13696.719724000905,87.38803176365646,98.71761683554536,117.08520635652792,87.38803176365647,1.6364869069711955e-05,0.0514291124831059,5.0,15.36634843500101,33.733937955983556,32631.626408375203,3.326718117072116,3.2000000000000006,0.31961634933090066,1.8343680960785826,1.5995689797805237,7.982239794253469,177636437.10948515,0.0029139239011608405,0.5473904193317293,0.0015950540261571809
Canada,41898.88235946359,35154279.0,0.81828,3.0,0.2,1.5,0.06,0.8,0.05,0.8666666666666666,0.8333333333333333,0.3354838938558465,20.0,0.23708781730000006,1.260239721228972,17.05087400100515,599411181.8251812,3.352772584877508e-08,1.1786430287233507,6.265006824125449,2.9354254999999996,209494.41179731794,341.01748002010294,348.60108788221453,429.763773954741,341.01748002010294,6.705545169755013e-07,0.011414915384656162,5.0,44.13745040998242,125.30013648250896,624454.4541006647,3.3840298342978135,3.200000000000001,1.4845425500000002,1.5066764561178583,1.3138218697347726,19.571672539095733,688028036.9360098,0.0004671168164149164,0.8712016802317165,0.0004069529553251654
Central African Republic,584.375944042188,4616417.0,0.40037,3.0,0.2,1.5,0.06,0.8,0.05,0.0,0.0,0.3147438330510679,20.0,0.06869580667148026,1.2406473321184426,1.8380026212969849,8484986.546999963,3.2414451663621283e-06,14.963862570561954,0.4374325570717829,0.155265746,2921.879720210941,36.760052425939705,36.85945398008703,45.60626097077617,36.7600524259397,6.482890332724255e-05,0.03217745265332519,5.0,0.0018441507465082618,8.748651141435657,9283.358126152258,3.3377799811426363,0.0,0.28490097264185144,3.2392822211843644,3.2392822211843644,3.1156623785449904,14383196.770575529,0.005331606152357395,0.5899235533200902,0.0031452400463019285
Chad,2021.5934708651703,12825314.0,0.22471,3.0,0.2,1.5,0.06,0.8,0.05,0.0,0.0,0.7532009944644721,20.0,0.07190968099154395,1.654842034610844,2.132873029607248,27354766.326844256,6.543207314401961e-07,8.391868837430186,0.5015121255683388,0.37478033999999993,10107.96735432585,42.65746059214496,60.56323066696829,70.59135887763706,42.65746059214496,1.3086414628803921e-05,0.023913513770631584,5.0,0.002114300698011434,10.030242511366776,13420.013288103319,3.353045337794812,0.0,0.3063102435725145,3.3937396016581687,3.3937396016581687,4.046744122131391,51900764.043989435,0.00200175959234748,0.527059029490572,0.001055045468016106
Chile,21714.0315564501,17619708.0,0.8953,3.0,0.2,1.5,0.06,0.8,0.05,0.8,0.925,0.3473941118185529,20.0,0.18626686982954885,1.2714908755487702,51.577697409276475,908783967.6638079,3.3195283432958906e-07,5.848912010659735,23.618911553288115,0.7125095800000003,108570.15778225049,1031.5539481855296,1074.12660754514,1311.6114327542093,1031.5539481855296,6.639056686591782e-06,0.14268741971508717,5.0,234.8934058566925,472.37823106576224,312527.3402416149,3.2224028968847045,3.200000000000001,1.148815897833317,0.774316,0.6752035519999999,72.27375687654423,1273442492.2277014,0.003328435656393595,0.7136435082152971,0.0023753164986976103
China,11524.567506562998,1357380000.0,0.55614,3.0,0.2,1.5,0.06,0.8,0.05,0.8,0.8416666666666667,0.2292163791392399,20.0,0.18822186322226658,1.159852624116077,14.29993511643881,19410445928.351715,2.0433223805120001e-07,277.35649328593786,4.590123712947162,1.8526066,57622.837532815,285.99870232877623,263.73328045103267,331.7163453898239,285.99870232877623,4.086644761024e-06,0.011544647413210275,5.0,23.819409320152023,91.80247425894323,251390.5757921924,3.3864552818755578,3.200000000000001,1.0741369903180347,2.848032265,2.4834841350800008,17.20057179714325,23347712146.006306,0.001492513431618834,0.8313639386577724,0.0012408218450102617
Colombia,12025.3853718442,48321405.0,0.76436,3.0,0.2,1.5,0.06,0.8,0.05,0.7333333333333333,0.7166666666666667,0.2797792564799715,20.0,0.10178718715954246,1.2076175548331232,56.028303994974834,2707366368.8042965,1.070245029668854e-06,51.71574352786571,21.234040591327087,0.57398298,60126.926859221,1120.5660798994961,1094.927900464475,1353.215269437168,1120.5660798994963,2.1404900593377075e-05,0.11834315428338565,5.0,166.39344285384882,424.68081182654174,214908.45181199233,3.241555085126809,3.2000000000000006,0.5294028561112344,1.4206400000000001,1.23879808,96.03417248080845,4640506142.285,0.007985953839422008,0.5834204903069433,0.004659169104564205
Comoros,1399.7808484348998,734917.0,0.28296,3.0,0.2,1.5,0.06,0.8,0.05,0.26666666666666666,0.16666666666666666,0.197958724460889,20.0,0.041653463516364495,1.1303246425491325,1.8841276699231182,1384677.454796888,9.740027973086103e-07,0.715811213789652,0.4650846560463268,0.500418376,5599.123393739599,37.68255339846236,33.55909426081427,42.59351870045557,37.68255339846236,1.948005594617221e-05,0.01319157971785876,4.0,0.26726868128523773,9.301693120926535,28284.297188658777,2.6959234825455756,1.8000000000000005,0.1655272106883409,1.9758310806870103,1.7980062834251793,3.4707588994080614,2550719.7180762743,0.0024795016329082725,0.5428575491787853,0.001346016179625381
"Congo, Dem. Rep.",783.2592535785261,67513677.0,0.42494,3.0,0.2,1.5,0.06,0.8,0.05,0.4,0.375,0.2370560018580905,20.0,0.031093328767158562,1.1672584335895029,3.8389953281253395,259184690.5875632,4.377028955086221e-06,295.5093190933387,1.0128537917117946,0.08533887300000001,3916.2962678926306,76.7799065625068,72.68552088194328,89.62199346530006,76.77990656250678,8.754057910172444e-05,0.04654811478777676,5.0,3.320603250879079,20.257075834235888,16520.553106421892,3.3285515886136685,1.6000000000000005,0.14221612781995238,3.1,2.9015999999999993,6.528469082487266,440760952.9395316,0.00833500409048503,0.5880391374485501,0.004901308615998953
"Congo, Rep.",5680.2299827443285,4447632.0,0.6537999999999999,3.0,0.2,1.5,0.06,0.8,0.05,0.0,0.125,0.3727534239023239,20.0,0.16160967859693265,1.29544690511866,19.51236259956436,86783808.2934256,1.2034889639376668e-06,5.352676027656013,4.295399000222678,0.36748196999999994,28401.149913721652,390.2472519912872,419.65472358347756,505.5445948231747,390.24725199128716,2.406977927875334e-05,0.08120400444160486,5.0,0.018108764756418424,85.90798000445355,76192.86126574619,3.2583317339837055,0.0,0.8172949112616159,1.8343680960785824,1.8343680960785824,35.056157101960935,155916886.12370872,0.006171608756767981,0.556603011071995,0.0034351360171753493
Costa Rica,13430.743207071202,4872166.0,0.7682100000000001,3.0,0.2,1.5,0.06,0.8,0.05,0.9333333333333332,0.75,0.4818967549173638,20.0,0.24112379115111449,1.3985506824023444,17.352246985731856,84543027.78748523,2.493150034371087e-07,1.2147040830361637,6.989848767696463,1.1960850600000004,67153.71603535602,347.0449397146371,403.8154773193362,485.3599372621861,347.044939714637,4.9863000687421735e-06,0.03899712703503552,5.0,58.25251541107922,139.79697535392924,139352.91190510633,3.347907313763312,4.0,1.4005117402269684,1.984168669323803,1.6667016822319949,26.403643893644603,128642936.05472285,0.00196591085739345,0.6571913731160633,0.001291979655794179
Croatia,20048.987159099495,4255700.0,0.5896399999999999,3.0,0.2,1.5,0.06,0.8,0.05,0.6666666666666667,0.5583333333333333,0.23052247153165525,20.0,0.3074818837962999,1.1610864425994154,44.953814553979434,191309948.59737027,2.5472831288664907e-07,1.0840472811517123,15.607461533565743,0.6877021299999998,100244.9357954975,899.0762910795886,837.7361843177933,1043.905292435076,899.0762910795886,5.09456625773298e-06,0.025172412410795153,5.0,105.98012255403216,312.1492306713148,434859.7129357599,3.3612091444677064,3.200000000000001,1.7001662130000001,2.4648051244,2.1493100684768,49.204131889214146,209398024.08092865,0.002454195391455583,0.913618690706615,0.0022421987802798585
Czech Republic,28124.4644802821,10514272.0,0.72992,3.0,0.2,1.5,0.06,0.8,0.05,0.6666666666666667,0.9,0.23979983157078166,20.0,0.48631139266659984,1.1698504307822832,21.2446298338923,223371816.6128584,7.035278235587748e-08,0.7397082896464966,12.443853103792009,1.9330297000000005,140622.32240141052,424.892596677846,408.8403202651841,497.0607872597811,424.892596677846,1.4070556471175497e-06,0.009834862904162363,5.0,160.65659508124324,248.87706207584014,586415.4344074384,3.3849159486107716,4.0,2.3995712919999996,2.354,1.9773600000000002,22.575045557706265,237360169.40611535,0.0008026835701541446,0.94106697501836,0.0007553789992618984
Denmark,42482.73245525211,5614932.0,0.87676,3.0,0.2,1.5,0.06,0.8,0.05,0.7333333333333333,0.9166666666666669,0.2301060640275852,20.0,0.44589611798110007,1.1606930774147577,1.3398926620896023,7523406.184932094,2.2132713455434017e-09,0.012427368102774705,0.5219384297945424,3.0316706000000004,212413.66227626055,26.79785324179204,24.824586995337587,31.104082747324647,26.797853241792044,4.4265426910868047e-08,0.0006949515244855764,5.0,4.159272843903788,10.43876859589085,923111.9708813773,3.398943865032672,3.200000000000001,2.394020512,1.3,1.1336000000000002,1.3184772496109867,7403160.100112717,3.103560372440178e-05,1.016242534700492,3.153970059484609e-05
Djibouti,2902.5462446952693,872932.0,0.7734300000000001,3.0,0.2,1.5,0.06,0.8,0.05,0.6,0.25,0.2605986206727131,20.0,0.10193764365749666,1.1894982984017932,3.5261110931199227,3078055.208739361,4.799977977137661e-07,0.41900543755387326,0.9887176272580545,0.19268074000000002,14512.731223476347,70.52222186239844,67.97345973514726,83.8860629048367,70.52222186239845,9.599955954275323e-06,0.020812359620587417,5.0,3.8617493754716556,19.77435254516109,55689.977122722186,3.3691121670879673,2.4000000000000004,0.6477454237224755,1.790240136930322,1.6183770837850109,5.107184310067748,4458224.614156059,0.0017595531231937142,0.690421742988388,0.001214833734196066
Dominican Republic,11795.470579020399,10403761.0,0.7898000000000001,3.0,0.2,1.5,0.06,0.8,0.05,0.6,0.5083333333333333,0.3771503990888722,20.0,0.143410012884762,1.2996005693521007,70.5666121932298,734158167.8380488,1.0608982346771074e-06,11.037331678902536,21.284976939591523,0.9751257200000001,58977.352895102,1411.3322438645962,1500.0921669003887,1834.168187671407,1411.332243864596,2.1217964693542148e-05,0.16838277771466487,5.0,91.6235180208119,425.6995387918305,156376.2176510504,3.169080165710599,3.2000000000000006,0.7596875489201063,1.5489973692170464,1.3507257059572644,92.46876126127033,962022892.1283151,0.007839344826626642,0.7631400186474214,0.005982517757175422
Ecuador,10540.657366653302,15737878.0,0.63742,3.0,0.2,1.5,0.06,0.8,0.05,0.8,0.4583333333333333,0.25747347179967145,20.0,0.19552760747074657,1.186546082720012,59.5639717824389,937410521.107466,9.750664976630607e-07,15.345477582108531,17.688929946839668,0.8017432600000002,52703.28683326651,1191.279435648778,1127.9865945387508,1413.5079477939646,1191.279435648778,1.950132995326121e-05,0.044521781202443156,5.0,68.25724568157982,353.7785989367934,204694.04659394413,3.3369563579688992,2.4000000000000004,1.0540490673628646,3.4056850967093406,3.078739327425243,71.80034525076545,1129985073.914426,0.006811752128279483,0.8295777906695219,0.005650878281166507
"Egypt, Arab Rep.",10733.488722812801,82056378.0,0.43135,3.0,0.2,1.5,0.06,0.8,0.05,0.6666666666666667,0.4583333333333333,0.4927783418827425,20.0,0.1184502890119491,1.408830126034286,3.971644143418442,325898733.11382985,8.097129271686175e-08,6.644211002323455,1.4136718697188169,0.042767454999999996,53667.443614063995,79.43288286836884,95.52905315851281,111.90743838271072,79.43288286836884,1.6194258543372352e-06,0.007258056124703779,5.0,11.895052170178408,28.273437394376337,108907.87815271773,3.3894606209463416,2.4000000000000004,0.5815254473033205,2.9000000000000004,2.6216,6.126718476266229,502736327.1880857,0.0005708040167075026,0.6482498190187544,0.00037002360052581666
El Salvador,7515.082656377622,6340454.0,0.6672600000000001,3.0,0.2,1.5,0.06,0.8,0.05,0.6666666666666667,0.5083333333333333,0.13424357530792413,20.0,0.1951788282528002,1.0701352339359869,56.88118400356825,360652530.6401603,1.549569882510078e-06,9.82497655984055,18.850683276969306,0.7763161399999998,37575.413281888104,1137.623680071365,958.456336424839,1217.4111830042884,1137.623680071365,3.099139765020155e-05,0.04526467621806629,5.0,118.0588189599364,377.0136655393861,279904.7417777624,3.332321931228675,2.4000000000000004,0.9714180189589343,2.4599999999999995,2.2238399999999996,68.69080511301668,435530890.0420471,0.009140392495180703,0.8280756632562668,0.0075689365778693635
Estonia,25253.7672011471,1317997.0,0.67538,3.0,0.2,1.5,0.06,0.8,0.05,0.0,0.4,0.2800603915970392,20.0,0.3957416174170001,1.2078831330615611,34.73553132396878,45781326.07839688,1.9054192944078585e-07,0.2511336913771674,7.201032121538564,1.6224853000000001,126268.8360057355,694.7106264793754,695.1389641351025,839.1292480830679,694.7106264793754,3.810838588815716e-06,0.054101559161733856,5.0,0.030358482805810216,144.02064243077126,450862.88455746917,3.296344259118909,0.0,2.0766337100000003,0.9381249647231473,0.9381249647231473,52.023313878628585,68566571.62209085,0.0020600219153150954,0.6676916315828604,0.001375459393733185
France,37216.8018998205,65939866.0,0.7951999999999999,3.0,0.2,1.5,0.06,0.8,0.05,0.7333333333333333,0.95,0.2234491797478895,20.0,0.43999073406,1.1544045583839209,33.98426069925994,2240917596.618267,7.395289329029911e-08,4.8764438738746225,20.210020600791594,2.6324213000000003,186084.00949910254,679.6852139851987,639.8987310206949,784.6317092906643,679.685213985199,1.4790578658059822e-06,0.019096781623413828,5.0,259.46743374586265,404.20041201583194,832780.0071096933,3.371936488177139,4.0,2.2638369500000004,1.5280000000000002,1.28352,36.1230176426422,2381946942.871463,0.0009706104715788711,0.9407924065331265,0.0009131429613629389
Gabon,18646.36981443209,1671711.0,0.8715600000000001,3.0,0.2,1.5,0.06,0.8,0.05,0.5333333333333333,0.5916666666666667,0.3299123735952057,20.0,0.13994045907514252,1.2549765065300778,75.36250724419523,125984332.34770082,8.806420741724057e-07,1.4721790424568266,26.01117098991265,0.5448309300000003,93231.84907216048,1507.250144883904,1589.381800103965,1891.5635212933555,1507.250144883904,1.7612841483448114e-05,0.08751115820631024,5.0,218.04169860886208,520.2234197982531,282595.7937138594,3.2798076061389643,0.8000000000000002,0.7619340052728403,2.0079620562531773,1.943707270453076,152.57008336563288,255053086.6332455,0.00818229418830604,0.49395337265163336,0.004041671810341627
Georgia,6930.29138015289,4487200.0,0.53641,3.0,0.2,1.5,0.06,0.8,0.05,0.6666666666666667,0.6166666666666667,0.3632651483124993,20.0,0.5676231992344137,1.28648367260485,26.054030975892328,116909647.79502407,8.370405004766036e-07,3.755968133738615,6.711856778930684,0.06708400400000002,34651.456900764446,521.0806195178466,540.8400711952023,670.3617091205299,521.0806195178466,1.674081000953207e-05,0.14085310438557966,5.0,4.715497653286205,134.23713557861367,95388.88346909486,3.204964096305066,2.4000000000000004,3.161153149785616,1.3442463,1.2151986552000003,32.858533763699675,147442812.7044732,0.0047412918102982815,0.792915203193741,0.003759442359163482
Germany,42883.686807951686,80651873.0,0.7530100000000001,3.0,0.2,1.5,0.06,0.8,0.05,0.8,0.9166666666666669,0.2730174463967501,20.0,0.4567786258393002,1.201229916171454,20.402123841227382,1645469500.9729428,3.4649761305386515e-08,2.7945681482823477,8.456802808061777,2.6259373000000004,214418.43403975843,408.04247682454775,394.7094608727044,490.15283023034385,408.0424768245477,6.929952261077302e-07,0.01179473106602702,5.0,73.6926868035961,169.13605616123556,785365.3195780197,3.382907666580311,3.200000000000001,2.439663482000001,1.262906775,1.1012547078,20.932079423664028,1688211411.3032644,0.00048811286952554436,0.9746821339767361,0.0004757548932906657
Ghana,3864.030788779499,25904598.0,0.54042,3.0,0.2,1.5,0.06,0.8,0.05,0.8,0.5416666666666667,0.4079350165763704,20.0,0.1439734587507087,1.3286816897071048,4.323052276618475,111986931.35878637,3.535162940435471e-07,9.157697483647881,1.3819023448298755,1.00622283,19320.153943897494,86.46104553236948,94.46839930817299,114.87920807179164,86.4610455323695,7.070325880870942e-06,0.016046010797014232,5.000000000000001,7.227238132978873,27.638046896597515,47360.861801086714,3.3769773429472005,3.2000000000000006,0.7809235453548176,3.4895954398094897,3.0429272235138747,5.777464347076668,149662891.37035355,0.0014951910745259747,0.7482611777268503,0.0011187934343514807
Greece,24305.059606893305,11027549.0,0.7800699999999999,3.0,0.2,1.5,0.06,0.8,0.05,0.8,0.4666666666666667,0.2367917503163358,20.0,0.513334475704,1.1670088046671074,110.144032519285,1214618715.6640089,5.950191997720944e-07,6.561603381427559,44.31506532624538,1.1212213000000002,121525.29803446654,2202.8806503857,2135.6734631823892,2570.7811146309164,2202.8806503857,1.1900383995441885e-05,0.1301752720677269,5.0,451.19365507638094,886.3013065249075,513215.9286466608,3.24405232216127,4.0,2.4828048920000003,1.01327721,0.8511528564000004,153.4341967576235,1692003123.0203345,0.0063128500501231895,0.7178584360387209,0.004531732663928393
Guatemala,7062.530674821691,15468203.0,0.51571,3.0,0.2,1.5,0.06,0.8,0.05,0.4666666666666667,0.5833333333333333,0.6475627728005022,20.0,0.12231358037263612,1.5550494079996444,9.70320739830813,150091181.788132,8.961500685343972e-07,13.861831178553969,3.7808807721621664,0.5924641500000001,35312.65337410846,194.06414796616264,262.21849465212193,301.77933840873663,194.06414796616264,1.7923001370687944e-05,0.15552403631045367,5.0,36.05677168662865,75.61761544324332,54531.62976215033,3.1727921261185847,1.6000000000000005,0.6973738925046964,0.9837106449697208,0.9207531636916586,36.189931086079234,559793200.595484,0.005124215773688364,0.26811897970263204,0.0013738995050174574
Guinea,1212.88813283302,11745189.0,0.37161,3.0,0.2,1.5,0.06,0.8,0.05,0.6,0.3333333333333333,0.3510694892836516,20.0,0.07561160098861491,1.274962872381474,2.9855017426871426,35065282.227689855,1.3775776393720038e-06,16.179909736598024,0.871843421373366,0.11444668999999998,6064.440664165099,59.710034853742854,62.70456155423815,76.12807754712591,59.710034853742854,2.7551552787440077e-05,0.02937007432855778,5.0,4.013352434579559,17.436868427467324,17274.188869387188,3.3547613192335524,2.4000000000000004,0.3409697610462441,3.4399999999999995,3.109759999999999,3.95930843154378,46502825.83777525,0.0032643640615856065,0.754046266994931,0.002461481534751038
Honduras,4445.2710541232,8097688.0,0.5473,3.0,0.2,1.5,0.06,0.8,0.05,0.33333333333333337,0.5666666666666667,0.3635926941047578,20.0,0.14959729478489833,1.286793093328051,31.244939782098538,253011773.93422198,2.8990915221923187e-06,23.47593863015847,8.429725699014696,0.5153441000000001,22226.355270615997,624.8987956419708,654.300994688203,804.1154542611054,624.8987956419708,5.7981830443846365e-05,0.1321413443094321,5.000000000000001,18.780054407391727,168.59451398029393,61129.81814813961,3.184207772080868,1.6000000000000005,0.8485946573259439,2.265503315887336,2.120511103670546,58.462130027574844,473408088.7787325,0.013151533239654406,0.5344475093083545,0.007028804183519331
Hungary,22706.611896434297,9893899.0,0.7122700000000001,3.0,0.2,1.5,0.06,0.8,0.05,0.8666666666666666,0.6666666666666667,0.22126941170098394,20.0,0.578906081025,1.1523454099490313,104.52242620222069,1034134328.0797255,4.5573730086875413e-07,4.509018825328066,31.841906538971838,0.9875987000000002,113533.05948217152,2090.448524044414,1903.1234986010904,2408.918761417308,2090.448524044414,9.114746017375084e-06,0.05958444191741315,5.0,131.04286796321935,636.8381307794366,513098.754181153,3.3262947005123413,4.0,3.11391687,2.4404200000000005,2.0499528000000002,106.0976137695196,1049719074.7766361,0.004672542704892952,0.9851534119257314,0.004603171388093978
India,5243.95705971261,1252139596.0,0.32747,3.0,0.2,1.5,0.06,0.8,0.05,0.8666666666666666,0.775,0.4525301642355351,20.0,0.13133630685720793,1.3708091209429167,4.7363395174713965,5930558249.925468,2.3654829829140607e-07,296.1914906570887,2.352339281580082,0.5969824000000001,26219.785298563045,94.72679034942793,108.72517369058725,129.85234820864326,94.72679034942792,4.7309659658281214e-06,0.018193485896036206,5.0,25.919611113545635,47.04678563160165,57940.41451989498,3.3741088232734753,3.2000000000000006,0.7072419912058224,2.789261795,2.43223628524,6.1119840966167605,7653057297.496136,0.0011655290131135669,0.7749266756261947,0.0009031995234779758
Indonesia,9254.42217970391,249865631.0,0.53742,3.0,0.2,1.5,0.06,0.8,0.05,0.6666666666666667,0.6083333333333334,0.30997681866727844,20.0,0.14541904240043538,1.2361441051712403,12.899448999893288,3223128963.910654,2.5473814748110266e-07,63.650307960136786,4.968154153131595,0.9006958700000001,46272.110898519546,257.9889799978657,260.6475163403758,318.91155682350274,257.98897999786567,5.0947629496220535e-06,0.0476493692546618,5.0,41.09904257950493,99.3630830626319,149276.03650319058,3.326848088063426,3.2000000000000006,0.7896164306802247,1.0904062,0.9508342063999999,15.430243793852648,3855487602.034826,0.0016673373544264143,0.8359847823682721,0.0013938686553746566
"Iran, Islamic Rep.",15090.047220074797,77447168.0,0.73375,3.0,0.2,1.5,0.06,0.8,0.05,0.6,0.4166666666666667,0.31799517747918205,20.0,0.16249401804577945,1.24371876019995,20.840961600544873,1614073454.3589478,2.5520217474584354e-07,19.764685701506703,7.201806103034414,1.1183238000000002,75450.236100374,416.8192320108974,427.8553863940731,518.4058984640886,416.8192320108974,5.104043494916871e-06,0.03034323884099893,5.0,53.4856099906728,144.03612206068826,237268.4916119944,3.3519787607954066,1.6000000000000005,0.902270160417895,1.7919354348252483,1.677251566996432,32.18956502141216,2492990650.0602307,0.0021331652944458182,0.6474446481858852,0.001381106453584813
Iraq,14471.473317625,33417476.0,0.69471,3.0,0.2,1.5,0.06,0.8,0.05,0.2,0.25,0.5840924714508963,20.0,0.1005147524121972,1.495091298295476,28.29501873638931,945548109.54284,3.758913653772164e-07,12.56134068110036,6.807558723168646,0.3258623199999999,72357.366588125,565.9003747277861,721.1906251352116,846.0727259576621,565.9003747277861,7.517827307544328e-06,0.042215144017429915,5.0,11.269073640922397,136.1511744633729,123879.98497633089,3.324041855384415,2.4000000000000004,0.5231225081653967,3.1,2.8023999999999996,44.52562369922722,1487933961.3539567,0.003076785806252282,0.6354772013419409,0.0019552272332858073
Ireland,44647.2359111421,4597558.0,0.63241,3.0,0.2,1.5,0.06,0.8,0.05,0.0,0.35,0.31125054927451323,20.0,0.5586647622964,1.2373473526406586,17.244165266728356,79281049.9753691,3.0690553280928323e-08,0.14110159876115827,4.1370466405816,2.591820500000001,223236.17955571055,344.8833053345671,344.0169531887619,426.7404448256866,344.8833053345671,6.138110656185664e-07,0.00913368123470542,5.0,0.0174411747073414,82.74093281163199,717223.4075603934,3.382158384380429,0.0,2.979472662,1.36521745,1.36521745,19.703202326412423,90586615.48141605,0.00044130844663320623,0.8751960712301222,0.00038623141869405014
Israel,30926.849094520792,8059500.0,0.9214,3.0,0.2,1.5,0.06,0.8,0.05,0.0,0.4,0.3584782813615938,20.0,0.2067616668679155,1.2819616916518886,13.909852108689751,112106453.06998505,5.2948672405868576e-08,0.4267398252550979,3.348288685269838,1.3494243000000004,154634.245472604,278.197042173795,289.68629298049115,356.63795079767,278.197042173795,1.0589734481173716e-06,0.005817402118253486,5.0,0.01411588821783162,66.96577370539676,431362.9402742695,3.3884606918265323,0.0,1.2660524097613446,2.9000000000000004,2.9000000000000004,19.5940526965351,157918267.70772466,0.0006335612346621666,0.7099017402943644,0.00044976622306971823
Italy,33923.5598171182,60233948.0,0.6896399999999999,3.0,0.2,1.5,0.06,0.8,0.05,0.8666666666666666,0.7166666666666667,0.2046119687179293,20.0,0.4324526098864999,1.1366097229815528,57.88087535451815,3486393636.2985272,1.4960497931249306e-07,9.011298544449783,30.84855852870964,0.833983,169617.799085591,1157.6175070903628,1064.2063980816984,1315.7593140525732,1157.617507090363,2.992099586249861e-06,0.027544346819726617,5.0,365.41825460331785,616.9711705741928,828973.007534178,3.3615571744325488,4.0,2.17101227,1.5280000000000002,1.28352,63.59234819108207,3830418194.139531,0.0018745776838842447,0.9101861623445309,0.0017062146681112997
Jamaica,8607.498562766183,2714734.0,0.54788,3.0,0.2,1.5,0.06,0.8,0.05,0.6,0.4083333333333333,0.3810091134726805,20.0,0.1847680910832793,1.3032457579745251,70.58219871156393,191611894.63703883,1.972706054555087e-06,5.355372198306549,20.88896180721408,1.5365522,43037.492813830904,1411.643974231279,1515.6496166658635,1839.719021187214,1411.643974231279,3.945412109110174e-05,0.18030774745201134,5.0,93.7098316229312,417.77923614428164,112956.59681619878,3.1797978719474953,3.200000000000001,1.0098997082994174,2.265503315887336,1.9755188914537567,107.18801052308392,290986936.5593737,0.0124528641790022,0.6584896796490444,0.008200082543944219
Japan,35614.31002268291,127338621.0,0.9349799999999999,3.0,0.2,1.5,0.06,0.8,0.05,0.8,0.8166666666666667,0.210442533555454,20.0,0.2654060082178879,1.1421176477705022,58.42169957561119,7439338660.434617,1.2937243549896947e-07,16.47410753185022,22.46238200279522,2.6617113999999997,178071.55011341456,1168.4339915122243,1059.408624314622,1334.4890819610403,1168.4339915122243,2.5874487099793894e-06,0.03563203789203034,5.000000000000001,174.167182409486,449.2476400559044,846176.6122317221,3.348991000325274,3.200000000000001,1.5703982083113497,1.1197530000000002,0.976424616,59.18147814171381,7536087815.307479,0.0016617331096410645,0.9871618859487882,0.0016403995904568176
Jordan,11404.738859536898,6460000.0,0.8367899999999999,3.0,0.2,1.5,0.06,0.8,0.05,0.4666666666666667,0.425,0.17572272222131016,20.0,0.21792139106393688,1.109319091396647,9.713349197662787,62748235.816901594,1.2889505262160087e-07,0.8326620399355417,2.9257909268922413,0.51691052,57023.69429768449,194.26698395325573,171.6916387260264,215.5040741273927,194.26698395325573,2.5779010524320172e-06,0.0053488658344699735,5.0,14.703383136478575,58.515818537844815,324509.5089402681,3.391064655560018,2.4000000000000004,1.1094292101061172,2.9000000000000004,2.6216,10.681602924952474,69003154.89519298,0.0009365933807436791,0.9093531435223244,0.0008516941349814658
Kazakhstan,22469.679019436495,17035275.0,0.53247,3.0,0.2,1.5,0.06,0.8,0.05,0.6,0.775,0.3305707553557686,20.0,0.265247958659118,1.2555984560873927,22.20534669488583,378274187.4177212,1.2914280936719945e-07,2.199983271842819,12.152398548586538,0.36739276000000015,112348.39509718251,444.10693389771654,469.2692313809261,557.6199805396789,444.10693389771654,2.582856187343989e-06,0.04919393448952493,5.0,154.6972218129781,243.0479709717308,339861.87004434294,3.324394827262853,3.200000000000001,1.4708869409197716,0.9381249647231472,0.8180449692385843,29.598346470417223,504215971.6688368,0.001317257200016714,0.7502225408800959,0.0009882360435891399
Kenya,2705.323218139811,44353691.0,0.25622,3.0,0.2,1.5,0.06,0.8,0.05,0.8,0.5083333333333333,0.4629602731517201,20.0,0.10210264577246544,1.380662069508237,2.4605198109467596,109133135.39411098,4.612906235324004e-07,20.459941777353414,0.80778325985425,1.3869030000000004,13526.616090699059,49.21039621893519,56.88525839644568,67.94292748495539,49.21039621893519,9.22581247064801e-06,0.0167823934957287,5.0,5.097996108575314,16.155665197085,29217.660510292102,3.3776194756112092,1.6000000000000003,0.4808967548396675,3.1,2.9015999999999993,4.416480537957912,195887213.088099,0.001632514927733736,0.5571223035626582,0.0009095104771394456
Kyrgyz Republic,3109.8128288413104,5719600.0,0.35707,3.0,0.2,1.5,0.06,0.8,0.05,0.6,0.4833333333333333,0.5202256666410198,20.0,0.4834045030336768,1.4347586260405798,9.307556288606662,53235498.94831467,1.2330954411519958e-06,7.052812685212956,3.630570351716341,0.056462076000000014,15549.064144206552,186.15112577213324,227.7733635646122,267.08193344873297,186.15112577213324,2.4661908823039916e-05,0.19064520366304494,5.0,33.302837150205974,72.61140703432682,29889.075340329455,3.1277172411284595,3.200000000000001,2.5761905488052017,1.2990320004270248,1.1327559043723656,14.550182538015525,83221224.0444336,0.0046787968726197575,0.6396865650508948,0.0029929635000170017
Lao PDR,4667.34005886512,6769727.0,0.38614,3.0,0.2,1.5,0.06,0.8,0.05,0.4,0.16666666666666666,0.2472988860728427,20.0,0.1491909166727706,1.1769345177166666,60.42467011397834,409058520.7366922,3.217296698583497e-06,21.780220327411566,15.325963166419873,1.0866188,23336.7002943256,1208.4934022795662,1148.5604847684951,1422.3175995756756,1208.4934022795662,6.434593397166998e-05,0.23170848782804285,5.0,32.762148521217775,306.5192633283976,94366.37853456283,3.0746774262785523,2.4000000000000004,0.6798494850070336,1.5999999999999996,1.4464,69.80160040890723,472537778.93139035,0.01495532777311275,0.8656631045707036,0.012946275469945251
Latvia,21832.570741566098,2012647.0,0.6738200000000001,3.0,0.2,1.5,0.06,0.8,0.05,0.0,0.35,0.2393699080806075,20.0,0.2706915442128,1.1694442975319261,75.9205841784487,152801335.98500222,4.677589401166321e-07,0.9414336275489193,17.374507985261857,0.75464347,109162.85370783051,1518.4116835689742,1428.280973297675,1775.6978846555885,1518.411683568974,9.355178802332643e-06,0.12018742712933987,5.0,0.07324834732403432,347.49015970523715,456042.5100345949,3.2008732448172754,0.0,1.6129453470000001,0.9381249647231472,0.9381249647231472,102.68579031969206,206670247.82955727,0.0047033302461351,0.7393484915691341,0.00347740012283147
Lesotho,2493.613734139731,2074465.0,0.27312,3.0,0.2,1.5,0.06,0.8,0.05,0.4,0.16666666666666666,0.1992120956582078,20.0,0.09296403474328559,1.1315086572166373,9.268488799800922,19227155.618079018,1.5193301354385718e-06,3.1517971894125774,2.326777860299937,0.48346453999999983,12468.068670698653,185.3697759960184,164.76099018797825,209.74750632580364,185.3697759960184,3.0386602708771438e-05,0.023904306452969856,5.0,1.5490410681733726,46.53555720599874,62586.905827698196,3.3582452337194697,1.6000000000000005,0.43964411385237795,3.2664034159574444,3.057353597336168,12.87264534251513,26703852.22046065,0.005162245124927517,0.7200143057767171,0.0037168903398739285
Liberia,849.8309242360939,4294077.0,0.4970100000000001,3.0,0.2,1.5,0.06,0.8,0.05,0.0,0.0,0.4725120712732518,20.0,0.13960573670102042,1.38968530947189,1.7338649219139142,7445349.482297335,1.4892486693164302e-06,6.394948458192289,0.4019326480591938,0.8479589000000001,4249.154621180471,34.67729843827828,40.153573739062196,48.19053221184784,34.67729843827828,2.9784973386328607e-05,0.02856592767622842,5.0,0.0016944883982258538,8.038652961183876,8992.690090922992,3.3438574912862205,0.0,0.6327566518796613,3.393739601658168,3.393739601658168,2.5103743685008197,10779740.837168895,0.002953969191880579,0.6906798219698872,0.0020402469155526098
Lithuania,24469.622500843605,2957689.0,0.66508,3.0,0.2,1.5,0.06,0.8,0.05,0.0,0.35,0.3129644244946807,20.0,0.374249463653,1.2389663888872968,41.44794677320982,122590136.24370816,1.9389873686014134e-07,0.5734921611251347,9.947979025159405,1.1529181000000002,122348.11250421804,828.9589354641964,828.1346175080552,1027.0522588079332,828.9589354641965,3.877974737202828e-06,0.04041946257445768,5.0,0.04193920331011331,198.95958050318808,390932.9717004224,3.3238300200811324,0.0,2.1850088100000002,1.5235872000000004,1.5235872000000004,50.50562631989256,149379935.4044567,0.0020640133013147773,0.8206599896551484,0.001693853134505074
"Macedonia, FYR",11608.9689707937,2107158.0,0.57104,3.0,0.2,1.5,0.06,0.8,0.05,0.6666666666666667,0.3333333333333333,0.2639321665831752,20.0,0.27604931554506407,1.1926473792656516,12.700042168614136,26760995.45593263,2.0419778225835467e-07,0.43027699046795015,3.7977371989636177,0.4474543100000001,58044.8448539685,254.0008433722827,244.45352195619847,302.9334401792182,254.00084337228276,4.0839556451670935e-06,0.033905451746363065,5.0,17.47482575625257,75.95474397927235,219923.34471924376,3.3488278784904657,2.4000000000000004,1.6238234677594412,1.1186880000000001,1.0112939520000002,17.377646562520933,36617446.97538848,0.001496915583652631,0.7308263591920914,0.0010939853660187568
Madagascar,1368.63241207592,22924851.0,0.35105,3.0,0.2,1.5,0.06,0.8,0.05,0.6,0.25,0.2940729838426214,20.0,0.10536618112691794,1.2211203247123867,14.989689053199392,343636388.08092713,5.837591083637099e-06,133.82590579130905,4.307270617134936,0.08429570999999998,6843.162060379601,299.7937810639878,298.138011554945,366.0842792796111,299.7937810639878,0.00011675182167274198,0.1508345513706693,5.0,18.199144618032733,86.14541234269872,23270.284712865177,3.1686570360445545,1.6000000000000005,0.5056417908701176,2.469788850858763,2.3117223644038014,20.11112915253787,461044639.26368695,0.014694324769083634,0.7453429859410857,0.01095231189977685
Malawi,754.9819752679712,16362567.0,0.16272000000000006,3.0,0.2,1.5,0.06,0.8,0.05,0.8,0.3333333333333333,0.25307656921941635,20.0,0.04933675703981355,1.1823924870751237,3.8744424684283265,63395824.47730388,3.7846909695042193e-06,61.927259562807755,1.2310724504767792,0.46702703999999984,3774.9098763398565,77.48884936856653,73.88682670257468,91.62223332548902,77.48884936856653,7.569381939008438e-05,0.06615615303730948,5.000000000000001,6.886042386621256,24.62144900953559,14916.07811810909,3.3072392950713705,3.2000000000000006,0.23711056138909892,2.469788850858763,2.153655877948841,5.342054439967682,87409723.69161867,0.007075737719528454,0.725271992632813,0.005131834395189557
Malaysia,22589.371447496604,29716965.0,0.74705,3.0,0.2,1.5,0.06,0.8,0.05,0.8,0.7666666666666666,0.2505940745612133,20.0,0.10375812645276378,1.1800473637041682,31.48871944278657,935749173.576108,1.7498414261635788e-07,5.199997641685315,12.805822218156786,1.9590879000000003,112946.85723748303,629.7743888557312,597.963479347052,743.1636072976096,629.7743888557314,3.4996828523271573e-06,0.03826592751478547,5.0,110.9163164125781,256.1164443631356,450716.3923777983,3.3469939228408,4.0,0.5739743083467219,1.2867681875253631,1.0808852775213054,40.41325740937308,1200959355.9703305,0.0017890385973467072,0.7791680617035183,0.001393961736207415
Mali,1589.1673480781,15301650.0,0.39916,3.0,0.2,1.5,0.06,0.8,0.05,0.6,0.3333333333333333,0.6438448659589122,20.0,0.05621788720452166,1.5515372351953896,1.8884576389812582,28896517.831517573,9.95689982961886e-07,15.235699627788746,0.9532323919610719,0.25527268000000003,7945.836740390501,37.76915277962516,51.45867453223734,58.60024687937187,37.769152779625166,1.9913799659237726e-05,0.1305497059966136,5.0,11.923075492086895,19.064647839221436,12341.228703526813,3.2108135549142953,2.4000000000000004,0.26214750659915786,1.0492645999999999,0.9485351983999999,4.291911405286836,65673326.15470731,0.002700729668576043,0.4400038725531543,0.0011883315128926558
Mauritania,2945.2295694967197,3889880.0,0.59859,3.0,0.2,1.5,0.06,0.8,0.05,0.6666666666666667,0.3333333333333333,0.2381059708580064,20.0,0.09479036337979467,1.1682503015205559,9.434740423894828,36700008.08010002,2.1853286531830423e-06,8.500666221443653,3.4265828319999203,0.374159,14726.1478474836,188.69480847789652,187.3047340609813,220.44276689966622,188.69480847789654,4.3706573063660854e-05,0.1322688711770519,5.000000000000001,35.393623801313566,68.53165663999842,61847.03304339011,3.2244801401827434,2.4000000000000004,0.4572109402054886,0.9864441500000001,0.8917455116000002,23.766545461071992,92449009.85811472,0.00806950524577723,0.396975674876616,0.003203397290862809
Mauritius,17145.783120153603,1258653.0,0.39671,3.0,0.2,1.5,0.06,0.8,0.05,0.7333333333333333,0.7416666666666667,0.29481279169257346,20.0,0.15384682005924524,1.2218191945662276,47.5297655986684,59823482.06006076,3.358239933474053e-07,0.42268587669869173,17.987512033466633,1.3986304,68583.13248061441,950.5953119733679,940.1537048231652,1161.4555984337321,950.5953119733678,6.7164798669481064e-06,0.06513146887974729,4.0,138.44834705876565,359.7502406693327,232632.8246710947,2.6253890023377138,2.4000000000000004,0.6522007157258096,1.2000000000000002,1.056,51.29444840771397,64561911.37171441,0.002991665533633231,0.9266064276757207,0.002772096512920467
Mexico,16290.812821426902,122332399.0,0.79246,3.0,0.2,1.5,0.06,0.8,0.05,0.5333333333333333,0.7666666666666666,0.3682630449767729,20.0,0.2773678298979638,1.2912050057341198,7.062870652664992,864017910.7672042,7.010994838587451e-08,8.576718179810207,2.4011682327286183,0.4018210500000001,81454.06410713449,141.25741305329984,149.27269826752448,182.39227883147294,141.25741305329984,1.4021989677174905e-06,0.010661098077965914,5.0,14.903784090623908,48.023364654572376,221184.4637092814,3.3821228253283473,3.2000000000000006,1.593280675690087,1.9884844,1.7339583967999996,9.918238964208863,1213321966.3469453,0.0006088240699177177,0.7121093450311284,0.00043354930966829186
Moldova,4521.084844788112,3558566.0,0.44995,3.0,0.2,1.5,0.06,0.8,0.05,0.6,0.375,0.25670477375728673,20.0,0.3535010514256024,1.1858199213409946,23.422572347707536,83350769.58909224,1.2551394520807974e-06,4.466496579433355,7.519425992373064,0.22489096300000005,22605.424223940558,468.45144695415075,448.77142036755953,555.4990579792461,468.45144695415075,2.5102789041615945e-05,0.06779628079689201,5.0,43.66088223577462,150.38851984746125,88060.00719454439,3.296053633998028,2.4000000000000004,1.8386286207556313,2.3612332645454366,2.1345548711490743,25.961125077222714,92384377.02155213,0.005742233549797367,0.9022171526864062,0.005180741603358535
Mongolia,9132.30570379131,2839073.0,0.7204,3.0,0.2,1.5,0.06,0.8,0.05,0.5333333333333333,0.5666666666666667,0.20767487925071607,20.0,0.22547705134707596,1.139503144342944,20.02633676473039,56856231.997653425,4.911560372709229e-07,1.394427844202871,8.37074585302722,1.3354083000000003,45661.52851895655,400.52673529460776,375.67768327192215,456.4014742616197,400.52673529460776,9.823120745418456e-06,0.07119370083443598,5.0,86.69112607084696,167.4149170605444,219870.2543307202,3.2923706585661647,2.4000000000000004,1.2044140125403597,0.9381249647231471,0.848064968109725,29.164350272715378,82799719.42180887,0.0031935363552938983,0.6866717954442474,0.002192911342906139
Montenegro,14151.5411049103,621383.0,0.64026,3.0,0.2,1.5,0.06,0.8,0.05,0.0,0.175,0.3648966623915853,20.0,0.2839455441019487,1.288024905245277,12.510765491001136,7773976.99309476,1.4368026194456426e-07,0.08928047220789918,2.866268118826248,0.18652423000000004,70757.70552455151,250.2153098200227,264.970272106368,322.2835507218524,250.21530982002272,2.873605238891286e-06,0.014634919249850902,5.0,0.012083761040582197,57.32536237652497,193911.6270913395,3.3711879378779006,0.0,1.626422942481811,2.4639299046,2.4639299046,16.458816587918985,10227228.827850863,0.0011630405809447924,0.7601254576337052,0.0008840567538372307
Morocco,6967.259245878558,33008150.0,0.60195,3.0,0.2,1.5,0.06,0.8,0.05,0.8666666666666666,0.75,0.26925696721882303,20.0,0.1511730525495105,1.1976775268130286,8.090388451030627,267048755.54988658,2.9740841221598326e-07,9.816901481687008,5.096161138564105,0.7416095300000002,34836.296229392785,161.8077690206125,160.7383235608727,193.793528619741,161.80776902061254,5.948168244319665e-06,0.028931449229703612,5.0,68.86801771241383,101.9232227712821,129379.36792952738,3.3598264091637593,3.200000000000001,0.8425945804288726,1.54261125,1.34515701,11.768294288386883,388449623.1152175,0.001689085172960709,0.6874733289950384,0.001161201006811459
Nepal,2172.7903916176197,27797457.0,0.18615,3.0,0.2,1.5,0.06,0.8,0.05,0.6,0.3333333333333333,0.2701993002713125,20.0,0.3575430426724108,1.1985677149378307,10.24484677439193,284780687.6827483,1.9990840224935054e-06,55.56945215465024,3.3725050984078964,0.5644895100000001,10863.9519580881,204.89693548783856,204.63070965589463,245.5828517654228,204.89693548783856,3.9981680449870104e-05,0.06389354584357994,5.0,26.4979598586298,67.45010196815792,40207.18020801455,3.3038322353150344,1.6000000000000003,1.6879188837680692,2.2950635000000004,2.1481794360000004,13.776173916505204,382942602.068575,0.006340314265771853,0.7436641578775077,0.004715064469133974
Netherlands,45021.1574077338,16804432.0,0.90496,3.0,0.2,1.5,0.06,0.8,0.05,0.8,0.9166666666666669,0.25251989485705195,20.0,0.40159123370000005,1.1818666168369425,29.257155035529834,491649872.3080187,4.586695298682916e-08,0.7707680925143675,12.940247013540482,2.997063700000001,225105.78703866896,585.1431007105966,558.1754944251236,691.5610968023112,585.1431007105966,9.173390597365831e-07,0.015113369438378243,5.0,125.41933789362217,258.80494027080965,891437.8297444574,3.3805727881715524,4.0,2.0635005500000005,1.3390288000000004,1.1247841920000001,29.807560228009216,500899118.93748534,0.0006620789411977407,0.9815347117218208,0.0006498534626856127
Niger,886.809611289333,17831270.0,0.18732,3.0,0.2,1.5,0.06,0.8,0.05,0.6666666666666667,0.3333333333333333,0.23359231685535525,20.0,0.06337904468600265,1.1639864150082335,1.9572699266623015,34900608.52519571,1.8037506346523645e-06,32.163164579157666,0.9332025724383837,0.07447347300000001,4434.048056446665,39.14539853324603,38.41906646835848,45.56471210278162,39.14539853324603,3.607501269304728e-05,0.08237361526116456,5.0,11.518405814344542,18.664051448767676,18981.994425751218,3.276177313483223,2.4000000000000004,0.3144955260908998,1.1159941999999998,1.0088587567999998,3.241122306023187,57793326.94172207,0.003654811883816773,0.6038864756892945,0.0022070914678254624
Nigeria,5422.6933427295,173615345.0,0.47776,3.0,0.2,1.5,0.06,0.8,0.05,0.8,0.5916666666666667,0.8736444729486806,20.0,0.03994769830643513,1.7686206545724874,2.897414467290159,503035612.3465723,1.892940054400982e-07,32.864344060914526,0.9912104801167485,1.4320898400000004,27113.466713647504,57.948289345803175,88.78783023359131,102.4885414341303,57.948289345803175,3.7858801088019647e-06,0.016279912247472522,5.0,6.123498401795972,19.824209602334975,31034.89755064265,3.375968437756186,3.200000000000001,0.17876533586095716,3.393739601658168,2.9593409326459224,5.143159556957527,892931420.8712282,0.0009484511167966452,0.5633530197154034,0.0005343128006998368
Pakistan,4454.074828784341,182142594.0,0.38758000000000004,3.0,0.2,1.5,0.06,0.8,0.05,0.7333333333333333,0.5416666666666667,0.3767173581299691,20.0,0.1323410469488273,1.2991914911412175,10.313555275748021,1878537711.2871299,6.492158528233658e-07,118.24985949917007,4.4127389784439615,0.07776295999999999,22270.374143921705,206.27110551496045,223.78097088038282,267.98566515332885,206.27110551496045,1.2984317056467314e-05,0.03585021400385471,5.000000000000001,44.050085295933144,88.25477956887924,59116.93120399919,3.346641031018894,2.4000000000000004,0.6243019703125059,2.7835762,2.5163528848000003,13.13097376264042,2391709622.873266,0.00294808108695926,0.7854372007879282,0.002315532556637114
Panama,18793.3933318045,3864170.0,0.66592,3.0,0.2,1.5,0.06,0.8,0.05,0.6666666666666667,0.7166666666666667,0.5402427160644628,20.0,0.2073249687709104,1.453668012316749,12.788533600806131,49417067.88422703,1.2518781214173196e-07,0.48374698804371646,3.96406731675306,0.6475884,93966.9666590225,255.7706720161226,311.1065654546062,371.8056443985961,255.77067201612266,2.5037562428346395e-06,0.011938645283621561,5.0,18.582267391071277,79.28134633506119,173934.72205150497,3.3823691866618084,2.4000000000000004,0.9852082957083064,3.4056850967093406,3.078739327425243,21.94611849407675,84803532.70125656,0.001167757099881309,0.5827241662008593,0.0006804802823534693
Paraguay,7833.074001567578,6802295.0,0.5966600000000001,3.0,0.2,1.5,0.06,0.8,0.05,0.8,0.6666666666666667,0.3682732130696673,20.0,0.1985925958691512,1.291214611165578,8.065656993607778,54864978.239333205,2.604303693288427e-07,1.7715241991337405,3.0887196911345085,0.6124261699999999,39165.3700078379,161.31313987215555,171.08665564446628,208.2898831759238,161.31313987215552,5.208607386576855e-06,0.023790371044120073,5.0,24.571166291232675,61.77439382269017,106348.67977875126,3.3663364054557077,3.2000000000000006,1.0146250505592818,2.1879479,1.9078905688,12.28462020702107,83563610.61111839,0.0015683013086002552,0.6565654336629785,0.0010296924287953432
Peru,11396.493020613105,30375603.0,0.78609,3.0,0.2,1.5,0.06,0.8,0.05,0.6,0.7666666666666666,0.27019867536419195,20.0,0.15777175943735086,1.1985671246105611,50.77364211669801,1542279995.8008986,1.2041480536217003e-06,36.57672323003548,23.379971915813456,0.53799744,56982.465103065515,1015.4728423339603,999.3536501428364,1217.1123647563284,1015.4728423339602,2.4082961072434005e-05,0.15260821691413,5.0,249.84072370277696,467.5994383162691,210890.9861466224,3.187573717090775,2.4000000000000004,0.8072026833597878,1.1566920000000003,1.0456495680000002,99.67835172483407,3027790039.687925,0.00874640571836823,0.5093748164783122,0.004455198807638677
Philippines,6326.2164238939795,98393574.0,0.4437300000000001,3.0,0.2,1.5,0.06,0.8,0.05,0.7333333333333333,0.6333333333333333,0.27365718828027585,20.0,0.2470249903665975,1.2018342573076888,35.3254755587991,3475799793.479891,1.2155209117400292e-06,119.59944677784,11.399607490512949,0.9228516000000003,31631.082119469887,706.5095111759822,683.3621016370471,849.1073336450047,706.509511175982,2.4310418234800582e-05,0.0344944533943571,5.000000000000001,62.24691780230128,227.99214981025898,115586.52019428698,3.358692403091116,2.4000000000000004,1.1936549988969143,4.950000000000001,4.4748,41.61638684182333,4094785038.33357,0.006578400745924398,0.8488357168791493,0.005583981513085067
Poland,22835.220460808807,38514479.0,0.60539,3.0,0.2,1.5,0.06,0.8,0.05,0.6,0.7916666666666667,0.4132026319993685,20.0,0.516368024197,1.3336578164419033,9.407869991923988,362339211.2386867,5.4304936768594224e-08,2.0915263467703498,5.314057761733902,0.9542203000000004,114176.10230404403,188.15739983847973,212.48611206332322,250.93758701597304,188.15739983847976,1.0860987353718843e-06,0.027703554340742814,5.0,67.82968028202816,106.28115523467802,276319.88148666616,3.3565875997423587,4.0,2.6425080299999997,0.9381249647231473,0.7880249703674438,12.75118315930236,491105176.0141044,0.0005583998271961821,0.7378036904019116,0.0004119894532251329
Romania,18184.1097333037,19981358.0,0.5456399999999999,3.0,0.2,1.5,0.06,0.8,0.05,0.6,0.6916666666666667,0.2677480378213938,20.0,0.4337320243547999,1.1962520955101494,33.78771147622378,675124359.0071359,2.3153656892467756e-07,4.626415073775657,14.818056852787633,0.4879322800000001,90920.54866651852,675.7542295244756,663.8113195372123,808.3724131185004,675.7542295244757,4.630731378493551e-06,0.03199214935448233,5.0,151.80004347446442,296.3611370557527,339575.03258032724,3.349597171205834,3.200000000000001,2.250795228,2.0033452,1.7469170143999997,38.62744973261052,771828901.7342951,0.0021242420057477657,0.8747072796705788,0.0018580899462096023
Russian Federation,23564.207736364595,143499861.0,0.7400800000000001,3.0,0.2,1.5,0.06,0.8,0.05,0.0,0.25,0.3491630039272151,20.0,0.274995287955646,1.2731618842701848,18.372265719581907,2636417577.015068,1.2958063066755004e-07,18.59480248908576,3.9098192507277827,0.6139418299999998,117821.03868182295,367.44531439163814,389.6374670403047,467.8173688371085,367.44531439163814,2.5916126133510005e-06,0.03369092358244596,5.0,0.016483217751802594,78.19638501455566,337438.4953635678,3.334882393772858,0.0,1.5812739602934311,1.177738723892307,1.177738723892307,31.89829352220892,4577400686.574181,0.0013536756202069571,0.5759639056174077,0.0007796682971534658
Rwanda,1426.3662876262308,11776522.0,0.28811,3.0,0.2,1.5,0.06,0.8,0.05,0.8,0.4833333333333333,0.7125778172498791,20.0,0.04142119441756557,1.6164667809225368,2.7305615007411466,32156517.585831128,1.0240552028108714e-06,12.059808625116691,0.867863485875086,0.8919174000000001,7131.831438131154,54.61123001482294,74.9479512544343,88.27723918428106,54.61123001482292,2.0481104056217428e-05,0.041449138101195424,5.000000000000001,4.027981787654976,17.35726971750172,10008.4948836265,3.3354033187047007,3.2000000000000006,0.21769916722712848,3.4299999999999993,2.990959999999999,3.753553294608348,44203802.952127695,0.0026315493622995245,0.7274604318695461,0.0019143480355844407
Senegal,2170.0772069901705,14133280.0,0.43721000000000004,3.0,0.2,1.5,0.06,0.8,0.05,0.6666666666666667,0.5083333333333333,0.2262101120163632,20.0,0.21593864883624156,1.1570127117457127,2.392209043170939,33809760.225666955,3.563424510811457e-07,5.036287637016134,0.7838049615290891,0.20920872000000004,10850.386034950852,47.84418086341878,44.01230560887784,55.35632544203649,47.844180863418785,7.126849021622911e-06,0.007886301985431337,5.000000000000001,4.3320793974231355,15.676099230581782,47965.96375924157,3.387167821240356,2.4000000000000004,1.005466848614573,3.4399999999999995,3.109759999999999,2.4510480792750466,34641348.79785643,0.001129475058020896,0.9759943362181983,0.0011023612595281154
Serbia,12892.4963006621,7164132.0,0.5555300000000001,3.0,0.2,1.5,0.06,0.8,0.05,0.6,0.5083333333333333,0.2201204533701086,20.0,0.30099355783628085,1.1512600303591554,90.17004346655152,645990093.8401127,1.0423711904376016e-06,7.467684801292116,30.579884669011197,0.18691455,64462.4815033105,1803.4008693310307,1681.4261291542587,2076.1833395757694,1803.4008693310307,2.0847423808752034e-05,0.0723762411513181,5.0,216.84048295871324,611.5976933802241,292850.93918520986,3.292825228987439,1.6000000000000003,1.545702563895116,2.4653948863000004,2.3076096135768003,103.82444995768049,743812064.3242174,0.008053091312684614,0.8684856361223721,0.006993994131448446
Sierra Leone,1494.6485483389602,6092075.0,0.39942,3.0,0.2,1.5,0.06,0.8,0.05,0.7333333333333333,0.3333333333333333,0.4068659912801502,20.0,0.05835395913457328,1.3276718199786748,4.7643854271547195,29024993.35113359,1.5548676402396608e-06,9.472370279413035,1.4762932763524563,0.8963541500000003,7473.242741694801,95.28770854309441,104.63278132092091,126.51080542300767,95.28770854309441,3.1097352804793224e-05,0.04549254311350204,5.0,7.647841424962366,29.525865527049124,18367.82356318656,3.332970545414862,3.200000000000001,0.2719989099872375,3.3937396016581687,2.9593409326459224,6.113292381799179,37242635.68684924,0.004090120308612371,0.7793485293357638,0.003187629247323392
Slovak Republic,25758.862634894904,5413393.0,0.53598,3.0,0.2,1.5,0.06,0.8,0.05,0.7333333333333333,0.625,0.305901886041796,20.0,0.4336790136506001,1.2322946629565266,41.807858687716994,226322369.56507638,1.6465660493419977e-07,0.8913509125545624,18.58358396852456,1.9661138000000002,128794.3131744745,836.1571737543401,842.1249571750601,1030.3920226102862,836.1571737543401,3.2931320986839952e-06,0.024785364793801945,5.0,183.4046139352651,371.6716793704913,421031.44521599024,3.3622859018029057,3.200000000000001,2.1848708020000007,2.4657329058,2.1501190938576,46.317765435712246,250736267.18532664,0.001798129292128244,0.9026311674241955,0.0016230475421333591
Slovenia,27368.172025911797,2059953.0,0.4965,3.0,0.2,1.5,0.06,0.8,0.05,0.8666666666666666,0.6916666666666667,0.2213378830398852,20.0,0.39774827918599986,1.152410092358948,63.163128373275484,130113075.78191397,2.131789465223656e-07,0.43913861042558666,27.921548852901996,1.6097972000000005,136840.860129559,1263.2625674655096,1175.5327820005045,1455.7965320465298,1263.2625674655096,4.263578930447313e-06,0.029324099508109096,5.0,278.16722701201456,558.43097705804,618244.1896080673,3.360794784718653,4.0,2.12963492,2.0721163523809945,1.7405777360000352,65.66844214236393,135273904.396489,0.0023994456801934004,0.961849045182812,0.002307904536462045
South Africa,12454.190922007301,53157490.0,0.6480100000000001,3.0,0.2,1.5,0.06,0.8,0.05,0.7333333333333333,0.7166666666666667,0.41221819094326817,20.0,0.1340021435282178,1.332727850401348,9.539914729727602,507117921.8463477,1.5518766009232684e-07,8.249386489481262,2.5267767293000927,1.2465751,62270.954610036504,190.798294594552,206.99276963799596,254.2822010152404,190.79829459455203,3.1037532018465364e-06,0.010581550616599652,5.0,3.2461032087574133,50.53553458600185,151063.0922607843,3.383929695568562,2.4000000000000004,1.2208765242064288,3.2664034159574444,2.9528286880255297,14.675130460142832,780093100.683738,0.0011783286888762078,0.650073589167585,0.0007660003599968909
Spain,31682.644741177108,46617825.0,0.7957899999999999,3.0,0.2,1.5,0.06,0.8,0.05,0.8,0.7166666666666667,0.18299929671374224,20.0,0.4736918307142002,1.1161930094718842,10.20436411062754,475705260.3455153,2.593200175914732e-08,1.2088935199076216,3.547197205001607,1.9003431999999998,158413.22370588552,204.08728221255078,179.44267506742491,227.80079772776483,204.08728221255078,5.186400351829465e-07,0.014084557569217022,5.0,22.5858214396923,70.94394410003214,865649.3579518199,3.3797971460907026,3.2000000000000006,2.428941752000001,0.505,0.4403600000000001,9.952053980355085,463943110.8467468,0.0003141168946486548,1.02535256850199,0.0003220805647378672
Sri Lanka,9425.737382585941,20483000.0,0.18356,3.0,0.2,1.5,0.06,0.8,0.05,0.6666666666666667,0.5083333333333333,0.33796080258900235,20.0,0.11314581076131175,1.2625795677775449,7.580439613877287,155270144.61104846,1.401829753717334e-07,2.8713678845392154,2.5685404186135274,1.5202540999999998,47128.686912929705,151.60879227754572,156.13014754450396,191.41816342505928,151.60879227754572,2.8036595074346678e-06,0.009403643444800635,5.0,16.08279249171518,51.37080837227054,139450.15679893328,3.3849654944995624,3.2000000000000006,0.5609047852922571,3.3955623065752247,2.9609303313335964,8.728439038404893,178784616.82364744,0.0009260218786204136,0.8684759761193908,0.0008042277549427756
Sudan,3264.7729779456295,37964306.0,0.33805999999999997,3.0,0.2,1.5,0.06,0.8,0.05,0.6666666666666667,0.3333333333333333,0.9487533644538988,20.0,0.0644439405620941,1.8395733215816272,2.7371893803502525,103915495.21556738,3.7956823822085057e-07,14.410044743697265,0.838870865019088,0.20784920700000004,16323.86488972815,54.74378760700504,87.85185470571702,100.70521120417742,54.74378760700504,7.59136476441701e-06,0.028699572077519185,5.0,3.924060801921378,16.77741730038176,17205.59367831506,3.354326778931267,2.4000000000000004,0.2772002499495938,3.1,2.8023999999999996,4.817719903650015,182901392.64445966,0.0014756676608741056,0.5681503771683561,0.000838401138100769
Swaziland,6470.88419034393,1249514.0,0.21308000000000005,3.0,0.2,1.5,0.06,0.8,0.05,0.6,0.4166666666666667,0.19038060692098574,20.0,0.13246692026191906,1.1231658676079854,15.770500297017968,19705460.90812811,6.540552002398191e-07,0.8172511294724571,4.707250429311382,1.03116431,32354.42095171964,315.4100059403594,281.144818932979,354.2577529742436,315.4100059403594,1.3081104004796382e-05,0.03335348228741854,5.0,21.032074544963066,94.14500858622765,169945.99121720312,3.3480171880270833,2.4000000000000004,0.7022204248412098,1.7379999999999993,1.5711519999999994,23.165449695881282,28945553.711299405,0.003579951211373794,0.6807767819772519,0.002437147665314616
Sweden,43540.494391932596,9600379.0,0.85815,3.0,0.2,1.5,0.06,0.8,0.05,0.7333333333333333,0.9166666666666669,0.357367643802592,20.0,0.4245526545240001,1.2809125123162275,2.2364926143865373,21471176.72881161,4.014614668364813e-09,0.03854182235526151,1.059813910232644,3.2727563,217702.47195966294,44.729852287730736,47.235807862996715,57.29502746941093,44.729852287730736,8.029229336729626e-08,0.00167421487860721,5.0,11.137058598238667,21.19627820465288,609183.4997796293,3.397469923370528,3.2000000000000006,2.1755693700000007,1.3434757500000003,1.171510854,2.481841746669032,23826621.386044696,5.700077092208857e-05,0.9011423139240097,5.13658066041833e-05
Syrian Arab Republic,4959.392523364486,22845550.0,0.5765600000000001,3.0,0.2,1.5,0.06,0.8,0.05,0.6666666666666667,0.3333333333333333,0.270750756517352,20.0,0.12190363017660248,1.1990886558092937,9.150371645936783,209045272.95583105,4.835199215061182e-07,11.0462785427641,2.9380326636173653,0.26142410000000005,24796.962616822424,183.00743291873567,178.87288349447977,219.44213674163623,183.00743291873567,9.670398430122364e-06,0.020510780961189544,5.0,18.191400025190887,58.76065327234731,91585.94027874205,3.3681458528673653,2.4000000000000004,0.561261857341344,2.7000000000000006,2.4408000000000003,11.490278544290243,262501732.99750996,0.0023168721754040873,0.7963576871235895,0.0018450589669657981
Tajikistan,2431.6590685452597,8207834.0,0.26781999999999995,3.0,0.2,1.5,0.06,0.8,0.05,0.6,0.3333333333333333,0.3854263244630784,20.0,0.23553652654837773,1.3074185382436765,10.991238688857916,90214262.61252344,2.1004938123640214e-06,17.24050452991103,3.8277251471630014,0.01911630800000001,12158.295342726296,219.82477377715833,242.99553092886254,287.4029844014792,219.82477377715833,4.200987624728042e-05,0.25905044378716335,5.0,32.14704947064331,76.55450294326002,31545.05691759254,3.0488693466425203,2.4000000000000004,1.298608005545392,0.9381249647231472,0.8480649681097251,17.137598780152974,140662565.94609812,0.007047698010727114,0.6413523171978359,0.004520057450090414
Tanzania,2364.702756760789,49253126.0,0.31608,3.0,0.2,1.5,0.06,0.8,0.05,0.6666666666666667,0.3333333333333333,0.4132043671227497,20.0,0.07134070081938854,1.3336594555505232,2.2929125492940567,112933110.69736138,4.1955711289863444e-07,20.66449934579267,0.7412616948073251,0.7291935,11823.513783803946,45.85825098588114,50.91841867550315,61.15929004232949,45.858250985881135,8.39114225797269e-06,0.018974526232254575,5.0,4.584362529320155,14.8252338961465,28614.203344785947,3.3700750146530103,3.200000000000001,0.3426511145154076,2.4697888508587633,2.1536558779488413,3.2826915519647866,161682820.62805718,0.0013882047299938343,0.698485530241695,0.0009696409169137725
Thailand,13931.811471326702,67010502.0,0.50374,3.0,0.2,1.5,0.06,0.8,0.05,0.6666666666666667,0.7416666666666667,0.24033636299972685,20.0,0.5432394218730241,1.1703572727161073,32.645048031678606,2187561056.416896,4.5648350603459535e-07,30.589188894098267,24.470700991391322,2.2463159000000004,69659.05735663351,652.9009606335723,662.854351690959,764.1273876408342,652.9009606335723,9.129670120691907e-06,0.07565686729545362,5.0,388.14098387795116,489.41401982782656,289839.85813546105,3.291135166216136,3.200000000000001,2.563113159720107,1.14685118,1.0000542289599998,51.07624714728401,3422644961.615569,0.0036661597992769927,0.6391434346682324,0.002343201966152495
Togo,1345.9142762919696,6816982.0,0.39964,3.0,0.2,1.5,0.06,0.8,0.05,0.2,0.25,0.3708920312086315,20.0,0.09891467727852081,1.2936885144232038,2.7244373323657904,18572440.254865613,1.1671146437895815e-06,7.956199518649989,0.6713071335411658,0.21567677000000005,6729.571381459847,54.488746647315814,57.6075118565875,70.49146570294833,54.4887466473158,2.3342292875791633e-05,0.022815199064099127,5.0,0.5421888244624903,13.426142670823314,18144.28678753246,3.3581783599527655,0.8000000000000003,0.49077688355050775,3.4895954398094897,3.377928385735586,3.9211454664518746,26730378.064184032,0.002913369399167633,0.6948064935808289,0.0020242279767413492
Turkey,18567.1347101229,74932641.0,0.7339699999999999,3.0,0.2,1.5,0.06,0.8,0.05,0.8666666666666666,0.6916666666666667,0.4121669094199699,20.0,0.21439649646307532,1.3326794065916554,13.040397030631146,977151389.1937499,1.2287242376385353e-07,9.207155218696705,7.399092390181957,0.24380451000000003,92835.67355061452,260.80794061262293,292.1781425424533,347.5733715300221,260.80794061262293,2.45744847527707e-06,0.024366434335714372,5.0,92.58661881607043,147.98184780363917,225238.05630408166,3.3656521960112826,3.2000000000000006,1.1316335426747597,1.58415415,1.3813824187999997,21.149176452398258,1584763646.5532122,0.0011390651698599255,0.6165912445802305,0.0007023376107419231
Uganda,1620.57693909325,37578876.0,0.16101,3.0,0.2,1.5,0.06,0.8,0.05,0.6666666666666667,0.5916666666666667,0.5735745521051661,20.0,0.16069034817609448,1.4851553983772257,1.1710135405265172,44005372.633766964,4.674302842507449e-07,17.565504690503495,0.3889689990481962,0.9525079999999999,8102.88469546625,23.420270810530347,29.46655867905239,34.7827416257157,23.420270810530347,9.348605685014898e-06,0.024344409070586603,5.0,2.463197034300614,7.779379980963925,14126.994765940326,3.364488014968511,2.4000000000000004,1.05202686081066,2.2280823879343776,2.014186478692677,2.074877514203819,77971564.82145356,0.0012803326174471916,0.5643771897426261,0.0007225905245706667
Ukraine,8508.01478731021,45489600.0,0.69695,3.0,0.2,1.5,0.06,0.8,0.05,0.0,0.05,0.2458541924399426,20.0,0.32798375695518234,1.175569767629012,18.666679278048225,849139773.6867028,4.0717223557830954e-07,18.52210212756307,4.047201211115087,0.3375880200000001,42540.07393655105,373.3335855609647,357.95271460341684,438.8796764260091,373.3335855609646,8.14344471156619e-06,0.02489082768148961,5.0,0.017062399709590524,80.94402422230173,173029.68688216596,3.351316486358697,0.0,1.7315175357105017,2.3612332645454366,2.3612332645454366,21.742242452289386,989045912.2576632,0.0025555012533262354,0.8585443437589247,0.0021940111465120825
United Kingdom,36931.47422571949,64106779.0,0.8259200000000001,3.0,0.2,1.5,0.06,0.8,0.05,0.8,0.8916666666666666,0.3031281747480405,20.0,0.4789160524714002,1.2296744377094044,11.336062507445952,726718453.8950237,2.5752943127174685e-08,1.6509382336533562,3.914156333297423,2.3955073000000002,184657.37112859744,226.72125014891904,224.26601507213675,278.79332579364524,226.72125014891907,5.150588625434936e-07,0.007755616591287789,5.0,23.75581594443997,78.28312666594847,609172.57619515,3.3886171083161574,4.0,2.580613522,1.3465376,1.1310915840000002,12.430969461011522,796909411.9928148,0.0003365955386734726,0.9119210326274525,0.0003069485512049068
United States,51340.48762791171,316128839.0,0.8161700000000001,3.0,0.2,1.5,0.06,0.8,0.05,0.7333333333333333,0.9166666666666669,0.3187368533465751,20.0,0.17613583013,1.2444193947026463,68.4006302178375,21623411817.633286,1.1405286420014056e-07,36.0553995442151,19.833940453678917,2.8199179000000005,256702.43813955854,1368.0126043567498,1370.0172403060599,1702.3814170592175,1368.0126043567498,2.281057284002812e-06,0.016176145362921612,5.0,64.31463232042076,396.6788090735783,805374.199576589,3.386579249841085,3.200000000000001,1.2719917900000004,3.0418359876936707,2.652480981268881,90.2721329898578,28537624596.137344,0.0017583029916681304,0.7577158969482023,0.001332294128438525
Uruguay,18965.8165353822,3407062.0,0.95311,3.0,0.2,1.5,0.06,0.8,0.05,0.6666666666666667,0.6333333333333333,0.29188665397069,20.0,0.22060273026681634,1.2190549775575228,6.621871919586548,22561128.186090376,5.082439079081539e-08,0.17316185053653707,2.472687823360406,0.3518235900000001,94829.08267691103,132.43743839173095,131.4656810386398,161.44851848640735,132.43743839173092,1.0164878158163078e-06,0.005642949607130713,5.0,19.470919019440547,49.45375646720812,324883.2428166904,3.3912769150194606,2.4000000000000004,1.1129874499052308,2.3002296499999995,2.0794076035999995,9.032861382275007,30775518.76681665,0.0004762706296047683,0.7330868524762826,0.000349147736783857
Uzbekistan,5002.149120074171,30243200.0,0.36365,3.0,0.2,1.5,0.06,0.8,0.05,0.0,0.0,0.730183656731034,20.0,0.2447220811116502,1.6330983839336926,3.7860816441592036,114503224.38063562,3.3178181689107717e-07,10.034143844600225,0.790703217289194,0.043341896,25010.74560037085,75.72163288318407,107.85014543198969,123.66087629034826,75.72163288318406,6.635636337821544e-06,0.07784486423529201,5.0,0.003333487425333694,15.814064345783883,34252.67789797117,3.260486626466725,0.0,1.3743181794265147,0.9381249647231472,0.9381249647231472,7.98659718274072,241540255.91706413,0.0015966331652708299,0.4740544136044624,0.0007568909989038999
"Venezuela, RB",17614.5982099448,30405207.0,0.8898999999999999,3.0,0.2,1.5,0.06,0.8,0.05,0.0,0.05,0.3131698078545005,20.0,0.12283373305356188,1.239160407156592,35.34331567206109,1074620829.0753617,3.1316808095290525e-07,9.52194032716584,8.452408060846393,0.7923334099999999,88072.99104972405,706.8663134412219,706.9082216502401,875.9207487691036,706.8663134412219,6.263361619058104e-06,0.018649611388360184,5.0,0.03563409806427464,169.04816121692784,281230.7854741954,3.362899244613554,0.0,0.6315365329307383,3.4056850967093397,3.4056850967093397,49.81927420289076,1514765344.7286537,0.0028282946683827245,0.7094305615156933,0.0020064786747225976
Vietnam,5124.603519802271,89708900.0,0.3359300000000001,3.0,0.2,1.5,0.06,0.8,0.05,0.5333333333333333,0.5916666666666667,0.2697045509948559,20.0,0.2571587439018341,1.1981003430999304,29.30633735214949,2629039286.890243,1.335728242180035e-06,119.82671130490456,10.164210824432764,0.4507979200000001,25623.01759901135,586.1267470429898,568.6019846648754,702.2386567322523,586.1267470429898,2.671456484360071e-05,0.16304085812288743,5.0,69.6475444212787,203.28421648865535,95004.02386424715,3.166053542599636,3.2000000000000006,1.2795413726614702,1.1689873,1.0193569256,33.34119558681033,2991001980.7776093,0.006506102463922277,0.8789827969979273,0.00571875214129351
"Yemen, Rep.",3832.2847399189595,24407381.0,0.34606000000000003,3.0,0.2,1.5,0.06,0.8,0.05,0.33333333333333337,0.16666666666666666,0.2191314756601725,20.0,0.08234295611188559,1.1503257787049728,9.553555252055846,233177262.94147804,6.46838695134358e-07,15.787638477687125,2.3624447600445513,0.06751696000000003,19161.4236995948,191.0711050411169,175.7942569441177,219.79401769444246,191.0711050411169,1.2936773902687163e-05,0.03762218676552872,5.0,3.249134450566297,47.24889520089102,87442.58962281709,3.3344314435909244,0.8000000000000003,0.429766663372969,1.5000000000000002,1.452,10.441227621419042,254843020.66369832,0.002724543798287765,0.9149839078747566,0.002492913731733272
Zambia,3799.5404355804794,14538640.0,0.40922,3.0,0.2,1.5,0.06,0.8,0.05,0.8666666666666666,0.5416666666666667,0.425750249346411,20.0,0.1253130060653878,1.3455110990232466,3.3878329552192143,49254483.716068275,4.4429184148900453e-07,6.459399138345702,1.1469203310223839,0.7345260500000002,18997.7021779024,67.75665910438428,75.90450994641544,91.16733685768358,67.75665910438428,8.885836829780091e-06,0.0215142824125193,5.0,7.675579709179541,22.938406620447676,44621.70534736422,3.372703203936178,3.200000000000001,0.6455436051217527,2.4697888508587633,2.1536558779488413,7.080119499570547,102935308.56123634,0.0018634146996487678,0.47849940321271517,0.0008916428217197363
